=== Run started: Mon Sep 21 18:40:25 IST 2026 ===
[gh-pages ad317b5] Auto-deploy: 2026-09-21T17:40:25Z
 Date: Tue Sep 15 08:43:09 2026 +0100
 4 files changed, 191 insertions(+)
 create mode 100644 SwiftScheduleParser.log
 create mode 100644 github-swiftschedule-deploy.log
 create mode 100644 index.html
 create mode 100644 logfile
To github-swiftsched:UCD-HEAP/Swift_Schedule.git
 + b5581ae...ad317b5 gh-pages -> gh-pages (forced update)
=== Run finished: Mon Sep 21 18:40:27 IST 2026 ===
=== Run started: Mon Sep 21 18:50:27 IST 2026 ===
[gh-pages f06b796] Auto-deploy: 2026-09-21T17:50:27Z
 Date: Tue Sep 15 08:43:09 2026 +0100
 4 files changed, 199 insertions(+)
 create mode 100644 SwiftScheduleParser.log
 create mode 100644 github-swiftschedule-deploy.log
 create mode 100644 index.html
 create mode 100644 logfile
To github-swiftsched:UCD-HEAP/Swift_Schedule.git
 + ad317b5...f06b796 gh-pages -> gh-pages (forced update)
=== Run finished: Mon Sep 21 18:50:28 IST 2026 ===
=== Run started: Mon Sep 21 19:00:28 IST 2026 ===
[gh-pages 98137aa] Auto-deploy: 2026-09-21T18:00:28Z
 Date: Tue Sep 15 08:43:09 2026 +0100
 4 files changed, 210 insertions(+)
 create mode 100644 SwiftScheduleParser.log
 create mode 100644 github-swiftschedule-deploy.log
 create mode 100644 index.html
 create mode 100644 logfile
To github-swiftsched:UCD-HEAP/Swift_Schedule.git
 + f06b796...98137aa gh-pages -> gh-pages (forced update)
=== Run finished: Mon Sep 21 19:00:29 IST 2026 ===
=== Run started: Mon Sep 21 19:10:28 IST 2026 ===
[gh-pages acb1a04] Auto-deploy: 2026-09-21T18:10:28Z
 Date: Tue Sep 15 08:43:09 2026 +0100
 4 files changed, 221 insertions(+)
 create mode 100644 SwiftScheduleParser.log
 create mode 100644 github-swiftschedule-deploy.log
 create mode 100644 index.html
 create mode 100644 logfile
To github-swiftsched:UCD-HEAP/Swift_Schedule.git
 + 98137aa...acb1a04 gh-pages -> gh-pages (forced update)
=== Run finished: Mon Sep 21 19:10:29 IST 2026 ===
=== Run started: Tue Sep 22 13:10:31 IST 2026 ===
[gh-pages 5ebfd00] Auto-deploy: 2026-09-22T12:10:32Z
 Date: Tue Sep 15 08:43:09 2026 +0100
 4 files changed, 3188 insertions(+)
 create mode 100644 SwiftScheduleParser.log
 create mode 100644 github-swiftschedule-deploy.log
 create mode 100644 index.html
 create mode 100644 logfile
To github-swiftsched:UCD-HEAP/Swift_Schedule.git
 + acb1a04...5ebfd00 gh-pages -> gh-pages (forced update)
=== Run finished: Tue Sep 22 13:10:33 IST 2026 ===
=== Run started: Tue Sep 22 13:20:25 IST 2026 ===
[gh-pages da51963] Auto-deploy: 2026-09-22T12:20:25Z
 Date: Tue Sep 15 08:43:09 2026 +0100
 4 files changed, 3199 insertions(+)
 create mode 100644 SwiftScheduleParser.log
 create mode 100644 github-swiftschedule-deploy.log
 create mode 100644 index.html
 create mode 100644 logfile
To github-swiftsched:UCD-HEAP/Swift_Schedule.git
 + 5ebfd00...da51963 gh-pages -> gh-pages (forced update)
=== Run finished: Tue Sep 22 13:20:27 IST 2026 ===
=== Run started: Tue Sep 22 13:30:26 IST 2026 ===
[gh-pages 08519cd] Auto-deploy: 2026-09-22T12:30:26Z
 Date: Tue Sep 15 08:43:09 2026 +0100
 4 files changed, 3210 insertions(+)
 create mode 100644 SwiftScheduleParser.log
 create mode 100644 github-swiftschedule-deploy.log
 create mode 100644 index.html
 create mode 100644 logfile
To github-swiftsched:UCD-HEAP/Swift_Schedule.git
 + da51963...08519cd gh-pages -> gh-pages (forced update)
=== Run finished: Tue Sep 22 13:30:28 IST 2026 ===
=== Run started: Tue Sep 22 13:40:25 IST 2026 ===
[gh-pages 8fb306d] Auto-deploy: 2026-09-22T12:40:25Z
 Date: Tue Sep 15 08:43:09 2026 +0100
 4 files changed, 3221 insertions(+)
 create mode 100644 SwiftScheduleParser.log
 create mode 100644 github-swiftschedule-deploy.log
 create mode 100644 index.html
 create mode 100644 logfile
To github-swiftsched:UCD-HEAP/Swift_Schedule.git
 + 08519cd...8fb306d gh-pages -> gh-pages (forced update)
=== Run finished: Tue Sep 22 13:40:27 IST 2026 ===
=== Run started: Tue Sep 22 13:50:26 IST 2026 ===
[gh-pages ea24121] Auto-deploy: 2026-09-22T12:50:26Z
 Date: Tue Sep 15 08:43:09 2026 +0100
 4 files changed, 3232 insertions(+)
 create mode 100644 SwiftScheduleParser.log
 create mode 100644 github-swiftschedule-deploy.log
 create mode 100644 index.html
 create mode 100644 logfile
To github-swiftsched:UCD-HEAP/Swift_Schedule.git
 + 8fb306d...ea24121 gh-pages -> gh-pages (forced update)
=== Run finished: Tue Sep 22 13:50:28 IST 2026 ===
=== Run started: Tue Sep 22 14:00:24 IST 2026 ===
[gh-pages 0e02c67] Auto-deploy: 2026-09-22T13:00:24Z
 Date: Tue Sep 15 08:43:09 2026 +0100
 4 files changed, 3243 insertions(+)
 create mode 100644 SwiftScheduleParser.log
 create mode 100644 github-swiftschedule-deploy.log
 create mode 100644 index.html
 create mode 100644 logfile
To github-swiftsched:UCD-HEAP/Swift_Schedule.git
 + ea24121...0e02c67 gh-pages -> gh-pages (forced update)
=== Run finished: Tue Sep 22 14:00:26 IST 2026 ===
=== Run started: Tue Sep 22 14:10:28 IST 2026 ===
[gh-pages 2bc7dd9] Auto-deploy: 2026-09-22T13:10:29Z
 Date: Tue Sep 15 08:43:09 2026 +0100
 4 files changed, 3254 insertions(+)
 create mode 100644 SwiftScheduleParser.log
 create mode 100644 github-swiftschedule-deploy.log
 create mode 100644 index.html
 create mode 100644 logfile
To github-swiftsched:UCD-HEAP/Swift_Schedule.git
 + 0e02c67...2bc7dd9 gh-pages -> gh-pages (forced update)
=== Run finished: Tue Sep 22 14:10:30 IST 2026 ===
=== Run started: Tue Sep 22 14:20:25 IST 2026 ===
[gh-pages 6db1f20] Auto-deploy: 2026-09-22T13:20:25Z
 Date: Tue Sep 15 08:43:09 2026 +0100
 4 files changed, 3265 insertions(+)
 create mode 100644 SwiftScheduleParser.log
 create mode 100644 github-swiftschedule-deploy.log
 create mode 100644 index.html
 create mode 100644 logfile
To github-swiftsched:UCD-HEAP/Swift_Schedule.git
 + 2bc7dd9...6db1f20 gh-pages -> gh-pages (forced update)
=== Run finished: Tue Sep 22 14:20:27 IST 2026 ===
=== Run started: Tue Sep 22 14:30:27 IST 2026 ===
[gh-pages c3d1ac6] Auto-deploy: 2026-09-22T13:30:27Z
 Date: Tue Sep 15 08:43:09 2026 +0100
 4 files changed, 3276 insertions(+)
 create mode 100644 SwiftScheduleParser.log
 create mode 100644 github-swiftschedule-deploy.log
 create mode 100644 index.html
 create mode 100644 logfile
To github-swiftsched:UCD-HEAP/Swift_Schedule.git
 + 6db1f20...c3d1ac6 gh-pages -> gh-pages (forced update)
=== Run finished: Tue Sep 22 14:30:28 IST 2026 ===
=== Run started: Tue Sep 22 14:40:25 IST 2026 ===
[gh-pages a44ebe2] Auto-deploy: 2026-09-22T13:40:25Z
 Date: Tue Sep 15 08:43:09 2026 +0100
 4 files changed, 3287 insertions(+)
 create mode 100644 SwiftScheduleParser.log
 create mode 100644 github-swiftschedule-deploy.log
 create mode 100644 index.html
 create mode 100644 logfile
To github-swiftsched:UCD-HEAP/Swift_Schedule.git
 + c3d1ac6...a44ebe2 gh-pages -> gh-pages (forced update)
=== Run finished: Tue Sep 22 14:40:26 IST 2026 ===
=== Run started: Tue Sep 22 14:50:26 IST 2026 ===
[gh-pages dccb091] Auto-deploy: 2026-09-22T13:50:26Z
 Date: Tue Sep 15 08:43:09 2026 +0100
 4 files changed, 3298 insertions(+)
 create mode 100644 SwiftScheduleParser.log
 create mode 100644 github-swiftschedule-deploy.log
 create mode 100644 index.html
 create mode 100644 logfile
To github-swiftsched:UCD-HEAP/Swift_Schedule.git
 + a44ebe2...dccb091 gh-pages -> gh-pages (forced update)
=== Run finished: Tue Sep 22 14:50:28 IST 2026 ===
=== Run started: Tue Sep 22 15:00:24 IST 2026 ===
[gh-pages b5ba18a] Auto-deploy: 2026-09-22T14:00:24Z
 Date: Tue Sep 15 08:43:09 2026 +0100
 4 files changed, 3309 insertions(+)
 create mode 100644 SwiftScheduleParser.log
 create mode 100644 github-swiftschedule-deploy.log
 create mode 100644 index.html
 create mode 100644 logfile
To github-swiftsched:UCD-HEAP/Swift_Schedule.git
 + dccb091...b5ba18a gh-pages -> gh-pages (forced update)
=== Run finished: Tue Sep 22 15:00:28 IST 2026 ===
=== Run started: Tue Sep 22 15:10:32 IST 2026 ===
[gh-pages 8bb348b] Auto-deploy: 2026-09-22T14:10:32Z
 Date: Tue Sep 15 08:43:09 2026 +0100
 4 files changed, 3320 insertions(+)
 create mode 100644 SwiftScheduleParser.log
 create mode 100644 github-swiftschedule-deploy.log
 create mode 100644 index.html
 create mode 100644 logfile
To github-swiftsched:UCD-HEAP/Swift_Schedule.git
 + b5ba18a...8bb348b gh-pages -> gh-pages (forced update)
=== Run finished: Tue Sep 22 15:10:34 IST 2026 ===
=== Run started: Tue Sep 22 15:20:24 IST 2026 ===
[gh-pages bd6fc88] Auto-deploy: 2026-09-22T14:20:24Z
 Date: Tue Sep 15 08:43:09 2026 +0100
 4 files changed, 3331 insertions(+)
 create mode 100644 SwiftScheduleParser.log
 create mode 100644 github-swiftschedule-deploy.log
 create mode 100644 index.html
 create mode 100644 logfile
To github-swiftsched:UCD-HEAP/Swift_Schedule.git
 + 8bb348b...bd6fc88 gh-pages -> gh-pages (forced update)
=== Run finished: Tue Sep 22 15:20:26 IST 2026 ===
=== Run started: Tue Sep 22 15:30:27 IST 2026 ===
[gh-pages bf0d9aa] Auto-deploy: 2026-09-22T14:30:27Z
 Date: Tue Sep 15 08:43:09 2026 +0100
 4 files changed, 3342 insertions(+)
 create mode 100644 SwiftScheduleParser.log
 create mode 100644 github-swiftschedule-deploy.log
 create mode 100644 index.html
 create mode 100644 logfile
To github-swiftsched:UCD-HEAP/Swift_Schedule.git
 + bd6fc88...bf0d9aa gh-pages -> gh-pages (forced update)
=== Run finished: Tue Sep 22 15:30:33 IST 2026 ===
=== Run started: Tue Sep 22 15:40:24 IST 2026 ===
[gh-pages 5e9a9f0] Auto-deploy: 2026-09-22T14:40:24Z
 Date: Tue Sep 15 08:43:09 2026 +0100
 4 files changed, 3353 insertions(+)
 create mode 100644 SwiftScheduleParser.log
 create mode 100644 github-swiftschedule-deploy.log
 create mode 100644 index.html
 create mode 100644 logfile
To github-swiftsched:UCD-HEAP/Swift_Schedule.git
 + bf0d9aa...5e9a9f0 gh-pages -> gh-pages (forced update)
=== Run finished: Tue Sep 22 15:40:26 IST 2026 ===
=== Run started: Tue Sep 22 15:50:26 IST 2026 ===
[gh-pages d15fd85] Auto-deploy: 2026-09-22T14:50:26Z
 Date: Tue Sep 15 08:43:09 2026 +0100
 4 files changed, 3364 insertions(+)
 create mode 100644 SwiftScheduleParser.log
 create mode 100644 github-swiftschedule-deploy.log
 create mode 100644 index.html
 create mode 100644 logfile
To github-swiftsched:UCD-HEAP/Swift_Schedule.git
 + 5e9a9f0...d15fd85 gh-pages -> gh-pages (forced update)
=== Run finished: Tue Sep 22 15:50:28 IST 2026 ===
=== Run started: Tue Sep 22 16:00:24 IST 2026 ===
[gh-pages e2565c3] Auto-deploy: 2026-09-22T15:00:24Z
 Date: Tue Sep 15 08:43:09 2026 +0100
 4 files changed, 3375 insertions(+)
 create mode 100644 SwiftScheduleParser.log
 create mode 100644 github-swiftschedule-deploy.log
 create mode 100644 index.html
 create mode 100644 logfile
To github-swiftsched:UCD-HEAP/Swift_Schedule.git
 + d15fd85...e2565c3 gh-pages -> gh-pages (forced update)
=== Run finished: Tue Sep 22 16:00:26 IST 2026 ===
=== Run started: Tue Sep 22 16:10:26 IST 2026 ===
[gh-pages bbd5845] Auto-deploy: 2026-09-22T15:10:26Z
 Date: Tue Sep 15 08:43:09 2026 +0100
 4 files changed, 3386 insertions(+)
 create mode 100644 SwiftScheduleParser.log
 create mode 100644 github-swiftschedule-deploy.log
 create mode 100644 index.html
 create mode 100644 logfile
To github-swiftsched:UCD-HEAP/Swift_Schedule.git
 + e2565c3...bbd5845 gh-pages -> gh-pages (forced update)
=== Run finished: Tue Sep 22 16:10:28 IST 2026 ===
=== Run started: Tue Sep 22 16:20:24 IST 2026 ===
[gh-pages dc6adde] Auto-deploy: 2026-09-22T15:20:24Z
 Date: Tue Sep 15 08:43:09 2026 +0100
 4 files changed, 3397 insertions(+)
 create mode 100644 SwiftScheduleParser.log
 create mode 100644 github-swiftschedule-deploy.log
 create mode 100644 index.html
 create mode 100644 logfile
To github-swiftsched:UCD-HEAP/Swift_Schedule.git
 + bbd5845...dc6adde gh-pages -> gh-pages (forced update)
=== Run finished: Tue Sep 22 16:20:26 IST 2026 ===
=== Run started: Tue Sep 22 16:30:26 IST 2026 ===
[gh-pages fbbab19] Auto-deploy: 2026-09-22T15:30:26Z
 Date: Tue Sep 15 08:43:09 2026 +0100
 4 files changed, 3408 insertions(+)
 create mode 100644 SwiftScheduleParser.log
 create mode 100644 github-swiftschedule-deploy.log
 create mode 100644 index.html
 create mode 100644 logfile
To github-swiftsched:UCD-HEAP/Swift_Schedule.git
 + dc6adde...fbbab19 gh-pages -> gh-pages (forced update)
=== Run finished: Tue Sep 22 16:30:28 IST 2026 ===
=== Run started: Tue Sep 22 16:40:24 IST 2026 ===
[gh-pages b2b62e8] Auto-deploy: 2026-09-22T15:40:24Z
 Date: Tue Sep 15 08:43:09 2026 +0100
 4 files changed, 3419 insertions(+)
 create mode 100644 SwiftScheduleParser.log
 create mode 100644 github-swiftschedule-deploy.log
 create mode 100644 index.html
 create mode 100644 logfile
To github-swiftsched:UCD-HEAP/Swift_Schedule.git
 + fbbab19...b2b62e8 gh-pages -> gh-pages (forced update)
=== Run finished: Tue Sep 22 16:40:26 IST 2026 ===
=== Run started: Tue Sep 22 16:50:26 IST 2026 ===
[gh-pages 43dd7e1] Auto-deploy: 2026-09-22T15:50:26Z
 Date: Tue Sep 15 08:43:09 2026 +0100
 4 files changed, 3430 insertions(+)
 create mode 100644 SwiftScheduleParser.log
 create mode 100644 github-swiftschedule-deploy.log
 create mode 100644 index.html
 create mode 100644 logfile
To github-swiftsched:UCD-HEAP/Swift_Schedule.git
 + b2b62e8...43dd7e1 gh-pages -> gh-pages (forced update)
=== Run finished: Tue Sep 22 16:50:28 IST 2026 ===
=== Run started: Tue Sep 22 17:00:27 IST 2026 ===
[gh-pages 3093494] Auto-deploy: 2026-09-22T16:00:27Z
 Date: Tue Sep 15 08:43:09 2026 +0100
 4 files changed, 3441 insertions(+)
 create mode 100644 SwiftScheduleParser.log
 create mode 100644 github-swiftschedule-deploy.log
 create mode 100644 index.html
 create mode 100644 logfile
To github-swiftsched:UCD-HEAP/Swift_Schedule.git
 + 43dd7e1...3093494 gh-pages -> gh-pages (forced update)
=== Run finished: Tue Sep 22 17:00:29 IST 2026 ===
=== Run started: Tue Sep 22 17:10:24 IST 2026 ===
[gh-pages 09686c8] Auto-deploy: 2026-09-22T16:10:24Z
 Date: Tue Sep 15 08:43:09 2026 +0100
 4 files changed, 3452 insertions(+)
 create mode 100644 SwiftScheduleParser.log
 create mode 100644 github-swiftschedule-deploy.log
 create mode 100644 index.html
 create mode 100644 logfile
To github-swiftsched:UCD-HEAP/Swift_Schedule.git
 + 3093494...09686c8 gh-pages -> gh-pages (forced update)
=== Run finished: Tue Sep 22 17:10:26 IST 2026 ===
=== Run started: Tue Sep 22 17:20:30 IST 2026 ===
[gh-pages b6ee9e8] Auto-deploy: 2026-09-22T16:20:30Z
 Date: Tue Sep 15 08:43:09 2026 +0100
 4 files changed, 3464 insertions(+)
 create mode 100644 SwiftScheduleParser.log
 create mode 100644 github-swiftschedule-deploy.log
 create mode 100644 index.html
 create mode 100644 logfile
To github-swiftsched:UCD-HEAP/Swift_Schedule.git
 + 09686c8...b6ee9e8 gh-pages -> gh-pages (forced update)
=== Run finished: Tue Sep 22 17:20:32 IST 2026 ===
=== Run started: Tue Sep 22 17:30:24 IST 2026 ===
[gh-pages 910cbbc] Auto-deploy: 2026-09-22T16:30:24Z
 Date: Tue Sep 15 08:43:09 2026 +0100
 4 files changed, 3475 insertions(+)
 create mode 100644 SwiftScheduleParser.log
 create mode 100644 github-swiftschedule-deploy.log
 create mode 100644 index.html
 create mode 100644 logfile
To github-swiftsched:UCD-HEAP/Swift_Schedule.git
 + b6ee9e8...910cbbc gh-pages -> gh-pages (forced update)
=== Run finished: Tue Sep 22 17:30:26 IST 2026 ===
=== Run started: Tue Sep 22 17:40:26 IST 2026 ===
[gh-pages 805f73e] Auto-deploy: 2026-09-22T16:40:27Z
 Date: Tue Sep 15 08:43:09 2026 +0100
 4 files changed, 3486 insertions(+)
 create mode 100644 SwiftScheduleParser.log
 create mode 100644 github-swiftschedule-deploy.log
 create mode 100644 index.html
 create mode 100644 logfile
To github-swiftsched:UCD-HEAP/Swift_Schedule.git
 + 910cbbc...805f73e gh-pages -> gh-pages (forced update)
=== Run finished: Tue Sep 22 17:40:28 IST 2026 ===
=== Run started: Tue Sep 22 17:50:25 IST 2026 ===
[gh-pages ba7937c] Auto-deploy: 2026-09-22T16:50:25Z
 Date: Tue Sep 15 08:43:09 2026 +0100
 4 files changed, 3497 insertions(+)
 create mode 100644 SwiftScheduleParser.log
 create mode 100644 github-swiftschedule-deploy.log
 create mode 100644 index.html
 create mode 100644 logfile
To github-swiftsched:UCD-HEAP/Swift_Schedule.git
 + 805f73e...ba7937c gh-pages -> gh-pages (forced update)
=== Run finished: Tue Sep 22 17:50:27 IST 2026 ===
=== Run started: Tue Sep 22 18:00:25 IST 2026 ===
[gh-pages bbd6327] Auto-deploy: 2026-09-22T17:00:25Z
 Date: Tue Sep 15 08:43:09 2026 +0100
 4 files changed, 3508 insertions(+)
 create mode 100644 SwiftScheduleParser.log
 create mode 100644 github-swiftschedule-deploy.log
 create mode 100644 index.html
 create mode 100644 logfile
To github-swiftsched:UCD-HEAP/Swift_Schedule.git
 + ba7937c...bbd6327 gh-pages -> gh-pages (forced update)
=== Run finished: Tue Sep 22 18:00:27 IST 2026 ===
=== Run started: Tue Sep 22 18:10:27 IST 2026 ===
[gh-pages 53bf64d] Auto-deploy: 2026-09-22T17:10:27Z
 Date: Tue Sep 15 08:43:09 2026 +0100
 4 files changed, 3519 insertions(+)
 create mode 100644 SwiftScheduleParser.log
 create mode 100644 github-swiftschedule-deploy.log
 create mode 100644 index.html
 create mode 100644 logfile
To github-swiftsched:UCD-HEAP/Swift_Schedule.git
 + bbd6327...53bf64d gh-pages -> gh-pages (forced update)
=== Run finished: Tue Sep 22 18:10:29 IST 2026 ===
=== Run started: Tue Sep 22 18:20:24 IST 2026 ===
[gh-pages 3eeccee] Auto-deploy: 2026-09-22T17:20:24Z
 Date: Tue Sep 15 08:43:09 2026 +0100
 4 files changed, 3530 insertions(+)
 create mode 100644 SwiftScheduleParser.log
 create mode 100644 github-swiftschedule-deploy.log
 create mode 100644 index.html
 create mode 100644 logfile
To github-swiftsched:UCD-HEAP/Swift_Schedule.git
 + 53bf64d...3eeccee gh-pages -> gh-pages (forced update)
=== Run finished: Tue Sep 22 18:20:26 IST 2026 ===
=== Run started: Tue Sep 22 18:30:18 IST 2026 ===
[gh-pages 05083de] Auto-deploy: 2026-09-22T17:30:18Z
 Date: Tue Sep 15 08:43:09 2026 +0100
 4 files changed, 3580 insertions(+)
 create mode 100644 SwiftScheduleParser.log
 create mode 100644 github-swiftschedule-deploy.log
 create mode 100644 index.html
 create mode 100644 logfile
To github-swiftsched:UCD-HEAP/Swift_Schedule.git
 + 3eeccee...05083de gh-pages -> gh-pages (forced update)
=== Run finished: Tue Sep 22 18:30:20 IST 2026 ===
=== Run started: Tue Sep 22 18:40:17 IST 2026 ===
[gh-pages 1301880] Auto-deploy: 2026-09-22T17:40:17Z
 Date: Tue Sep 15 08:43:09 2026 +0100
 4 files changed, 3591 insertions(+)
 create mode 100644 SwiftScheduleParser.log
 create mode 100644 github-swiftschedule-deploy.log
 create mode 100644 index.html
 create mode 100644 logfile
To github-swiftsched:UCD-HEAP/Swift_Schedule.git
 + 05083de...1301880 gh-pages -> gh-pages (forced update)
=== Run finished: Tue Sep 22 18:40:18 IST 2026 ===
=== Run started: Tue Sep 22 18:50:16 IST 2026 ===
[gh-pages 63f3f0c] Auto-deploy: 2026-09-22T17:50:16Z
 Date: Tue Sep 15 08:43:09 2026 +0100
 4 files changed, 3602 insertions(+)
 create mode 100644 SwiftScheduleParser.log
 create mode 100644 github-swiftschedule-deploy.log
 create mode 100644 index.html
 create mode 100644 logfile
To github-swiftsched:UCD-HEAP/Swift_Schedule.git
 + 1301880...63f3f0c gh-pages -> gh-pages (forced update)
=== Run finished: Tue Sep 22 18:50:18 IST 2026 ===
=== Run started: Tue Sep 22 19:00:18 IST 2026 ===
[gh-pages ab661d6] Auto-deploy: 2026-09-22T18:00:18Z
 Date: Tue Sep 15 08:43:09 2026 +0100
 4 files changed, 3613 insertions(+)
 create mode 100644 SwiftScheduleParser.log
 create mode 100644 github-swiftschedule-deploy.log
 create mode 100644 index.html
 create mode 100644 logfile
To github-swiftsched:UCD-HEAP/Swift_Schedule.git
 + 63f3f0c...ab661d6 gh-pages -> gh-pages (forced update)
=== Run finished: Tue Sep 22 19:00:20 IST 2026 ===
=== Run started: Tue Sep 22 19:10:15 IST 2026 ===
[gh-pages 7cab91e] Auto-deploy: 2026-09-22T18:10:15Z
 Date: Tue Sep 15 08:43:09 2026 +0100
 4 files changed, 3624 insertions(+)
 create mode 100644 SwiftScheduleParser.log
 create mode 100644 github-swiftschedule-deploy.log
 create mode 100644 index.html
 create mode 100644 logfile
To github-swiftsched:UCD-HEAP/Swift_Schedule.git
 + ab661d6...7cab91e gh-pages -> gh-pages (forced update)
=== Run finished: Tue Sep 22 19:10:18 IST 2026 ===
=== Run started: Tue Sep 22 19:20:17 IST 2026 ===
[gh-pages 521f986] Auto-deploy: 2026-09-22T18:20:17Z
 Date: Tue Sep 15 08:43:09 2026 +0100
 4 files changed, 3635 insertions(+)
 create mode 100644 SwiftScheduleParser.log
 create mode 100644 github-swiftschedule-deploy.log
 create mode 100644 index.html
 create mode 100644 logfile
To github-swiftsched:UCD-HEAP/Swift_Schedule.git
 + 7cab91e...521f986 gh-pages -> gh-pages (forced update)
=== Run finished: Tue Sep 22 19:20:19 IST 2026 ===
=== Run started: Tue Sep 22 19:30:18 IST 2026 ===
[gh-pages 06c9e4a] Auto-deploy: 2026-09-22T18:30:18Z
 Date: Tue Sep 15 08:43:09 2026 +0100
 4 files changed, 3646 insertions(+)
 create mode 100644 SwiftScheduleParser.log
 create mode 100644 github-swiftschedule-deploy.log
 create mode 100644 index.html
 create mode 100644 logfile
To github-swiftsched:UCD-HEAP/Swift_Schedule.git
 + 521f986...06c9e4a gh-pages -> gh-pages (forced update)
=== Run finished: Tue Sep 22 19:30:19 IST 2026 ===
=== Run started: Tue Sep 22 19:40:15 IST 2026 ===
[gh-pages d4822f2] Auto-deploy: 2026-09-22T18:40:15Z
 Date: Tue Sep 15 08:43:09 2026 +0100
 4 files changed, 3657 insertions(+)
 create mode 100644 SwiftScheduleParser.log
 create mode 100644 github-swiftschedule-deploy.log
 create mode 100644 index.html
 create mode 100644 logfile
To github-swiftsched:UCD-HEAP/Swift_Schedule.git
 + 06c9e4a...d4822f2 gh-pages -> gh-pages (forced update)
=== Run finished: Tue Sep 22 19:40:16 IST 2026 ===
=== Run started: Tue Sep 22 19:50:18 IST 2026 ===
[gh-pages 4009e13] Auto-deploy: 2026-09-22T18:50:18Z
 Date: Tue Sep 15 08:43:09 2026 +0100
 4 files changed, 3668 insertions(+)
 create mode 100644 SwiftScheduleParser.log
 create mode 100644 github-swiftschedule-deploy.log
 create mode 100644 index.html
 create mode 100644 logfile
To github-swiftsched:UCD-HEAP/Swift_Schedule.git
 + d4822f2...4009e13 gh-pages -> gh-pages (forced update)
=== Run finished: Tue Sep 22 19:50:20 IST 2026 ===
=== Run started: Tue Sep 22 20:00:15 IST 2026 ===
[gh-pages b2a98c6] Auto-deploy: 2026-09-22T19:00:15Z
 Date: Tue Sep 15 08:43:09 2026 +0100
 4 files changed, 3679 insertions(+)
 create mode 100644 SwiftScheduleParser.log
 create mode 100644 github-swiftschedule-deploy.log
 create mode 100644 index.html
 create mode 100644 logfile
To github-swiftsched:UCD-HEAP/Swift_Schedule.git
 + 4009e13...b2a98c6 gh-pages -> gh-pages (forced update)
=== Run finished: Tue Sep 22 20:00:17 IST 2026 ===
=== Run started: Tue Sep 22 20:10:16 IST 2026 ===
[gh-pages ca892da] Auto-deploy: 2026-09-22T19:10:16Z
 Date: Tue Sep 15 08:43:09 2026 +0100
 4 files changed, 3690 insertions(+)
 create mode 100644 SwiftScheduleParser.log
 create mode 100644 github-swiftschedule-deploy.log
 create mode 100644 index.html
 create mode 100644 logfile
To github-swiftsched:UCD-HEAP/Swift_Schedule.git
 + b2a98c6...ca892da gh-pages -> gh-pages (forced update)
=== Run finished: Tue Sep 22 20:10:18 IST 2026 ===
=== Run started: Tue Sep 22 20:20:18 IST 2026 ===
[gh-pages 9574546] Auto-deploy: 2026-09-22T19:20:18Z
 Date: Tue Sep 15 08:43:09 2026 +0100
 4 files changed, 3701 insertions(+)
 create mode 100644 SwiftScheduleParser.log
 create mode 100644 github-swiftschedule-deploy.log
 create mode 100644 index.html
 create mode 100644 logfile
To github-swiftsched:UCD-HEAP/Swift_Schedule.git
 + ca892da...9574546 gh-pages -> gh-pages (forced update)
=== Run finished: Tue Sep 22 20:20:19 IST 2026 ===
=== Run started: Tue Sep 22 20:30:14 IST 2026 ===
[gh-pages 8bd0407] Auto-deploy: 2026-09-22T19:30:14Z
 Date: Tue Sep 15 08:43:09 2026 +0100
 4 files changed, 3712 insertions(+)
 create mode 100644 SwiftScheduleParser.log
 create mode 100644 github-swiftschedule-deploy.log
 create mode 100644 index.html
 create mode 100644 logfile
To github-swiftsched:UCD-HEAP/Swift_Schedule.git
 + 9574546...8bd0407 gh-pages -> gh-pages (forced update)
=== Run finished: Tue Sep 22 20:30:16 IST 2026 ===
=== Run started: Tue Sep 22 20:40:18 IST 2026 ===
[gh-pages 62a2f72] Auto-deploy: 2026-09-22T19:40:18Z
 Date: Tue Sep 15 08:43:09 2026 +0100
 4 files changed, 3723 insertions(+)
 create mode 100644 SwiftScheduleParser.log
 create mode 100644 github-swiftschedule-deploy.log
 create mode 100644 index.html
 create mode 100644 logfile
To github-swiftsched:UCD-HEAP/Swift_Schedule.git
 + 8bd0407...62a2f72 gh-pages -> gh-pages (forced update)
=== Run finished: Tue Sep 22 20:40:20 IST 2026 ===
=== Run started: Tue Sep 22 20:50:15 IST 2026 ===
[gh-pages 3027f44] Auto-deploy: 2026-09-22T19:50:15Z
 Date: Tue Sep 15 08:43:09 2026 +0100
 4 files changed, 3734 insertions(+)
 create mode 100644 SwiftScheduleParser.log
 create mode 100644 github-swiftschedule-deploy.log
 create mode 100644 index.html
 create mode 100644 logfile
To github-swiftsched:UCD-HEAP/Swift_Schedule.git
 + 62a2f72...3027f44 gh-pages -> gh-pages (forced update)
=== Run finished: Tue Sep 22 20:50:16 IST 2026 ===
=== Run started: Tue Sep 22 21:00:16 IST 2026 ===
[gh-pages 210f8c6] Auto-deploy: 2026-09-22T20:00:16Z
 Date: Tue Sep 15 08:43:09 2026 +0100
 4 files changed, 3745 insertions(+)
 create mode 100644 SwiftScheduleParser.log
 create mode 100644 github-swiftschedule-deploy.log
 create mode 100644 index.html
 create mode 100644 logfile
To github-swiftsched:UCD-HEAP/Swift_Schedule.git
 + 3027f44...210f8c6 gh-pages -> gh-pages (forced update)
=== Run finished: Tue Sep 22 21:00:18 IST 2026 ===
=== Run started: Tue Sep 22 21:10:18 IST 2026 ===
[gh-pages c4acae3] Auto-deploy: 2026-09-22T20:10:18Z
 Date: Tue Sep 15 08:43:09 2026 +0100
 4 files changed, 3756 insertions(+)
 create mode 100644 SwiftScheduleParser.log
 create mode 100644 github-swiftschedule-deploy.log
 create mode 100644 index.html
 create mode 100644 logfile
To github-swiftsched:UCD-HEAP/Swift_Schedule.git
 + 210f8c6...c4acae3 gh-pages -> gh-pages (forced update)
=== Run finished: Tue Sep 22 21:10:20 IST 2026 ===
=== Run started: Tue Sep 22 21:20:15 IST 2026 ===
[gh-pages ca542bf] Auto-deploy: 2026-09-22T20:20:15Z
 Date: Tue Sep 15 08:43:09 2026 +0100
 4 files changed, 3767 insertions(+)
 create mode 100644 SwiftScheduleParser.log
 create mode 100644 github-swiftschedule-deploy.log
 create mode 100644 index.html
 create mode 100644 logfile
To github-swiftsched:UCD-HEAP/Swift_Schedule.git
 + c4acae3...ca542bf gh-pages -> gh-pages (forced update)
=== Run finished: Tue Sep 22 21:20:17 IST 2026 ===
=== Run started: Tue Sep 22 21:30:18 IST 2026 ===
[gh-pages c05304e] Auto-deploy: 2026-09-22T20:30:18Z
 Date: Tue Sep 15 08:43:09 2026 +0100
 4 files changed, 3778 insertions(+)
 create mode 100644 SwiftScheduleParser.log
 create mode 100644 github-swiftschedule-deploy.log
 create mode 100644 index.html
 create mode 100644 logfile
To github-swiftsched:UCD-HEAP/Swift_Schedule.git
 + ca542bf...c05304e gh-pages -> gh-pages (forced update)
=== Run finished: Tue Sep 22 21:30:19 IST 2026 ===
=== Run started: Tue Sep 22 21:40:15 IST 2026 ===
[gh-pages 2be898e] Auto-deploy: 2026-09-22T20:40:15Z
 Date: Tue Sep 15 08:43:09 2026 +0100
 4 files changed, 3789 insertions(+)
 create mode 100644 SwiftScheduleParser.log
 create mode 100644 github-swiftschedule-deploy.log
 create mode 100644 index.html
 create mode 100644 logfile
To github-swiftsched:UCD-HEAP/Swift_Schedule.git
 + c05304e...2be898e gh-pages -> gh-pages (forced update)
=== Run finished: Tue Sep 22 21:40:16 IST 2026 ===
=== Run started: Tue Sep 22 21:50:17 IST 2026 ===
[gh-pages 8ea30e6] Auto-deploy: 2026-09-22T20:50:17Z
 Date: Tue Sep 15 08:43:09 2026 +0100
 4 files changed, 3800 insertions(+)
 create mode 100644 SwiftScheduleParser.log
 create mode 100644 github-swiftschedule-deploy.log
 create mode 100644 index.html
 create mode 100644 logfile
To github-swiftsched:UCD-HEAP/Swift_Schedule.git
 + 2be898e...8ea30e6 gh-pages -> gh-pages (forced update)
=== Run finished: Tue Sep 22 21:50:19 IST 2026 ===
=== Run started: Tue Sep 22 22:00:15 IST 2026 ===
[gh-pages 1d0716c] Auto-deploy: 2026-09-22T21:00:15Z
 Date: Tue Sep 15 08:43:09 2026 +0100
 4 files changed, 3811 insertions(+)
 create mode 100644 SwiftScheduleParser.log
 create mode 100644 github-swiftschedule-deploy.log
 create mode 100644 index.html
 create mode 100644 logfile
To github-swiftsched:UCD-HEAP/Swift_Schedule.git
 + 8ea30e6...1d0716c gh-pages -> gh-pages (forced update)
=== Run finished: Tue Sep 22 22:00:16 IST 2026 ===
=== Run started: Tue Sep 22 22:10:16 IST 2026 ===
[gh-pages ac8351c] Auto-deploy: 2026-09-22T21:10:16Z
 Date: Tue Sep 15 08:43:09 2026 +0100
 4 files changed, 3822 insertions(+)
 create mode 100644 SwiftScheduleParser.log
 create mode 100644 github-swiftschedule-deploy.log
 create mode 100644 index.html
 create mode 100644 logfile
To github-swiftsched:UCD-HEAP/Swift_Schedule.git
 + 1d0716c...ac8351c gh-pages -> gh-pages (forced update)
=== Run finished: Tue Sep 22 22:10:18 IST 2026 ===
=== Run started: Tue Sep 22 22:20:17 IST 2026 ===
[gh-pages db47581] Auto-deploy: 2026-09-22T21:20:17Z
 Date: Tue Sep 15 08:43:09 2026 +0100
 4 files changed, 3833 insertions(+)
 create mode 100644 SwiftScheduleParser.log
 create mode 100644 github-swiftschedule-deploy.log
 create mode 100644 index.html
 create mode 100644 logfile
To github-swiftsched:UCD-HEAP/Swift_Schedule.git
 + ac8351c...db47581 gh-pages -> gh-pages (forced update)
=== Run finished: Tue Sep 22 22:20:19 IST 2026 ===
=== Run started: Tue Sep 22 22:30:14 IST 2026 ===
[gh-pages 8a0c432] Auto-deploy: 2026-09-22T21:30:15Z
 Date: Tue Sep 15 08:43:09 2026 +0100
 4 files changed, 3844 insertions(+)
 create mode 100644 SwiftScheduleParser.log
 create mode 100644 github-swiftschedule-deploy.log
 create mode 100644 index.html
 create mode 100644 logfile
To github-swiftsched:UCD-HEAP/Swift_Schedule.git
 + db47581...8a0c432 gh-pages -> gh-pages (forced update)
=== Run finished: Tue Sep 22 22:30:16 IST 2026 ===
=== Run started: Tue Sep 22 22:40:18 IST 2026 ===
[gh-pages 7e0dd87] Auto-deploy: 2026-09-22T21:40:18Z
 Date: Tue Sep 15 08:43:09 2026 +0100
 4 files changed, 3855 insertions(+)
 create mode 100644 SwiftScheduleParser.log
 create mode 100644 github-swiftschedule-deploy.log
 create mode 100644 index.html
 create mode 100644 logfile
To github-swiftsched:UCD-HEAP/Swift_Schedule.git
 + 8a0c432...7e0dd87 gh-pages -> gh-pages (forced update)
=== Run finished: Tue Sep 22 22:40:20 IST 2026 ===
=== Run started: Tue Sep 22 22:50:15 IST 2026 ===
[gh-pages e132938] Auto-deploy: 2026-09-22T21:50:15Z
 Date: Tue Sep 15 08:43:09 2026 +0100
 4 files changed, 3866 insertions(+)
 create mode 100644 SwiftScheduleParser.log
 create mode 100644 github-swiftschedule-deploy.log
 create mode 100644 index.html
 create mode 100644 logfile
To github-swiftsched:UCD-HEAP/Swift_Schedule.git
 + 7e0dd87...e132938 gh-pages -> gh-pages (forced update)
=== Run finished: Tue Sep 22 22:50:16 IST 2026 ===
=== Run started: Tue Sep 22 23:00:16 IST 2026 ===
[gh-pages 7173e44] Auto-deploy: 2026-09-22T22:00:16Z
 Date: Tue Sep 15 08:43:09 2026 +0100
 4 files changed, 3877 insertions(+)
 create mode 100644 SwiftScheduleParser.log
 create mode 100644 github-swiftschedule-deploy.log
 create mode 100644 index.html
 create mode 100644 logfile
To github-swiftsched:UCD-HEAP/Swift_Schedule.git
 + e132938...7173e44 gh-pages -> gh-pages (forced update)
=== Run finished: Tue Sep 22 23:00:18 IST 2026 ===
=== Run started: Tue Sep 22 23:10:18 IST 2026 ===
[gh-pages 9e14a9d] Auto-deploy: 2026-09-22T22:10:18Z
 Date: Tue Sep 15 08:43:09 2026 +0100
 4 files changed, 3888 insertions(+)
 create mode 100644 SwiftScheduleParser.log
 create mode 100644 github-swiftschedule-deploy.log
 create mode 100644 index.html
 create mode 100644 logfile
To github-swiftsched:UCD-HEAP/Swift_Schedule.git
 + 7173e44...9e14a9d gh-pages -> gh-pages (forced update)
=== Run finished: Tue Sep 22 23:10:19 IST 2026 ===
=== Run started: Tue Sep 22 23:20:16 IST 2026 ===
[gh-pages cd3faec] Auto-deploy: 2026-09-22T22:20:16Z
 Date: Tue Sep 15 08:43:09 2026 +0100
 4 files changed, 3899 insertions(+)
 create mode 100644 SwiftScheduleParser.log
 create mode 100644 github-swiftschedule-deploy.log
 create mode 100644 index.html
 create mode 100644 logfile
To github-swiftsched:UCD-HEAP/Swift_Schedule.git
 + 9e14a9d...cd3faec gh-pages -> gh-pages (forced update)
=== Run finished: Tue Sep 22 23:20:17 IST 2026 ===
=== Run started: Tue Sep 22 23:30:17 IST 2026 ===
[gh-pages 92dc4b8] Auto-deploy: 2026-09-22T22:30:17Z
 Date: Tue Sep 15 08:43:09 2026 +0100
 4 files changed, 3910 insertions(+)
 create mode 100644 SwiftScheduleParser.log
 create mode 100644 github-swiftschedule-deploy.log
 create mode 100644 index.html
 create mode 100644 logfile
To github-swiftsched:UCD-HEAP/Swift_Schedule.git
 + cd3faec...92dc4b8 gh-pages -> gh-pages (forced update)
=== Run finished: Tue Sep 22 23:30:19 IST 2026 ===
=== Run started: Tue Sep 22 23:40:15 IST 2026 ===
[gh-pages 9d1cad4] Auto-deploy: 2026-09-22T22:40:15Z
 Date: Tue Sep 15 08:43:09 2026 +0100
 4 files changed, 3921 insertions(+)
 create mode 100644 SwiftScheduleParser.log
 create mode 100644 github-swiftschedule-deploy.log
 create mode 100644 index.html
 create mode 100644 logfile
To github-swiftsched:UCD-HEAP/Swift_Schedule.git
 + 92dc4b8...9d1cad4 gh-pages -> gh-pages (forced update)
=== Run finished: Tue Sep 22 23:40:17 IST 2026 ===
=== Run started: Tue Sep 22 23:50:17 IST 2026 ===
[gh-pages 31960c2] Auto-deploy: 2026-09-22T22:50:17Z
 Date: Tue Sep 15 08:43:09 2026 +0100
 4 files changed, 3932 insertions(+)
 create mode 100644 SwiftScheduleParser.log
 create mode 100644 github-swiftschedule-deploy.log
 create mode 100644 index.html
 create mode 100644 logfile
To github-swiftsched:UCD-HEAP/Swift_Schedule.git
 + 9d1cad4...31960c2 gh-pages -> gh-pages (forced update)
=== Run finished: Tue Sep 22 23:50:19 IST 2026 ===
=== Run started: Wed Sep 23 00:00:17 IST 2026 ===
[gh-pages f97d904] Auto-deploy: 2026-09-22T23:00:17Z
 Date: Tue Sep 15 08:43:09 2026 +0100
 4 files changed, 3943 insertions(+)
 create mode 100644 SwiftScheduleParser.log
 create mode 100644 github-swiftschedule-deploy.log
 create mode 100644 index.html
 create mode 100644 logfile
To github-swiftsched:UCD-HEAP/Swift_Schedule.git
 + 31960c2...f97d904 gh-pages -> gh-pages (forced update)
=== Run finished: Wed Sep 23 00:00:19 IST 2026 ===
=== Run started: Wed Sep 23 00:10:15 IST 2026 ===
[gh-pages d7a84ad] Auto-deploy: 2026-09-22T23:10:15Z
 Date: Tue Sep 15 08:43:09 2026 +0100
 4 files changed, 3954 insertions(+)
 create mode 100644 SwiftScheduleParser.log
 create mode 100644 github-swiftschedule-deploy.log
 create mode 100644 index.html
 create mode 100644 logfile
To github-swiftsched:UCD-HEAP/Swift_Schedule.git
 + f97d904...d7a84ad gh-pages -> gh-pages (forced update)
=== Run finished: Wed Sep 23 00:10:16 IST 2026 ===
=== Run started: Wed Sep 23 00:20:18 IST 2026 ===
[gh-pages 5b1e7b9] Auto-deploy: 2026-09-22T23:20:18Z
 Date: Tue Sep 15 08:43:09 2026 +0100
 4 files changed, 3965 insertions(+)
 create mode 100644 SwiftScheduleParser.log
 create mode 100644 github-swiftschedule-deploy.log
 create mode 100644 index.html
 create mode 100644 logfile
To github-swiftsched:UCD-HEAP/Swift_Schedule.git
 + d7a84ad...5b1e7b9 gh-pages -> gh-pages (forced update)
=== Run finished: Wed Sep 23 00:20:20 IST 2026 ===
=== Run started: Wed Sep 23 00:30:15 IST 2026 ===
[gh-pages 99e6699] Auto-deploy: 2026-09-22T23:30:15Z
 Date: Tue Sep 15 08:43:09 2026 +0100
 4 files changed, 3976 insertions(+)
 create mode 100644 SwiftScheduleParser.log
 create mode 100644 github-swiftschedule-deploy.log
 create mode 100644 index.html
 create mode 100644 logfile
To github-swiftsched:UCD-HEAP/Swift_Schedule.git
 + 5b1e7b9...99e6699 gh-pages -> gh-pages (forced update)
=== Run finished: Wed Sep 23 00:30:17 IST 2026 ===
=== Run started: Wed Sep 23 00:40:17 IST 2026 ===
[gh-pages 4a5411c] Auto-deploy: 2026-09-22T23:40:17Z
 Date: Tue Sep 15 08:43:09 2026 +0100
 4 files changed, 3987 insertions(+)
 create mode 100644 SwiftScheduleParser.log
 create mode 100644 github-swiftschedule-deploy.log
 create mode 100644 index.html
 create mode 100644 logfile
To github-swiftsched:UCD-HEAP/Swift_Schedule.git
 + 99e6699...4a5411c gh-pages -> gh-pages (forced update)
=== Run finished: Wed Sep 23 00:40:19 IST 2026 ===
=== Run started: Wed Sep 23 00:50:14 IST 2026 ===
[gh-pages 99a92ae] Auto-deploy: 2026-09-22T23:50:14Z
 Date: Tue Sep 15 08:43:09 2026 +0100
 4 files changed, 3998 insertions(+)
 create mode 100644 SwiftScheduleParser.log
 create mode 100644 github-swiftschedule-deploy.log
 create mode 100644 index.html
 create mode 100644 logfile
To github-swiftsched:UCD-HEAP/Swift_Schedule.git
 + 4a5411c...99a92ae gh-pages -> gh-pages (forced update)
=== Run finished: Wed Sep 23 00:50:16 IST 2026 ===
=== Run started: Wed Sep 23 01:00:25 IST 2026 ===
[gh-pages 84a0dcb] Auto-deploy: 2026-09-23T00:00:25Z
 Date: Tue Sep 15 08:43:09 2026 +0100
 4 files changed, 3954 insertions(+)
 create mode 100644 SwiftScheduleParser.log
 create mode 100644 github-swiftschedule-deploy.log
 create mode 100644 index.html
 create mode 100644 logfile
To github-swiftsched:UCD-HEAP/Swift_Schedule.git
 + 99a92ae...84a0dcb gh-pages -> gh-pages (forced update)
=== Run finished: Wed Sep 23 01:00:27 IST 2026 ===
=== Run started: Wed Sep 23 01:10:25 IST 2026 ===
[gh-pages 4f5ff69] Auto-deploy: 2026-09-23T00:10:25Z
 Date: Tue Sep 15 08:43:09 2026 +0100
 4 files changed, 3965 insertions(+)
 create mode 100644 SwiftScheduleParser.log
 create mode 100644 github-swiftschedule-deploy.log
 create mode 100644 index.html
 create mode 100644 logfile
To github-swiftsched:UCD-HEAP/Swift_Schedule.git
 + 84a0dcb...4f5ff69 gh-pages -> gh-pages (forced update)
=== Run finished: Wed Sep 23 01:10:26 IST 2026 ===
=== Run started: Wed Sep 23 01:20:25 IST 2026 ===
[gh-pages 3d3b6a7] Auto-deploy: 2026-09-23T00:20:25Z
 Date: Tue Sep 15 08:43:09 2026 +0100
 4 files changed, 3976 insertions(+)
 create mode 100644 SwiftScheduleParser.log
 create mode 100644 github-swiftschedule-deploy.log
 create mode 100644 index.html
 create mode 100644 logfile
To github-swiftsched:UCD-HEAP/Swift_Schedule.git
 + 4f5ff69...3d3b6a7 gh-pages -> gh-pages (forced update)
=== Run finished: Wed Sep 23 01:20:27 IST 2026 ===
=== Run started: Wed Sep 23 01:30:26 IST 2026 ===
[gh-pages fe3acf1] Auto-deploy: 2026-09-23T00:30:26Z
 Date: Tue Sep 15 08:43:09 2026 +0100
 4 files changed, 3987 insertions(+)
 create mode 100644 SwiftScheduleParser.log
 create mode 100644 github-swiftschedule-deploy.log
 create mode 100644 index.html
 create mode 100644 logfile
To github-swiftsched:UCD-HEAP/Swift_Schedule.git
 + 3d3b6a7...fe3acf1 gh-pages -> gh-pages (forced update)
=== Run finished: Wed Sep 23 01:30:27 IST 2026 ===
=== Run started: Wed Sep 23 01:40:26 IST 2026 ===
[gh-pages de1104e] Auto-deploy: 2026-09-23T00:40:26Z
 Date: Tue Sep 15 08:43:09 2026 +0100
 4 files changed, 3998 insertions(+)
 create mode 100644 SwiftScheduleParser.log
 create mode 100644 github-swiftschedule-deploy.log
 create mode 100644 index.html
 create mode 100644 logfile
To github-swiftsched:UCD-HEAP/Swift_Schedule.git
 + fe3acf1...de1104e gh-pages -> gh-pages (forced update)
=== Run finished: Wed Sep 23 01:40:28 IST 2026 ===
=== Run started: Wed Sep 23 01:50:25 IST 2026 ===
[gh-pages 718ab58] Auto-deploy: 2026-09-23T00:50:25Z
 Date: Tue Sep 15 08:43:09 2026 +0100
 4 files changed, 4009 insertions(+)
 create mode 100644 SwiftScheduleParser.log
 create mode 100644 github-swiftschedule-deploy.log
 create mode 100644 index.html
 create mode 100644 logfile
To github-swiftsched:UCD-HEAP/Swift_Schedule.git
 + de1104e...718ab58 gh-pages -> gh-pages (forced update)
=== Run finished: Wed Sep 23 01:50:26 IST 2026 ===
=== Run started: Wed Sep 23 02:00:26 IST 2026 ===
[gh-pages 0232537] Auto-deploy: 2026-09-23T01:00:27Z
 Date: Tue Sep 15 08:43:09 2026 +0100
 4 files changed, 4020 insertions(+)
 create mode 100644 SwiftScheduleParser.log
 create mode 100644 github-swiftschedule-deploy.log
 create mode 100644 index.html
 create mode 100644 logfile
To github-swiftsched:UCD-HEAP/Swift_Schedule.git
 + 718ab58...0232537 gh-pages -> gh-pages (forced update)
=== Run finished: Wed Sep 23 02:00:28 IST 2026 ===
=== Run started: Wed Sep 23 02:10:24 IST 2026 ===
[gh-pages 45422f9] Auto-deploy: 2026-09-23T01:10:24Z
 Date: Tue Sep 15 08:43:09 2026 +0100
 4 files changed, 4031 insertions(+)
 create mode 100644 SwiftScheduleParser.log
 create mode 100644 github-swiftschedule-deploy.log
 create mode 100644 index.html
 create mode 100644 logfile
To github-swiftsched:UCD-HEAP/Swift_Schedule.git
 + 0232537...45422f9 gh-pages -> gh-pages (forced update)
=== Run finished: Wed Sep 23 02:10:26 IST 2026 ===
=== Run started: Wed Sep 23 02:20:26 IST 2026 ===
[gh-pages b72a87c] Auto-deploy: 2026-09-23T01:20:26Z
 Date: Tue Sep 15 08:43:09 2026 +0100
 4 files changed, 4042 insertions(+)
 create mode 100644 SwiftScheduleParser.log
 create mode 100644 github-swiftschedule-deploy.log
 create mode 100644 index.html
 create mode 100644 logfile
To github-swiftsched:UCD-HEAP/Swift_Schedule.git
 + 45422f9...b72a87c gh-pages -> gh-pages (forced update)
=== Run finished: Wed Sep 23 02:20:28 IST 2026 ===
=== Run started: Wed Sep 23 02:30:24 IST 2026 ===
[gh-pages 1444975] Auto-deploy: 2026-09-23T01:30:24Z
 Date: Tue Sep 15 08:43:09 2026 +0100
 4 files changed, 4053 insertions(+)
 create mode 100644 SwiftScheduleParser.log
 create mode 100644 github-swiftschedule-deploy.log
 create mode 100644 index.html
 create mode 100644 logfile
To github-swiftsched:UCD-HEAP/Swift_Schedule.git
 + b72a87c...1444975 gh-pages -> gh-pages (forced update)
=== Run finished: Wed Sep 23 02:30:26 IST 2026 ===
=== Run started: Wed Sep 23 02:40:26 IST 2026 ===
[gh-pages 428492d] Auto-deploy: 2026-09-23T01:40:26Z
 Date: Tue Sep 15 08:43:09 2026 +0100
 4 files changed, 4064 insertions(+)
 create mode 100644 SwiftScheduleParser.log
 create mode 100644 github-swiftschedule-deploy.log
 create mode 100644 index.html
 create mode 100644 logfile
To github-swiftsched:UCD-HEAP/Swift_Schedule.git
 + 1444975...428492d gh-pages -> gh-pages (forced update)
=== Run finished: Wed Sep 23 02:40:28 IST 2026 ===
=== Run started: Wed Sep 23 02:50:24 IST 2026 ===
[gh-pages 12bddc0] Auto-deploy: 2026-09-23T01:50:24Z
 Date: Tue Sep 15 08:43:09 2026 +0100
 4 files changed, 4075 insertions(+)
 create mode 100644 SwiftScheduleParser.log
 create mode 100644 github-swiftschedule-deploy.log
 create mode 100644 index.html
 create mode 100644 logfile
To github-swiftsched:UCD-HEAP/Swift_Schedule.git
 + 428492d...12bddc0 gh-pages -> gh-pages (forced update)
=== Run finished: Wed Sep 23 02:50:26 IST 2026 ===
=== Run started: Wed Sep 23 03:00:26 IST 2026 ===
[gh-pages b3f68bc] Auto-deploy: 2026-09-23T02:00:27Z
 Date: Tue Sep 15 08:43:09 2026 +0100
 4 files changed, 4086 insertions(+)
 create mode 100644 SwiftScheduleParser.log
 create mode 100644 github-swiftschedule-deploy.log
 create mode 100644 index.html
 create mode 100644 logfile
To github-swiftsched:UCD-HEAP/Swift_Schedule.git
 + 12bddc0...b3f68bc gh-pages -> gh-pages (forced update)
=== Run finished: Wed Sep 23 03:00:28 IST 2026 ===
=== Run started: Wed Sep 23 03:10:24 IST 2026 ===
[gh-pages 940dd2a] Auto-deploy: 2026-09-23T02:10:24Z
 Date: Tue Sep 15 08:43:09 2026 +0100
 4 files changed, 4097 insertions(+)
 create mode 100644 SwiftScheduleParser.log
 create mode 100644 github-swiftschedule-deploy.log
 create mode 100644 index.html
 create mode 100644 logfile
To github-swiftsched:UCD-HEAP/Swift_Schedule.git
 + b3f68bc...940dd2a gh-pages -> gh-pages (forced update)
=== Run finished: Wed Sep 23 03:10:26 IST 2026 ===
=== Run started: Wed Sep 23 03:20:27 IST 2026 ===
[gh-pages 0f8b2a0] Auto-deploy: 2026-09-23T02:20:27Z
 Date: Tue Sep 15 08:43:09 2026 +0100
 4 files changed, 4108 insertions(+)
 create mode 100644 SwiftScheduleParser.log
 create mode 100644 github-swiftschedule-deploy.log
 create mode 100644 index.html
 create mode 100644 logfile
To github-swiftsched:UCD-HEAP/Swift_Schedule.git
 + 940dd2a...0f8b2a0 gh-pages -> gh-pages (forced update)
=== Run finished: Wed Sep 23 03:20:28 IST 2026 ===
=== Run started: Wed Sep 23 03:30:27 IST 2026 ===
[gh-pages d4b5138] Auto-deploy: 2026-09-23T02:30:27Z
 Date: Tue Sep 15 08:43:09 2026 +0100
 4 files changed, 4119 insertions(+)
 create mode 100644 SwiftScheduleParser.log
 create mode 100644 github-swiftschedule-deploy.log
 create mode 100644 index.html
 create mode 100644 logfile
To github-swiftsched:UCD-HEAP/Swift_Schedule.git
 + 0f8b2a0...d4b5138 gh-pages -> gh-pages (forced update)
=== Run finished: Wed Sep 23 03:30:29 IST 2026 ===
=== Run started: Wed Sep 23 03:40:24 IST 2026 ===
[gh-pages dea5ab8] Auto-deploy: 2026-09-23T02:40:24Z
 Date: Tue Sep 15 08:43:09 2026 +0100
 4 files changed, 4130 insertions(+)
 create mode 100644 SwiftScheduleParser.log
 create mode 100644 github-swiftschedule-deploy.log
 create mode 100644 index.html
 create mode 100644 logfile
To github-swiftsched:UCD-HEAP/Swift_Schedule.git
 + d4b5138...dea5ab8 gh-pages -> gh-pages (forced update)
=== Run finished: Wed Sep 23 03:40:25 IST 2026 ===
=== Run started: Wed Sep 23 03:50:26 IST 2026 ===
[gh-pages e15c623] Auto-deploy: 2026-09-23T02:50:26Z
 Date: Tue Sep 15 08:43:09 2026 +0100
 4 files changed, 4141 insertions(+)
 create mode 100644 SwiftScheduleParser.log
 create mode 100644 github-swiftschedule-deploy.log
 create mode 100644 index.html
 create mode 100644 logfile
To github-swiftsched:UCD-HEAP/Swift_Schedule.git
 + dea5ab8...e15c623 gh-pages -> gh-pages (forced update)
=== Run finished: Wed Sep 23 03:50:28 IST 2026 ===
=== Run started: Wed Sep 23 04:00:24 IST 2026 ===
[gh-pages dab519f] Auto-deploy: 2026-09-23T03:00:24Z
 Date: Tue Sep 15 08:43:09 2026 +0100
 4 files changed, 4152 insertions(+)
 create mode 100644 SwiftScheduleParser.log
 create mode 100644 github-swiftschedule-deploy.log
 create mode 100644 index.html
 create mode 100644 logfile
To github-swiftsched:UCD-HEAP/Swift_Schedule.git
 + e15c623...dab519f gh-pages -> gh-pages (forced update)
=== Run finished: Wed Sep 23 04:00:26 IST 2026 ===
=== Run started: Wed Sep 23 04:10:26 IST 2026 ===
[gh-pages a90b79e] Auto-deploy: 2026-09-23T03:10:26Z
 Date: Tue Sep 15 08:43:09 2026 +0100
 4 files changed, 4163 insertions(+)
 create mode 100644 SwiftScheduleParser.log
 create mode 100644 github-swiftschedule-deploy.log
 create mode 100644 index.html
 create mode 100644 logfile
To github-swiftsched:UCD-HEAP/Swift_Schedule.git
 + dab519f...a90b79e gh-pages -> gh-pages (forced update)
=== Run finished: Wed Sep 23 04:10:28 IST 2026 ===
=== Run started: Wed Sep 23 04:20:24 IST 2026 ===
[gh-pages 498805f] Auto-deploy: 2026-09-23T03:20:24Z
 Date: Tue Sep 15 08:43:09 2026 +0100
 4 files changed, 4174 insertions(+)
 create mode 100644 SwiftScheduleParser.log
 create mode 100644 github-swiftschedule-deploy.log
 create mode 100644 index.html
 create mode 100644 logfile
To github-swiftsched:UCD-HEAP/Swift_Schedule.git
 + a90b79e...498805f gh-pages -> gh-pages (forced update)
=== Run finished: Wed Sep 23 04:20:26 IST 2026 ===
=== Run started: Wed Sep 23 04:30:26 IST 2026 ===
[gh-pages 722e251] Auto-deploy: 2026-09-23T03:30:26Z
 Date: Tue Sep 15 08:43:09 2026 +0100
 4 files changed, 4185 insertions(+)
 create mode 100644 SwiftScheduleParser.log
 create mode 100644 github-swiftschedule-deploy.log
 create mode 100644 index.html
 create mode 100644 logfile
To github-swiftsched:UCD-HEAP/Swift_Schedule.git
 + 498805f...722e251 gh-pages -> gh-pages (forced update)
=== Run finished: Wed Sep 23 04:30:27 IST 2026 ===
=== Run started: Wed Sep 23 04:40:23 IST 2026 ===
[gh-pages 184dabb] Auto-deploy: 2026-09-23T03:40:23Z
 Date: Tue Sep 15 08:43:09 2026 +0100
 4 files changed, 4196 insertions(+)
 create mode 100644 SwiftScheduleParser.log
 create mode 100644 github-swiftschedule-deploy.log
 create mode 100644 index.html
 create mode 100644 logfile
To github-swiftsched:UCD-HEAP/Swift_Schedule.git
 + 722e251...184dabb gh-pages -> gh-pages (forced update)
=== Run finished: Wed Sep 23 04:40:25 IST 2026 ===
=== Run started: Wed Sep 23 04:50:26 IST 2026 ===
[gh-pages 1e45a64] Auto-deploy: 2026-09-23T03:50:26Z
 Date: Tue Sep 15 08:43:09 2026 +0100
 4 files changed, 4207 insertions(+)
 create mode 100644 SwiftScheduleParser.log
 create mode 100644 github-swiftschedule-deploy.log
 create mode 100644 index.html
 create mode 100644 logfile
To github-swiftsched:UCD-HEAP/Swift_Schedule.git
 + 184dabb...1e45a64 gh-pages -> gh-pages (forced update)
=== Run finished: Wed Sep 23 04:50:28 IST 2026 ===
=== Run started: Wed Sep 23 05:00:24 IST 2026 ===
[gh-pages 51b61b2] Auto-deploy: 2026-09-23T04:00:24Z
 Date: Tue Sep 15 08:43:09 2026 +0100
 4 files changed, 4218 insertions(+)
 create mode 100644 SwiftScheduleParser.log
 create mode 100644 github-swiftschedule-deploy.log
 create mode 100644 index.html
 create mode 100644 logfile
To github-swiftsched:UCD-HEAP/Swift_Schedule.git
 + 1e45a64...51b61b2 gh-pages -> gh-pages (forced update)
=== Run finished: Wed Sep 23 05:00:26 IST 2026 ===
=== Run started: Wed Sep 23 05:10:25 IST 2026 ===
[gh-pages 5ac2edc] Auto-deploy: 2026-09-23T04:10:25Z
 Date: Tue Sep 15 08:43:09 2026 +0100
 4 files changed, 4229 insertions(+)
 create mode 100644 SwiftScheduleParser.log
 create mode 100644 github-swiftschedule-deploy.log
 create mode 100644 index.html
 create mode 100644 logfile
To github-swiftsched:UCD-HEAP/Swift_Schedule.git
 + 51b61b2...5ac2edc gh-pages -> gh-pages (forced update)
=== Run finished: Wed Sep 23 05:10:26 IST 2026 ===
=== Run started: Wed Sep 23 05:20:24 IST 2026 ===
[gh-pages 8630c28] Auto-deploy: 2026-09-23T04:20:24Z
 Date: Tue Sep 15 08:43:09 2026 +0100
 4 files changed, 4240 insertions(+)
 create mode 100644 SwiftScheduleParser.log
 create mode 100644 github-swiftschedule-deploy.log
 create mode 100644 index.html
 create mode 100644 logfile
To github-swiftsched:UCD-HEAP/Swift_Schedule.git
 + 5ac2edc...8630c28 gh-pages -> gh-pages (forced update)
=== Run finished: Wed Sep 23 05:20:25 IST 2026 ===
=== Run started: Wed Sep 23 05:30:27 IST 2026 ===
[gh-pages 7005efc] Auto-deploy: 2026-09-23T04:30:27Z
 Date: Tue Sep 15 08:43:09 2026 +0100
 4 files changed, 4251 insertions(+)
 create mode 100644 SwiftScheduleParser.log
 create mode 100644 github-swiftschedule-deploy.log
 create mode 100644 index.html
 create mode 100644 logfile
To github-swiftsched:UCD-HEAP/Swift_Schedule.git
 + 8630c28...7005efc gh-pages -> gh-pages (forced update)
=== Run finished: Wed Sep 23 05:30:29 IST 2026 ===
=== Run started: Wed Sep 23 05:40:24 IST 2026 ===
[gh-pages cfe009d] Auto-deploy: 2026-09-23T04:40:24Z
 Date: Tue Sep 15 08:43:09 2026 +0100
 4 files changed, 4262 insertions(+)
 create mode 100644 SwiftScheduleParser.log
 create mode 100644 github-swiftschedule-deploy.log
 create mode 100644 index.html
 create mode 100644 logfile
To github-swiftsched:UCD-HEAP/Swift_Schedule.git
 + 7005efc...cfe009d gh-pages -> gh-pages (forced update)
=== Run finished: Wed Sep 23 05:40:26 IST 2026 ===
=== Run started: Wed Sep 23 05:50:26 IST 2026 ===
[gh-pages ff4a4c3] Auto-deploy: 2026-09-23T04:50:26Z
 Date: Tue Sep 15 08:43:09 2026 +0100
 4 files changed, 4273 insertions(+)
 create mode 100644 SwiftScheduleParser.log
 create mode 100644 github-swiftschedule-deploy.log
 create mode 100644 index.html
 create mode 100644 logfile
To github-swiftsched:UCD-HEAP/Swift_Schedule.git
 + cfe009d...ff4a4c3 gh-pages -> gh-pages (forced update)
=== Run finished: Wed Sep 23 05:50:28 IST 2026 ===
=== Run started: Wed Sep 23 06:00:24 IST 2026 ===
[gh-pages 7e45f70] Auto-deploy: 2026-09-23T05:00:24Z
 Date: Tue Sep 15 08:43:09 2026 +0100
 4 files changed, 4284 insertions(+)
 create mode 100644 SwiftScheduleParser.log
 create mode 100644 github-swiftschedule-deploy.log
 create mode 100644 index.html
 create mode 100644 logfile
To github-swiftsched:UCD-HEAP/Swift_Schedule.git
 + ff4a4c3...7e45f70 gh-pages -> gh-pages (forced update)
=== Run finished: Wed Sep 23 06:00:25 IST 2026 ===
=== Run started: Wed Sep 23 06:10:26 IST 2026 ===
[gh-pages 22d5733] Auto-deploy: 2026-09-23T05:10:26Z
 Date: Tue Sep 15 08:43:09 2026 +0100
 4 files changed, 4295 insertions(+)
 create mode 100644 SwiftScheduleParser.log
 create mode 100644 github-swiftschedule-deploy.log
 create mode 100644 index.html
 create mode 100644 logfile
To github-swiftsched:UCD-HEAP/Swift_Schedule.git
 + 7e45f70...22d5733 gh-pages -> gh-pages (forced update)
=== Run finished: Wed Sep 23 06:10:28 IST 2026 ===
=== Run started: Wed Sep 23 06:20:27 IST 2026 ===
[gh-pages 04dfff4] Auto-deploy: 2026-09-23T05:20:27Z
 Date: Tue Sep 15 08:43:09 2026 +0100
 4 files changed, 4306 insertions(+)
 create mode 100644 SwiftScheduleParser.log
 create mode 100644 github-swiftschedule-deploy.log
 create mode 100644 index.html
 create mode 100644 logfile
To github-swiftsched:UCD-HEAP/Swift_Schedule.git
 + 22d5733...04dfff4 gh-pages -> gh-pages (forced update)
=== Run finished: Wed Sep 23 06:20:28 IST 2026 ===
=== Run started: Wed Sep 23 06:30:24 IST 2026 ===
[gh-pages d9a3d71] Auto-deploy: 2026-09-23T05:30:24Z
 Date: Tue Sep 15 08:43:09 2026 +0100
 4 files changed, 4317 insertions(+)
 create mode 100644 SwiftScheduleParser.log
 create mode 100644 github-swiftschedule-deploy.log
 create mode 100644 index.html
 create mode 100644 logfile
To github-swiftsched:UCD-HEAP/Swift_Schedule.git
 + 04dfff4...d9a3d71 gh-pages -> gh-pages (forced update)
=== Run finished: Wed Sep 23 06:30:26 IST 2026 ===
=== Run started: Wed Sep 23 06:40:26 IST 2026 ===
[gh-pages 679dda7] Auto-deploy: 2026-09-23T05:40:26Z
 Date: Tue Sep 15 08:43:09 2026 +0100
 4 files changed, 4328 insertions(+)
 create mode 100644 SwiftScheduleParser.log
 create mode 100644 github-swiftschedule-deploy.log
 create mode 100644 index.html
 create mode 100644 logfile
To github-swiftsched:UCD-HEAP/Swift_Schedule.git
 + d9a3d71...679dda7 gh-pages -> gh-pages (forced update)
=== Run finished: Wed Sep 23 06:40:28 IST 2026 ===
=== Run started: Wed Sep 23 06:50:24 IST 2026 ===
[gh-pages c31278a] Auto-deploy: 2026-09-23T05:50:24Z
 Date: Tue Sep 15 08:43:09 2026 +0100
 4 files changed, 4339 insertions(+)
 create mode 100644 SwiftScheduleParser.log
 create mode 100644 github-swiftschedule-deploy.log
 create mode 100644 index.html
 create mode 100644 logfile
To github-swiftsched:UCD-HEAP/Swift_Schedule.git
 + 679dda7...c31278a gh-pages -> gh-pages (forced update)
=== Run finished: Wed Sep 23 06:50:26 IST 2026 ===
=== Run started: Wed Sep 23 07:00:26 IST 2026 ===
[gh-pages 6a6e1d4] Auto-deploy: 2026-09-23T06:00:26Z
 Date: Tue Sep 15 08:43:09 2026 +0100
 4 files changed, 4350 insertions(+)
 create mode 100644 SwiftScheduleParser.log
 create mode 100644 github-swiftschedule-deploy.log
 create mode 100644 index.html
 create mode 100644 logfile
To github-swiftsched:UCD-HEAP/Swift_Schedule.git
 + c31278a...6a6e1d4 gh-pages -> gh-pages (forced update)
=== Run finished: Wed Sep 23 07:00:27 IST 2026 ===
=== Run started: Wed Sep 23 07:10:26 IST 2026 ===
[gh-pages 60e9383] Auto-deploy: 2026-09-23T06:10:27Z
 Date: Tue Sep 15 08:43:09 2026 +0100
 4 files changed, 4361 insertions(+)
 create mode 100644 SwiftScheduleParser.log
 create mode 100644 github-swiftschedule-deploy.log
 create mode 100644 index.html
 create mode 100644 logfile
To github-swiftsched:UCD-HEAP/Swift_Schedule.git
 + 6a6e1d4...60e9383 gh-pages -> gh-pages (forced update)
=== Run finished: Wed Sep 23 07:10:28 IST 2026 ===
=== Run started: Wed Sep 23 07:20:24 IST 2026 ===
[gh-pages f7284d9] Auto-deploy: 2026-09-23T06:20:25Z
 Date: Tue Sep 15 08:43:09 2026 +0100
 4 files changed, 4372 insertions(+)
 create mode 100644 SwiftScheduleParser.log
 create mode 100644 github-swiftschedule-deploy.log
 create mode 100644 index.html
 create mode 100644 logfile
To github-swiftsched:UCD-HEAP/Swift_Schedule.git
 + 60e9383...f7284d9 gh-pages -> gh-pages (forced update)
=== Run finished: Wed Sep 23 07:20:26 IST 2026 ===
=== Run started: Wed Sep 23 07:30:26 IST 2026 ===
[gh-pages fa233a3] Auto-deploy: 2026-09-23T06:30:26Z
 Date: Tue Sep 15 08:43:09 2026 +0100
 4 files changed, 4383 insertions(+)
 create mode 100644 SwiftScheduleParser.log
 create mode 100644 github-swiftschedule-deploy.log
 create mode 100644 index.html
 create mode 100644 logfile
To github-swiftsched:UCD-HEAP/Swift_Schedule.git
 + f7284d9...fa233a3 gh-pages -> gh-pages (forced update)
=== Run finished: Wed Sep 23 07:30:28 IST 2026 ===
=== Run started: Wed Sep 23 07:40:24 IST 2026 ===
[gh-pages c4cde85] Auto-deploy: 2026-09-23T06:40:24Z
 Date: Tue Sep 15 08:43:09 2026 +0100
 4 files changed, 4394 insertions(+)
 create mode 100644 SwiftScheduleParser.log
 create mode 100644 github-swiftschedule-deploy.log
 create mode 100644 index.html
 create mode 100644 logfile
To github-swiftsched:UCD-HEAP/Swift_Schedule.git
 + fa233a3...c4cde85 gh-pages -> gh-pages (forced update)
=== Run finished: Wed Sep 23 07:40:26 IST 2026 ===
=== Run started: Wed Sep 23 07:50:27 IST 2026 ===
[gh-pages c2c3136] Auto-deploy: 2026-09-23T06:50:27Z
 Date: Tue Sep 15 08:43:09 2026 +0100
 4 files changed, 4405 insertions(+)
 create mode 100644 SwiftScheduleParser.log
 create mode 100644 github-swiftschedule-deploy.log
 create mode 100644 index.html
 create mode 100644 logfile
To github-swiftsched:UCD-HEAP/Swift_Schedule.git
 + c4cde85...c2c3136 gh-pages -> gh-pages (forced update)
=== Run finished: Wed Sep 23 07:50:29 IST 2026 ===
=== Run started: Wed Sep 23 08:00:24 IST 2026 ===
[gh-pages 9fe30bf] Auto-deploy: 2026-09-23T07:00:24Z
 Date: Tue Sep 15 08:43:09 2026 +0100
 4 files changed, 4416 insertions(+)
 create mode 100644 SwiftScheduleParser.log
 create mode 100644 github-swiftschedule-deploy.log
 create mode 100644 index.html
 create mode 100644 logfile
To github-swiftsched:UCD-HEAP/Swift_Schedule.git
 + c2c3136...9fe30bf gh-pages -> gh-pages (forced update)
=== Run finished: Wed Sep 23 08:00:26 IST 2026 ===
=== Run started: Wed Sep 23 08:10:26 IST 2026 ===
[gh-pages 67b1602] Auto-deploy: 2026-09-23T07:10:26Z
 Date: Tue Sep 15 08:43:09 2026 +0100
 4 files changed, 4427 insertions(+)
 create mode 100644 SwiftScheduleParser.log
 create mode 100644 github-swiftschedule-deploy.log
 create mode 100644 index.html
 create mode 100644 logfile
To github-swiftsched:UCD-HEAP/Swift_Schedule.git
 + 9fe30bf...67b1602 gh-pages -> gh-pages (forced update)
=== Run finished: Wed Sep 23 08:10:27 IST 2026 ===
=== Run started: Wed Sep 23 08:20:24 IST 2026 ===
[gh-pages d44a233] Auto-deploy: 2026-09-23T07:20:24Z
 Date: Tue Sep 15 08:43:09 2026 +0100
 4 files changed, 4438 insertions(+)
 create mode 100644 SwiftScheduleParser.log
 create mode 100644 github-swiftschedule-deploy.log
 create mode 100644 index.html
 create mode 100644 logfile
To github-swiftsched:UCD-HEAP/Swift_Schedule.git
 + 67b1602...d44a233 gh-pages -> gh-pages (forced update)
=== Run finished: Wed Sep 23 08:20:25 IST 2026 ===
=== Run started: Wed Sep 23 08:30:26 IST 2026 ===
[gh-pages 01f1ac5] Auto-deploy: 2026-09-23T07:30:26Z
 Date: Tue Sep 15 08:43:09 2026 +0100
 4 files changed, 4449 insertions(+)
 create mode 100644 SwiftScheduleParser.log
 create mode 100644 github-swiftschedule-deploy.log
 create mode 100644 index.html
 create mode 100644 logfile
To github-swiftsched:UCD-HEAP/Swift_Schedule.git
 + d44a233...01f1ac5 gh-pages -> gh-pages (forced update)
=== Run finished: Wed Sep 23 08:30:28 IST 2026 ===
=== Run started: Wed Sep 23 08:40:26 IST 2026 ===
[gh-pages a7d7c65] Auto-deploy: 2026-09-23T07:40:26Z
 Date: Tue Sep 15 08:43:09 2026 +0100
 4 files changed, 4460 insertions(+)
 create mode 100644 SwiftScheduleParser.log
 create mode 100644 github-swiftschedule-deploy.log
 create mode 100644 index.html
 create mode 100644 logfile
To github-swiftsched:UCD-HEAP/Swift_Schedule.git
 + 01f1ac5...a7d7c65 gh-pages -> gh-pages (forced update)
=== Run finished: Wed Sep 23 08:40:27 IST 2026 ===
=== Run started: Wed Sep 23 08:50:24 IST 2026 ===
[gh-pages 7af5a13] Auto-deploy: 2026-09-23T07:50:24Z
 Date: Tue Sep 15 08:43:09 2026 +0100
 4 files changed, 4471 insertions(+)
 create mode 100644 SwiftScheduleParser.log
 create mode 100644 github-swiftschedule-deploy.log
 create mode 100644 index.html
 create mode 100644 logfile
To github-swiftsched:UCD-HEAP/Swift_Schedule.git
 + a7d7c65...7af5a13 gh-pages -> gh-pages (forced update)
=== Run finished: Wed Sep 23 08:50:26 IST 2026 ===
=== Run started: Wed Sep 23 09:00:26 IST 2026 ===
[gh-pages 590222b] Auto-deploy: 2026-09-23T08:00:26Z
 Date: Tue Sep 15 08:43:09 2026 +0100
 4 files changed, 4482 insertions(+)
 create mode 100644 SwiftScheduleParser.log
 create mode 100644 github-swiftschedule-deploy.log
 create mode 100644 index.html
 create mode 100644 logfile
To github-swiftsched:UCD-HEAP/Swift_Schedule.git
 + 7af5a13...590222b gh-pages -> gh-pages (forced update)
=== Run finished: Wed Sep 23 09:00:28 IST 2026 ===
=== Run started: Wed Sep 23 09:10:25 IST 2026 ===
[gh-pages da467be] Auto-deploy: 2026-09-23T08:10:25Z
 Date: Tue Sep 15 08:43:09 2026 +0100
 4 files changed, 4493 insertions(+)
 create mode 100644 SwiftScheduleParser.log
 create mode 100644 github-swiftschedule-deploy.log
 create mode 100644 index.html
 create mode 100644 logfile
To github-swiftsched:UCD-HEAP/Swift_Schedule.git
 + 590222b...da467be gh-pages -> gh-pages (forced update)
=== Run finished: Wed Sep 23 09:10:26 IST 2026 ===
=== Run started: Wed Sep 23 09:20:26 IST 2026 ===
[gh-pages 912f293] Auto-deploy: 2026-09-23T08:20:26Z
 Date: Tue Sep 15 08:43:09 2026 +0100
 4 files changed, 4504 insertions(+)
 create mode 100644 SwiftScheduleParser.log
 create mode 100644 github-swiftschedule-deploy.log
 create mode 100644 index.html
 create mode 100644 logfile
To github-swiftsched:UCD-HEAP/Swift_Schedule.git
 + da467be...912f293 gh-pages -> gh-pages (forced update)
=== Run finished: Wed Sep 23 09:20:28 IST 2026 ===
=== Run started: Wed Sep 23 09:30:25 IST 2026 ===
[gh-pages 34d47dc] Auto-deploy: 2026-09-23T08:30:25Z
 Date: Tue Sep 15 08:43:09 2026 +0100
 4 files changed, 4515 insertions(+)
 create mode 100644 SwiftScheduleParser.log
 create mode 100644 github-swiftschedule-deploy.log
 create mode 100644 index.html
 create mode 100644 logfile
To github-swiftsched:UCD-HEAP/Swift_Schedule.git
 + 912f293...34d47dc gh-pages -> gh-pages (forced update)
=== Run finished: Wed Sep 23 09:30:26 IST 2026 ===
=== Run started: Wed Sep 23 09:40:25 IST 2026 ===
[gh-pages fbdf36d] Auto-deploy: 2026-09-23T08:40:25Z
 Date: Tue Sep 15 08:43:09 2026 +0100
 4 files changed, 4526 insertions(+)
 create mode 100644 SwiftScheduleParser.log
 create mode 100644 github-swiftschedule-deploy.log
 create mode 100644 index.html
 create mode 100644 logfile
To github-swiftsched:UCD-HEAP/Swift_Schedule.git
 + 34d47dc...fbdf36d gh-pages -> gh-pages (forced update)
=== Run finished: Wed Sep 23 09:40:27 IST 2026 ===
=== Run started: Wed Sep 23 09:50:26 IST 2026 ===
[gh-pages 73c8855] Auto-deploy: 2026-09-23T08:50:26Z
 Date: Tue Sep 15 08:43:09 2026 +0100
 4 files changed, 4537 insertions(+)
 create mode 100644 SwiftScheduleParser.log
 create mode 100644 github-swiftschedule-deploy.log
 create mode 100644 index.html
 create mode 100644 logfile
To github-swiftsched:UCD-HEAP/Swift_Schedule.git
 + fbdf36d...73c8855 gh-pages -> gh-pages (forced update)
=== Run finished: Wed Sep 23 09:50:27 IST 2026 ===
=== Run started: Wed Sep 23 10:00:24 IST 2026 ===
[gh-pages e9de5c7] Auto-deploy: 2026-09-23T09:00:24Z
 Date: Tue Sep 15 08:43:09 2026 +0100
 4 files changed, 4548 insertions(+)
 create mode 100644 SwiftScheduleParser.log
 create mode 100644 github-swiftschedule-deploy.log
 create mode 100644 index.html
 create mode 100644 logfile
To github-swiftsched:UCD-HEAP/Swift_Schedule.git
 + 73c8855...e9de5c7 gh-pages -> gh-pages (forced update)
=== Run finished: Wed Sep 23 10:00:26 IST 2026 ===
=== Run started: Wed Sep 23 10:10:26 IST 2026 ===
[gh-pages 2d8505e] Auto-deploy: 2026-09-23T09:10:26Z
 Date: Tue Sep 15 08:43:09 2026 +0100
 4 files changed, 4559 insertions(+)
 create mode 100644 SwiftScheduleParser.log
 create mode 100644 github-swiftschedule-deploy.log
 create mode 100644 index.html
 create mode 100644 logfile
To github-swiftsched:UCD-HEAP/Swift_Schedule.git
 + e9de5c7...2d8505e gh-pages -> gh-pages (forced update)
=== Run finished: Wed Sep 23 10:10:28 IST 2026 ===
=== Run started: Wed Sep 23 10:20:26 IST 2026 ===
[gh-pages a765684] Auto-deploy: 2026-09-23T09:20:26Z
 Date: Tue Sep 15 08:43:09 2026 +0100
 4 files changed, 4570 insertions(+)
 create mode 100644 SwiftScheduleParser.log
 create mode 100644 github-swiftschedule-deploy.log
 create mode 100644 index.html
 create mode 100644 logfile
To github-swiftsched:UCD-HEAP/Swift_Schedule.git
 + 2d8505e...a765684 gh-pages -> gh-pages (forced update)
=== Run finished: Wed Sep 23 10:20:28 IST 2026 ===
=== Run started: Wed Sep 23 10:30:24 IST 2026 ===
[gh-pages 7c70b75] Auto-deploy: 2026-09-23T09:30:24Z
 Date: Tue Sep 15 08:43:09 2026 +0100
 4 files changed, 4581 insertions(+)
 create mode 100644 SwiftScheduleParser.log
 create mode 100644 github-swiftschedule-deploy.log
 create mode 100644 index.html
 create mode 100644 logfile
To github-swiftsched:UCD-HEAP/Swift_Schedule.git
 + a765684...7c70b75 gh-pages -> gh-pages (forced update)
=== Run finished: Wed Sep 23 10:30:26 IST 2026 ===
=== Run started: Wed Sep 23 10:40:26 IST 2026 ===
[gh-pages 7489b2b] Auto-deploy: 2026-09-23T09:40:26Z
 Date: Tue Sep 15 08:43:09 2026 +0100
 4 files changed, 4592 insertions(+)
 create mode 100644 SwiftScheduleParser.log
 create mode 100644 github-swiftschedule-deploy.log
 create mode 100644 index.html
 create mode 100644 logfile
To github-swiftsched:UCD-HEAP/Swift_Schedule.git
 + 7c70b75...7489b2b gh-pages -> gh-pages (forced update)
=== Run finished: Wed Sep 23 10:40:27 IST 2026 ===
=== Run started: Wed Sep 23 10:50:26 IST 2026 ===
[gh-pages 80b391a] Auto-deploy: 2026-09-23T09:50:26Z
 Date: Tue Sep 15 08:43:09 2026 +0100
 4 files changed, 4603 insertions(+)
 create mode 100644 SwiftScheduleParser.log
 create mode 100644 github-swiftschedule-deploy.log
 create mode 100644 index.html
 create mode 100644 logfile
To github-swiftsched:UCD-HEAP/Swift_Schedule.git
 + 7489b2b...80b391a gh-pages -> gh-pages (forced update)
=== Run finished: Wed Sep 23 10:50:27 IST 2026 ===
=== Run started: Wed Sep 23 11:00:24 IST 2026 ===
[gh-pages 319fea4] Auto-deploy: 2026-09-23T10:00:24Z
 Date: Tue Sep 15 08:43:09 2026 +0100
 4 files changed, 4614 insertions(+)
 create mode 100644 SwiftScheduleParser.log
 create mode 100644 github-swiftschedule-deploy.log
 create mode 100644 index.html
 create mode 100644 logfile
To github-swiftsched:UCD-HEAP/Swift_Schedule.git
 + 80b391a...319fea4 gh-pages -> gh-pages (forced update)
=== Run finished: Wed Sep 23 11:00:26 IST 2026 ===
=== Run started: Wed Sep 23 11:10:27 IST 2026 ===
[gh-pages b40da2c] Auto-deploy: 2026-09-23T10:10:27Z
 Date: Tue Sep 15 08:43:09 2026 +0100
 4 files changed, 4625 insertions(+)
 create mode 100644 SwiftScheduleParser.log
 create mode 100644 github-swiftschedule-deploy.log
 create mode 100644 index.html
 create mode 100644 logfile
To github-swiftsched:UCD-HEAP/Swift_Schedule.git
 + 319fea4...b40da2c gh-pages -> gh-pages (forced update)
=== Run finished: Wed Sep 23 11:10:28 IST 2026 ===
=== Run started: Wed Sep 23 11:20:25 IST 2026 ===
[gh-pages 2064599] Auto-deploy: 2026-09-23T10:20:25Z
 Date: Tue Sep 15 08:43:09 2026 +0100
 4 files changed, 4636 insertions(+)
 create mode 100644 SwiftScheduleParser.log
 create mode 100644 github-swiftschedule-deploy.log
 create mode 100644 index.html
 create mode 100644 logfile
To github-swiftsched:UCD-HEAP/Swift_Schedule.git
 + b40da2c...2064599 gh-pages -> gh-pages (forced update)
=== Run finished: Wed Sep 23 11:20:27 IST 2026 ===
=== Run started: Wed Sep 23 11:30:25 IST 2026 ===
[gh-pages d81edf1] Auto-deploy: 2026-09-23T10:30:25Z
 Date: Tue Sep 15 08:43:09 2026 +0100
 4 files changed, 4647 insertions(+)
 create mode 100644 SwiftScheduleParser.log
 create mode 100644 github-swiftschedule-deploy.log
 create mode 100644 index.html
 create mode 100644 logfile
To github-swiftsched:UCD-HEAP/Swift_Schedule.git
 + 2064599...d81edf1 gh-pages -> gh-pages (forced update)
=== Run finished: Wed Sep 23 11:30:27 IST 2026 ===
=== Run started: Wed Sep 23 11:40:28 IST 2026 ===
[gh-pages 844c4d3] Auto-deploy: 2026-09-23T10:40:28Z
 Date: Tue Sep 15 08:43:09 2026 +0100
 4 files changed, 4658 insertions(+)
 create mode 100644 SwiftScheduleParser.log
 create mode 100644 github-swiftschedule-deploy.log
 create mode 100644 index.html
 create mode 100644 logfile
To github-swiftsched:UCD-HEAP/Swift_Schedule.git
 + d81edf1...844c4d3 gh-pages -> gh-pages (forced update)
=== Run finished: Wed Sep 23 11:40:30 IST 2026 ===
=== Run started: Wed Sep 23 11:50:23 IST 2026 ===
[gh-pages 5761fb4] Auto-deploy: 2026-09-23T10:50:24Z
 Date: Tue Sep 15 08:43:09 2026 +0100
 4 files changed, 4669 insertions(+)
 create mode 100644 SwiftScheduleParser.log
 create mode 100644 github-swiftschedule-deploy.log
 create mode 100644 index.html
 create mode 100644 logfile
To github-swiftsched:UCD-HEAP/Swift_Schedule.git
 + 844c4d3...5761fb4 gh-pages -> gh-pages (forced update)
=== Run finished: Wed Sep 23 11:50:25 IST 2026 ===
=== Run started: Wed Sep 23 12:00:27 IST 2026 ===
[gh-pages ed7db6d] Auto-deploy: 2026-09-23T11:00:27Z
 Date: Tue Sep 15 08:43:09 2026 +0100
 4 files changed, 4680 insertions(+)
 create mode 100644 SwiftScheduleParser.log
 create mode 100644 github-swiftschedule-deploy.log
 create mode 100644 index.html
 create mode 100644 logfile
To github-swiftsched:UCD-HEAP/Swift_Schedule.git
 + 5761fb4...ed7db6d gh-pages -> gh-pages (forced update)
=== Run finished: Wed Sep 23 12:00:28 IST 2026 ===
=== Run started: Wed Sep 23 12:10:24 IST 2026 ===
[gh-pages 8b37495] Auto-deploy: 2026-09-23T11:10:24Z
 Date: Tue Sep 15 08:43:09 2026 +0100
 4 files changed, 4691 insertions(+)
 create mode 100644 SwiftScheduleParser.log
 create mode 100644 github-swiftschedule-deploy.log
 create mode 100644 index.html
 create mode 100644 logfile
To github-swiftsched:UCD-HEAP/Swift_Schedule.git
 + ed7db6d...8b37495 gh-pages -> gh-pages (forced update)
=== Run finished: Wed Sep 23 12:10:26 IST 2026 ===
=== Run started: Wed Sep 23 12:20:27 IST 2026 ===
[gh-pages b975722] Auto-deploy: 2026-09-23T11:20:27Z
 Date: Tue Sep 15 08:43:09 2026 +0100
 4 files changed, 4702 insertions(+)
 create mode 100644 SwiftScheduleParser.log
 create mode 100644 github-swiftschedule-deploy.log
 create mode 100644 index.html
 create mode 100644 logfile
To github-swiftsched:UCD-HEAP/Swift_Schedule.git
 + 8b37495...b975722 gh-pages -> gh-pages (forced update)
=== Run finished: Wed Sep 23 12:20:28 IST 2026 ===
=== Run started: Wed Sep 23 12:30:24 IST 2026 ===
[gh-pages 1e59102] Auto-deploy: 2026-09-23T11:30:24Z
 Date: Tue Sep 15 08:43:09 2026 +0100
 4 files changed, 4713 insertions(+)
 create mode 100644 SwiftScheduleParser.log
 create mode 100644 github-swiftschedule-deploy.log
 create mode 100644 index.html
 create mode 100644 logfile
To github-swiftsched:UCD-HEAP/Swift_Schedule.git
 + b975722...1e59102 gh-pages -> gh-pages (forced update)
=== Run finished: Wed Sep 23 12:30:25 IST 2026 ===
=== Run started: Wed Sep 23 12:40:26 IST 2026 ===
[gh-pages dbae0db] Auto-deploy: 2026-09-23T11:40:26Z
 Date: Tue Sep 15 08:43:09 2026 +0100
 4 files changed, 4724 insertions(+)
 create mode 100644 SwiftScheduleParser.log
 create mode 100644 github-swiftschedule-deploy.log
 create mode 100644 index.html
 create mode 100644 logfile
To github-swiftsched:UCD-HEAP/Swift_Schedule.git
 + 1e59102...dbae0db gh-pages -> gh-pages (forced update)
=== Run finished: Wed Sep 23 12:40:27 IST 2026 ===
=== Run started: Wed Sep 23 12:50:24 IST 2026 ===
[gh-pages bc2d7af] Auto-deploy: 2026-09-23T11:50:24Z
 Date: Tue Sep 15 08:43:09 2026 +0100
 4 files changed, 4735 insertions(+)
 create mode 100644 SwiftScheduleParser.log
 create mode 100644 github-swiftschedule-deploy.log
 create mode 100644 index.html
 create mode 100644 logfile
To github-swiftsched:UCD-HEAP/Swift_Schedule.git
 + dbae0db...bc2d7af gh-pages -> gh-pages (forced update)
=== Run finished: Wed Sep 23 12:50:26 IST 2026 ===
=== Run started: Wed Sep 23 13:00:25 IST 2026 ===
[gh-pages 9e36dd8] Auto-deploy: 2026-09-23T12:00:25Z
 Date: Tue Sep 15 08:43:09 2026 +0100
 4 files changed, 4746 insertions(+)
 create mode 100644 SwiftScheduleParser.log
 create mode 100644 github-swiftschedule-deploy.log
 create mode 100644 index.html
 create mode 100644 logfile
To github-swiftsched:UCD-HEAP/Swift_Schedule.git
 + bc2d7af...9e36dd8 gh-pages -> gh-pages (forced update)
=== Run finished: Wed Sep 23 13:00:28 IST 2026 ===
=== Run started: Wed Sep 23 13:10:27 IST 2026 ===
[gh-pages 18c3a91] Auto-deploy: 2026-09-23T12:10:27Z
 Date: Tue Sep 15 08:43:09 2026 +0100
 4 files changed, 4757 insertions(+)
 create mode 100644 SwiftScheduleParser.log
 create mode 100644 github-swiftschedule-deploy.log
 create mode 100644 index.html
 create mode 100644 logfile
To github-swiftsched:UCD-HEAP/Swift_Schedule.git
 + 9e36dd8...18c3a91 gh-pages -> gh-pages (forced update)
=== Run finished: Wed Sep 23 13:10:29 IST 2026 ===
=== Run started: Wed Sep 23 13:20:24 IST 2026 ===
[gh-pages 70741ae] Auto-deploy: 2026-09-23T12:20:24Z
 Date: Tue Sep 15 08:43:09 2026 +0100
 4 files changed, 4768 insertions(+)
 create mode 100644 SwiftScheduleParser.log
 create mode 100644 github-swiftschedule-deploy.log
 create mode 100644 index.html
 create mode 100644 logfile
To github-swiftsched:UCD-HEAP/Swift_Schedule.git
 + 18c3a91...70741ae gh-pages -> gh-pages (forced update)
=== Run finished: Wed Sep 23 13:20:26 IST 2026 ===
=== Run started: Wed Sep 23 13:30:26 IST 2026 ===
[gh-pages 09d857d] Auto-deploy: 2026-09-23T12:30:26Z
 Date: Tue Sep 15 08:43:09 2026 +0100
 4 files changed, 4779 insertions(+)
 create mode 100644 SwiftScheduleParser.log
 create mode 100644 github-swiftschedule-deploy.log
 create mode 100644 index.html
 create mode 100644 logfile
To github-swiftsched:UCD-HEAP/Swift_Schedule.git
 + 70741ae...09d857d gh-pages -> gh-pages (forced update)
=== Run finished: Wed Sep 23 13:30:28 IST 2026 ===
=== Run started: Wed Sep 23 13:40:25 IST 2026 ===
[gh-pages 12abc2d] Auto-deploy: 2026-09-23T12:40:25Z
 Date: Tue Sep 15 08:43:09 2026 +0100
 4 files changed, 4790 insertions(+)
 create mode 100644 SwiftScheduleParser.log
 create mode 100644 github-swiftschedule-deploy.log
 create mode 100644 index.html
 create mode 100644 logfile
To github-swiftsched:UCD-HEAP/Swift_Schedule.git
 + 09d857d...12abc2d gh-pages -> gh-pages (forced update)
=== Run finished: Wed Sep 23 13:40:26 IST 2026 ===
=== Run started: Wed Sep 23 13:50:26 IST 2026 ===
[gh-pages d2e62fd] Auto-deploy: 2026-09-23T12:50:26Z
 Date: Tue Sep 15 08:43:09 2026 +0100
 4 files changed, 4801 insertions(+)
 create mode 100644 SwiftScheduleParser.log
 create mode 100644 github-swiftschedule-deploy.log
 create mode 100644 index.html
 create mode 100644 logfile
To github-swiftsched:UCD-HEAP/Swift_Schedule.git
 + 12abc2d...d2e62fd gh-pages -> gh-pages (forced update)
=== Run finished: Wed Sep 23 13:50:28 IST 2026 ===
=== Run started: Wed Sep 23 14:00:24 IST 2026 ===
[gh-pages b2960e8] Auto-deploy: 2026-09-23T13:00:24Z
 Date: Tue Sep 15 08:43:09 2026 +0100
 4 files changed, 4812 insertions(+)
 create mode 100644 SwiftScheduleParser.log
 create mode 100644 github-swiftschedule-deploy.log
 create mode 100644 index.html
 create mode 100644 logfile
To github-swiftsched:UCD-HEAP/Swift_Schedule.git
 + d2e62fd...b2960e8 gh-pages -> gh-pages (forced update)
=== Run finished: Wed Sep 23 14:00:30 IST 2026 ===
=== Run started: Wed Sep 23 14:10:27 IST 2026 ===
[gh-pages 05aaa53] Auto-deploy: 2026-09-23T13:10:27Z
 Date: Tue Sep 15 08:43:09 2026 +0100
 4 files changed, 4823 insertions(+)
 create mode 100644 SwiftScheduleParser.log
 create mode 100644 github-swiftschedule-deploy.log
 create mode 100644 index.html
 create mode 100644 logfile
To github-swiftsched:UCD-HEAP/Swift_Schedule.git
 + b2960e8...05aaa53 gh-pages -> gh-pages (forced update)
=== Run finished: Wed Sep 23 14:10:28 IST 2026 ===
=== Run started: Wed Sep 23 14:20:24 IST 2026 ===
[gh-pages 6da5c09] Auto-deploy: 2026-09-23T13:20:24Z
 Date: Tue Sep 15 08:43:09 2026 +0100
 4 files changed, 4834 insertions(+)
 create mode 100644 SwiftScheduleParser.log
 create mode 100644 github-swiftschedule-deploy.log
 create mode 100644 index.html
 create mode 100644 logfile
To github-swiftsched:UCD-HEAP/Swift_Schedule.git
 + 05aaa53...6da5c09 gh-pages -> gh-pages (forced update)
=== Run finished: Wed Sep 23 14:20:26 IST 2026 ===
=== Run started: Wed Sep 23 14:30:26 IST 2026 ===
[gh-pages 4268110] Auto-deploy: 2026-09-23T13:30:26Z
 Date: Tue Sep 15 08:43:09 2026 +0100
 4 files changed, 4845 insertions(+)
 create mode 100644 SwiftScheduleParser.log
 create mode 100644 github-swiftschedule-deploy.log
 create mode 100644 index.html
 create mode 100644 logfile
To github-swiftsched:UCD-HEAP/Swift_Schedule.git
 + 6da5c09...4268110 gh-pages -> gh-pages (forced update)
=== Run finished: Wed Sep 23 14:30:27 IST 2026 ===
=== Run started: Wed Sep 23 14:40:24 IST 2026 ===
[gh-pages 19f2080] Auto-deploy: 2026-09-23T13:40:24Z
 Date: Tue Sep 15 08:43:09 2026 +0100
 4 files changed, 4856 insertions(+)
 create mode 100644 SwiftScheduleParser.log
 create mode 100644 github-swiftschedule-deploy.log
 create mode 100644 index.html
 create mode 100644 logfile
To github-swiftsched:UCD-HEAP/Swift_Schedule.git
 + 4268110...19f2080 gh-pages -> gh-pages (forced update)
=== Run finished: Wed Sep 23 14:40:25 IST 2026 ===
=== Run started: Wed Sep 23 14:50:26 IST 2026 ===
[gh-pages 93d790e] Auto-deploy: 2026-09-23T13:50:26Z
 Date: Tue Sep 15 08:43:09 2026 +0100
 4 files changed, 4867 insertions(+)
 create mode 100644 SwiftScheduleParser.log
 create mode 100644 github-swiftschedule-deploy.log
 create mode 100644 index.html
 create mode 100644 logfile
To github-swiftsched:UCD-HEAP/Swift_Schedule.git
 + 19f2080...93d790e gh-pages -> gh-pages (forced update)
=== Run finished: Wed Sep 23 14:50:27 IST 2026 ===
=== Run started: Wed Sep 23 15:00:26 IST 2026 ===
[gh-pages 806fc99] Auto-deploy: 2026-09-23T14:00:26Z
 Date: Tue Sep 15 08:43:09 2026 +0100
 4 files changed, 4878 insertions(+)
 create mode 100644 SwiftScheduleParser.log
 create mode 100644 github-swiftschedule-deploy.log
 create mode 100644 index.html
 create mode 100644 logfile
git@github.com: Permission denied (publickey).
fatal: Could not read from remote repository.

Please make sure you have the correct access rights
and the repository exists.
=== Run started: Wed Sep 23 15:10:24 IST 2026 ===
[gh-pages d29aea9] Auto-deploy: 2026-09-23T14:10:24Z
 Date: Tue Sep 15 08:43:09 2026 +0100
 4 files changed, 4891 insertions(+)
 create mode 100644 SwiftScheduleParser.log
 create mode 100644 github-swiftschedule-deploy.log
 create mode 100644 index.html
 create mode 100644 logfile
To github-swiftsched:UCD-HEAP/Swift_Schedule.git
 + 93d790e...d29aea9 gh-pages -> gh-pages (forced update)
=== Run finished: Wed Sep 23 15:10:27 IST 2026 ===
=== Run started: Wed Sep 23 15:20:26 IST 2026 ===
[gh-pages aa6b155] Auto-deploy: 2026-09-23T14:20:26Z
 Date: Tue Sep 15 08:43:09 2026 +0100
 4 files changed, 4902 insertions(+)
 create mode 100644 SwiftScheduleParser.log
 create mode 100644 github-swiftschedule-deploy.log
 create mode 100644 index.html
 create mode 100644 logfile
To github-swiftsched:UCD-HEAP/Swift_Schedule.git
 + d29aea9...aa6b155 gh-pages -> gh-pages (forced update)
=== Run finished: Wed Sep 23 15:20:27 IST 2026 ===
=== Run started: Wed Sep 23 15:30:24 IST 2026 ===
[gh-pages 224d1e2] Auto-deploy: 2026-09-23T14:30:24Z
 Date: Tue Sep 15 08:43:09 2026 +0100
 4 files changed, 4913 insertions(+)
 create mode 100644 SwiftScheduleParser.log
 create mode 100644 github-swiftschedule-deploy.log
 create mode 100644 index.html
 create mode 100644 logfile
To github-swiftsched:UCD-HEAP/Swift_Schedule.git
 + aa6b155...224d1e2 gh-pages -> gh-pages (forced update)
=== Run finished: Wed Sep 23 15:30:26 IST 2026 ===
=== Run started: Wed Sep 23 15:40:26 IST 2026 ===
[gh-pages 4dd3fde] Auto-deploy: 2026-09-23T14:40:26Z
 Date: Tue Sep 15 08:43:09 2026 +0100
 4 files changed, 4924 insertions(+)
 create mode 100644 SwiftScheduleParser.log
 create mode 100644 github-swiftschedule-deploy.log
 create mode 100644 index.html
 create mode 100644 logfile
To github-swiftsched:UCD-HEAP/Swift_Schedule.git
 + 224d1e2...4dd3fde gh-pages -> gh-pages (forced update)
=== Run finished: Wed Sep 23 15:40:27 IST 2026 ===
=== Run started: Wed Sep 23 15:50:24 IST 2026 ===
[gh-pages f65e8cd] Auto-deploy: 2026-09-23T14:50:24Z
 Date: Tue Sep 15 08:43:09 2026 +0100
 4 files changed, 4935 insertions(+)
 create mode 100644 SwiftScheduleParser.log
 create mode 100644 github-swiftschedule-deploy.log
 create mode 100644 index.html
 create mode 100644 logfile
To github-swiftsched:UCD-HEAP/Swift_Schedule.git
 + 4dd3fde...f65e8cd gh-pages -> gh-pages (forced update)
=== Run finished: Wed Sep 23 15:50:26 IST 2026 ===
=== Run started: Wed Sep 23 16:00:25 IST 2026 ===
[gh-pages 50ad5ca] Auto-deploy: 2026-09-23T15:00:25Z
 Date: Tue Sep 15 08:43:09 2026 +0100
 4 files changed, 4946 insertions(+)
 create mode 100644 SwiftScheduleParser.log
 create mode 100644 github-swiftschedule-deploy.log
 create mode 100644 index.html
 create mode 100644 logfile
To github-swiftsched:UCD-HEAP/Swift_Schedule.git
 + f65e8cd...50ad5ca gh-pages -> gh-pages (forced update)
=== Run finished: Wed Sep 23 16:00:31 IST 2026 ===
=== Run started: Wed Sep 23 16:10:27 IST 2026 ===
[gh-pages d2112c5] Auto-deploy: 2026-09-23T15:10:27Z
 Date: Tue Sep 15 08:43:09 2026 +0100
 4 files changed, 4957 insertions(+)
 create mode 100644 SwiftScheduleParser.log
 create mode 100644 github-swiftschedule-deploy.log
 create mode 100644 index.html
 create mode 100644 logfile
To github-swiftsched:UCD-HEAP/Swift_Schedule.git
 + 50ad5ca...d2112c5 gh-pages -> gh-pages (forced update)
=== Run finished: Wed Sep 23 16:10:35 IST 2026 ===
=== Run started: Wed Sep 23 16:20:25 IST 2026 ===
[gh-pages 90cb23a] Auto-deploy: 2026-09-23T15:20:25Z
 Date: Tue Sep 15 08:43:09 2026 +0100
 4 files changed, 4968 insertions(+)
 create mode 100644 SwiftScheduleParser.log
 create mode 100644 github-swiftschedule-deploy.log
 create mode 100644 index.html
 create mode 100644 logfile
To github-swiftsched:UCD-HEAP/Swift_Schedule.git
 + d2112c5...90cb23a gh-pages -> gh-pages (forced update)
=== Run finished: Wed Sep 23 16:20:27 IST 2026 ===
=== Run started: Wed Sep 23 16:30:26 IST 2026 ===
[gh-pages fc3e26c] Auto-deploy: 2026-09-23T15:30:26Z
 Date: Tue Sep 15 08:43:09 2026 +0100
 4 files changed, 4979 insertions(+)
 create mode 100644 SwiftScheduleParser.log
 create mode 100644 github-swiftschedule-deploy.log
 create mode 100644 index.html
 create mode 100644 logfile
To github-swiftsched:UCD-HEAP/Swift_Schedule.git
 + 90cb23a...fc3e26c gh-pages -> gh-pages (forced update)
=== Run finished: Wed Sep 23 16:30:28 IST 2026 ===
=== Run started: Wed Sep 23 16:40:26 IST 2026 ===
[gh-pages 51e72c3] Auto-deploy: 2026-09-23T15:40:26Z
 Date: Tue Sep 15 08:43:09 2026 +0100
 4 files changed, 4990 insertions(+)
 create mode 100644 SwiftScheduleParser.log
 create mode 100644 github-swiftschedule-deploy.log
 create mode 100644 index.html
 create mode 100644 logfile
To github-swiftsched:UCD-HEAP/Swift_Schedule.git
 + fc3e26c...51e72c3 gh-pages -> gh-pages (forced update)
=== Run finished: Wed Sep 23 16:40:28 IST 2026 ===
=== Run started: Wed Sep 23 16:50:25 IST 2026 ===
[gh-pages 6a74cf1] Auto-deploy: 2026-09-23T15:50:25Z
 Date: Tue Sep 15 08:43:09 2026 +0100
 4 files changed, 5001 insertions(+)
 create mode 100644 SwiftScheduleParser.log
 create mode 100644 github-swiftschedule-deploy.log
 create mode 100644 index.html
 create mode 100644 logfile
To github-swiftsched:UCD-HEAP/Swift_Schedule.git
 + 51e72c3...6a74cf1 gh-pages -> gh-pages (forced update)
=== Run finished: Wed Sep 23 16:50:26 IST 2026 ===
=== Run started: Wed Sep 23 17:00:25 IST 2026 ===
[gh-pages a128f3a] Auto-deploy: 2026-09-23T16:00:25Z
 Date: Tue Sep 15 08:43:09 2026 +0100
 4 files changed, 5012 insertions(+)
 create mode 100644 SwiftScheduleParser.log
 create mode 100644 github-swiftschedule-deploy.log
 create mode 100644 index.html
 create mode 100644 logfile
To github-swiftsched:UCD-HEAP/Swift_Schedule.git
 + 6a74cf1...a128f3a gh-pages -> gh-pages (forced update)
=== Run finished: Wed Sep 23 17:00:27 IST 2026 ===
=== Run started: Wed Sep 23 17:10:27 IST 2026 ===
[gh-pages 09b6a75] Auto-deploy: 2026-09-23T16:10:27Z
 Date: Tue Sep 15 08:43:09 2026 +0100
 4 files changed, 5023 insertions(+)
 create mode 100644 SwiftScheduleParser.log
 create mode 100644 github-swiftschedule-deploy.log
 create mode 100644 index.html
 create mode 100644 logfile
To github-swiftsched:UCD-HEAP/Swift_Schedule.git
 + a128f3a...09b6a75 gh-pages -> gh-pages (forced update)
=== Run finished: Wed Sep 23 17:10:29 IST 2026 ===
=== Run started: Wed Sep 23 17:20:26 IST 2026 ===
[gh-pages e6296b3] Auto-deploy: 2026-09-23T16:20:26Z
 Date: Tue Sep 15 08:43:09 2026 +0100
 4 files changed, 5034 insertions(+)
 create mode 100644 SwiftScheduleParser.log
 create mode 100644 github-swiftschedule-deploy.log
 create mode 100644 index.html
 create mode 100644 logfile
To github-swiftsched:UCD-HEAP/Swift_Schedule.git
 + 09b6a75...e6296b3 gh-pages -> gh-pages (forced update)
=== Run finished: Wed Sep 23 17:20:27 IST 2026 ===
=== Run started: Wed Sep 23 17:30:27 IST 2026 ===
[gh-pages d088653] Auto-deploy: 2026-09-23T16:30:27Z
 Date: Tue Sep 15 08:43:09 2026 +0100
 4 files changed, 5045 insertions(+)
 create mode 100644 SwiftScheduleParser.log
 create mode 100644 github-swiftschedule-deploy.log
 create mode 100644 index.html
 create mode 100644 logfile
To github-swiftsched:UCD-HEAP/Swift_Schedule.git
 + e6296b3...d088653 gh-pages -> gh-pages (forced update)
=== Run finished: Wed Sep 23 17:30:28 IST 2026 ===
=== Run started: Wed Sep 23 17:40:24 IST 2026 ===
[gh-pages 263183f] Auto-deploy: 2026-09-23T16:40:24Z
 Date: Tue Sep 15 08:43:09 2026 +0100
 4 files changed, 5056 insertions(+)
 create mode 100644 SwiftScheduleParser.log
 create mode 100644 github-swiftschedule-deploy.log
 create mode 100644 index.html
 create mode 100644 logfile
To github-swiftsched:UCD-HEAP/Swift_Schedule.git
 + d088653...263183f gh-pages -> gh-pages (forced update)
=== Run finished: Wed Sep 23 17:40:26 IST 2026 ===
=== Run started: Wed Sep 23 17:50:27 IST 2026 ===
[gh-pages 428a142] Auto-deploy: 2026-09-23T16:50:27Z
 Date: Tue Sep 15 08:43:09 2026 +0100
 4 files changed, 5067 insertions(+)
 create mode 100644 SwiftScheduleParser.log
 create mode 100644 github-swiftschedule-deploy.log
 create mode 100644 index.html
 create mode 100644 logfile
To github-swiftsched:UCD-HEAP/Swift_Schedule.git
 + 263183f...428a142 gh-pages -> gh-pages (forced update)
=== Run finished: Wed Sep 23 17:50:28 IST 2026 ===
=== Run started: Wed Sep 23 18:00:25 IST 2026 ===
[gh-pages 5e5e556] Auto-deploy: 2026-09-23T17:00:25Z
 Date: Tue Sep 15 08:43:09 2026 +0100
 4 files changed, 5078 insertions(+)
 create mode 100644 SwiftScheduleParser.log
 create mode 100644 github-swiftschedule-deploy.log
 create mode 100644 index.html
 create mode 100644 logfile
To github-swiftsched:UCD-HEAP/Swift_Schedule.git
 + 428a142...5e5e556 gh-pages -> gh-pages (forced update)
=== Run finished: Wed Sep 23 18:00:27 IST 2026 ===
=== Run started: Wed Sep 23 18:10:26 IST 2026 ===
[gh-pages 5c09a99] Auto-deploy: 2026-09-23T17:10:26Z
 Date: Tue Sep 15 08:43:09 2026 +0100
 4 files changed, 5089 insertions(+)
 create mode 100644 SwiftScheduleParser.log
 create mode 100644 github-swiftschedule-deploy.log
 create mode 100644 index.html
 create mode 100644 logfile
To github-swiftsched:UCD-HEAP/Swift_Schedule.git
 + 5e5e556...5c09a99 gh-pages -> gh-pages (forced update)
=== Run finished: Wed Sep 23 18:10:28 IST 2026 ===
=== Run started: Wed Sep 23 18:20:24 IST 2026 ===
[gh-pages 93ead7d] Auto-deploy: 2026-09-23T17:20:24Z
 Date: Tue Sep 15 08:43:09 2026 +0100
 4 files changed, 5100 insertions(+)
 create mode 100644 SwiftScheduleParser.log
 create mode 100644 github-swiftschedule-deploy.log
 create mode 100644 index.html
 create mode 100644 logfile
To github-swiftsched:UCD-HEAP/Swift_Schedule.git
 + 5c09a99...93ead7d gh-pages -> gh-pages (forced update)
=== Run finished: Wed Sep 23 18:20:26 IST 2026 ===
=== Run started: Wed Sep 23 18:30:27 IST 2026 ===
[gh-pages a333e27] Auto-deploy: 2026-09-23T17:30:27Z
 Date: Tue Sep 15 08:43:09 2026 +0100
 4 files changed, 5111 insertions(+)
 create mode 100644 SwiftScheduleParser.log
 create mode 100644 github-swiftschedule-deploy.log
 create mode 100644 index.html
 create mode 100644 logfile
To github-swiftsched:UCD-HEAP/Swift_Schedule.git
 + 93ead7d...a333e27 gh-pages -> gh-pages (forced update)
=== Run finished: Wed Sep 23 18:30:29 IST 2026 ===
=== Run started: Wed Sep 23 18:40:24 IST 2026 ===
[gh-pages 5686cb1] Auto-deploy: 2026-09-23T17:40:24Z
 Date: Tue Sep 15 08:43:09 2026 +0100
 4 files changed, 5122 insertions(+)
 create mode 100644 SwiftScheduleParser.log
 create mode 100644 github-swiftschedule-deploy.log
 create mode 100644 index.html
 create mode 100644 logfile
To github-swiftsched:UCD-HEAP/Swift_Schedule.git
 + a333e27...5686cb1 gh-pages -> gh-pages (forced update)
=== Run finished: Wed Sep 23 18:40:26 IST 2026 ===
=== Run started: Wed Sep 23 18:50:26 IST 2026 ===
[gh-pages 61637d8] Auto-deploy: 2026-09-23T17:50:26Z
 Date: Tue Sep 15 08:43:09 2026 +0100
 4 files changed, 5133 insertions(+)
 create mode 100644 SwiftScheduleParser.log
 create mode 100644 github-swiftschedule-deploy.log
 create mode 100644 index.html
 create mode 100644 logfile
To github-swiftsched:UCD-HEAP/Swift_Schedule.git
 + 5686cb1...61637d8 gh-pages -> gh-pages (forced update)
=== Run finished: Wed Sep 23 18:50:28 IST 2026 ===
=== Run started: Wed Sep 23 19:00:24 IST 2026 ===
[gh-pages 0997ff6] Auto-deploy: 2026-09-23T18:00:24Z
 Date: Tue Sep 15 08:43:09 2026 +0100
 4 files changed, 5144 insertions(+)
 create mode 100644 SwiftScheduleParser.log
 create mode 100644 github-swiftschedule-deploy.log
 create mode 100644 index.html
 create mode 100644 logfile
To github-swiftsched:UCD-HEAP/Swift_Schedule.git
 + 61637d8...0997ff6 gh-pages -> gh-pages (forced update)
=== Run finished: Wed Sep 23 19:00:28 IST 2026 ===
=== Run started: Wed Sep 23 19:10:26 IST 2026 ===
[gh-pages 9877f7f] Auto-deploy: 2026-09-23T18:10:26Z
 Date: Tue Sep 15 08:43:09 2026 +0100
 4 files changed, 5155 insertions(+)
 create mode 100644 SwiftScheduleParser.log
 create mode 100644 github-swiftschedule-deploy.log
 create mode 100644 index.html
 create mode 100644 logfile
To github-swiftsched:UCD-HEAP/Swift_Schedule.git
 + 0997ff6...9877f7f gh-pages -> gh-pages (forced update)
=== Run finished: Wed Sep 23 19:10:28 IST 2026 ===
=== Run started: Wed Sep 23 19:20:25 IST 2026 ===
[gh-pages dd001ef] Auto-deploy: 2026-09-23T18:20:25Z
 Date: Tue Sep 15 08:43:09 2026 +0100
 4 files changed, 5166 insertions(+)
 create mode 100644 SwiftScheduleParser.log
 create mode 100644 github-swiftschedule-deploy.log
 create mode 100644 index.html
 create mode 100644 logfile
To github-swiftsched:UCD-HEAP/Swift_Schedule.git
 + 9877f7f...dd001ef gh-pages -> gh-pages (forced update)
=== Run finished: Wed Sep 23 19:20:26 IST 2026 ===
=== Run started: Wed Sep 23 19:30:26 IST 2026 ===
[gh-pages b97c311] Auto-deploy: 2026-09-23T18:30:26Z
 Date: Tue Sep 15 08:43:09 2026 +0100
 4 files changed, 5177 insertions(+)
 create mode 100644 SwiftScheduleParser.log
 create mode 100644 github-swiftschedule-deploy.log
 create mode 100644 index.html
 create mode 100644 logfile
To github-swiftsched:UCD-HEAP/Swift_Schedule.git
 + dd001ef...b97c311 gh-pages -> gh-pages (forced update)
=== Run finished: Wed Sep 23 19:30:28 IST 2026 ===
=== Run started: Wed Sep 23 19:40:25 IST 2026 ===
[gh-pages ee6f7a3] Auto-deploy: 2026-09-23T18:40:25Z
 Date: Tue Sep 15 08:43:09 2026 +0100
 4 files changed, 5188 insertions(+)
 create mode 100644 SwiftScheduleParser.log
 create mode 100644 github-swiftschedule-deploy.log
 create mode 100644 index.html
 create mode 100644 logfile
To github-swiftsched:UCD-HEAP/Swift_Schedule.git
 + b97c311...ee6f7a3 gh-pages -> gh-pages (forced update)
=== Run finished: Wed Sep 23 19:40:26 IST 2026 ===
=== Run started: Wed Sep 23 19:50:27 IST 2026 ===
[gh-pages 19ea278] Auto-deploy: 2026-09-23T18:50:27Z
 Date: Tue Sep 15 08:43:09 2026 +0100
 4 files changed, 5199 insertions(+)
 create mode 100644 SwiftScheduleParser.log
 create mode 100644 github-swiftschedule-deploy.log
 create mode 100644 index.html
 create mode 100644 logfile
To github-swiftsched:UCD-HEAP/Swift_Schedule.git
 + ee6f7a3...19ea278 gh-pages -> gh-pages (forced update)
=== Run finished: Wed Sep 23 19:50:29 IST 2026 ===
=== Run started: Wed Sep 23 20:00:24 IST 2026 ===
[gh-pages d7cfc67] Auto-deploy: 2026-09-23T19:00:24Z
 Date: Tue Sep 15 08:43:09 2026 +0100
 4 files changed, 5210 insertions(+)
 create mode 100644 SwiftScheduleParser.log
 create mode 100644 github-swiftschedule-deploy.log
 create mode 100644 index.html
 create mode 100644 logfile
To github-swiftsched:UCD-HEAP/Swift_Schedule.git
 + 19ea278...d7cfc67 gh-pages -> gh-pages (forced update)
=== Run finished: Wed Sep 23 20:00:26 IST 2026 ===
=== Run started: Wed Sep 23 20:10:27 IST 2026 ===
[gh-pages f4030f5] Auto-deploy: 2026-09-23T19:10:27Z
 Date: Tue Sep 15 08:43:09 2026 +0100
 4 files changed, 5221 insertions(+)
 create mode 100644 SwiftScheduleParser.log
 create mode 100644 github-swiftschedule-deploy.log
 create mode 100644 index.html
 create mode 100644 logfile
To github-swiftsched:UCD-HEAP/Swift_Schedule.git
 + d7cfc67...f4030f5 gh-pages -> gh-pages (forced update)
=== Run finished: Wed Sep 23 20:10:29 IST 2026 ===
=== Run started: Wed Sep 23 20:20:24 IST 2026 ===
[gh-pages 2ad5381] Auto-deploy: 2026-09-23T19:20:24Z
 Date: Tue Sep 15 08:43:09 2026 +0100
 4 files changed, 5232 insertions(+)
 create mode 100644 SwiftScheduleParser.log
 create mode 100644 github-swiftschedule-deploy.log
 create mode 100644 index.html
 create mode 100644 logfile
To github-swiftsched:UCD-HEAP/Swift_Schedule.git
 + f4030f5...2ad5381 gh-pages -> gh-pages (forced update)
=== Run finished: Wed Sep 23 20:20:26 IST 2026 ===
=== Run started: Wed Sep 23 20:30:17 IST 2026 ===
[gh-pages 2c3f092] Auto-deploy: 2026-09-23T19:30:17Z
 Date: Tue Sep 15 08:43:09 2026 +0100
 4 files changed, 5340 insertions(+)
 create mode 100644 SwiftScheduleParser.log
 create mode 100644 github-swiftschedule-deploy.log
 create mode 100644 index.html
 create mode 100644 logfile
To github-swiftsched:UCD-HEAP/Swift_Schedule.git
 + 2ad5381...2c3f092 gh-pages -> gh-pages (forced update)
=== Run finished: Wed Sep 23 20:30:19 IST 2026 ===
=== Run started: Wed Sep 23 20:40:16 IST 2026 ===
[gh-pages ac3b345] Auto-deploy: 2026-09-23T19:40:16Z
 Date: Tue Sep 15 08:43:09 2026 +0100
 4 files changed, 5351 insertions(+)
 create mode 100644 SwiftScheduleParser.log
 create mode 100644 github-swiftschedule-deploy.log
 create mode 100644 index.html
 create mode 100644 logfile
To github-swiftsched:UCD-HEAP/Swift_Schedule.git
 + 2c3f092...ac3b345 gh-pages -> gh-pages (forced update)
=== Run finished: Wed Sep 23 20:40:17 IST 2026 ===
=== Run started: Wed Sep 23 20:50:19 IST 2026 ===
[gh-pages 21b82d1] Auto-deploy: 2026-09-23T19:50:19Z
 Date: Tue Sep 15 08:43:09 2026 +0100
 4 files changed, 5362 insertions(+)
 create mode 100644 SwiftScheduleParser.log
 create mode 100644 github-swiftschedule-deploy.log
 create mode 100644 index.html
 create mode 100644 logfile
To github-swiftsched:UCD-HEAP/Swift_Schedule.git
 + ac3b345...21b82d1 gh-pages -> gh-pages (forced update)
=== Run finished: Wed Sep 23 20:50:21 IST 2026 ===
=== Run started: Wed Sep 23 21:00:15 IST 2026 ===
[gh-pages 4dcc44e] Auto-deploy: 2026-09-23T20:00:15Z
 Date: Tue Sep 15 08:43:09 2026 +0100
 4 files changed, 5373 insertions(+)
 create mode 100644 SwiftScheduleParser.log
 create mode 100644 github-swiftschedule-deploy.log
 create mode 100644 index.html
 create mode 100644 logfile
To github-swiftsched:UCD-HEAP/Swift_Schedule.git
 + 21b82d1...4dcc44e gh-pages -> gh-pages (forced update)
=== Run finished: Wed Sep 23 21:00:18 IST 2026 ===
=== Run started: Wed Sep 23 21:10:16 IST 2026 ===
[gh-pages 7b82f74] Auto-deploy: 2026-09-23T20:10:16Z
 Date: Tue Sep 15 08:43:09 2026 +0100
 4 files changed, 5384 insertions(+)
 create mode 100644 SwiftScheduleParser.log
 create mode 100644 github-swiftschedule-deploy.log
 create mode 100644 index.html
 create mode 100644 logfile
To github-swiftsched:UCD-HEAP/Swift_Schedule.git
 + 4dcc44e...7b82f74 gh-pages -> gh-pages (forced update)
=== Run finished: Wed Sep 23 21:10:17 IST 2026 ===
=== Run started: Wed Sep 23 21:20:17 IST 2026 ===
[gh-pages 937882e] Auto-deploy: 2026-09-23T20:20:17Z
 Date: Tue Sep 15 08:43:09 2026 +0100
 4 files changed, 5395 insertions(+)
 create mode 100644 SwiftScheduleParser.log
 create mode 100644 github-swiftschedule-deploy.log
 create mode 100644 index.html
 create mode 100644 logfile
To github-swiftsched:UCD-HEAP/Swift_Schedule.git
 + 7b82f74...937882e gh-pages -> gh-pages (forced update)
=== Run finished: Wed Sep 23 21:20:19 IST 2026 ===
=== Run started: Wed Sep 23 21:30:15 IST 2026 ===
[gh-pages 573b791] Auto-deploy: 2026-09-23T20:30:15Z
 Date: Tue Sep 15 08:43:09 2026 +0100
 4 files changed, 5406 insertions(+)
 create mode 100644 SwiftScheduleParser.log
 create mode 100644 github-swiftschedule-deploy.log
 create mode 100644 index.html
 create mode 100644 logfile
To github-swiftsched:UCD-HEAP/Swift_Schedule.git
 + 937882e...573b791 gh-pages -> gh-pages (forced update)
=== Run finished: Wed Sep 23 21:30:17 IST 2026 ===
=== Run started: Wed Sep 23 21:40:18 IST 2026 ===
[gh-pages 65af20e] Auto-deploy: 2026-09-23T20:40:18Z
 Date: Tue Sep 15 08:43:09 2026 +0100
 4 files changed, 5417 insertions(+)
 create mode 100644 SwiftScheduleParser.log
 create mode 100644 github-swiftschedule-deploy.log
 create mode 100644 index.html
 create mode 100644 logfile
To github-swiftsched:UCD-HEAP/Swift_Schedule.git
 + 573b791...65af20e gh-pages -> gh-pages (forced update)
=== Run finished: Wed Sep 23 21:40:20 IST 2026 ===
=== Run started: Wed Sep 23 21:50:15 IST 2026 ===
[gh-pages ea4113e] Auto-deploy: 2026-09-23T20:50:15Z
 Date: Tue Sep 15 08:43:09 2026 +0100
 4 files changed, 5428 insertions(+)
 create mode 100644 SwiftScheduleParser.log
 create mode 100644 github-swiftschedule-deploy.log
 create mode 100644 index.html
 create mode 100644 logfile
To github-swiftsched:UCD-HEAP/Swift_Schedule.git
 + 65af20e...ea4113e gh-pages -> gh-pages (forced update)
=== Run finished: Wed Sep 23 21:50:17 IST 2026 ===
=== Run started: Wed Sep 23 22:00:17 IST 2026 ===
[gh-pages 361bd55] Auto-deploy: 2026-09-23T21:00:17Z
 Date: Tue Sep 15 08:43:09 2026 +0100
 4 files changed, 5439 insertions(+)
 create mode 100644 SwiftScheduleParser.log
 create mode 100644 github-swiftschedule-deploy.log
 create mode 100644 index.html
 create mode 100644 logfile
To github-swiftsched:UCD-HEAP/Swift_Schedule.git
 + ea4113e...361bd55 gh-pages -> gh-pages (forced update)
=== Run finished: Wed Sep 23 22:00:19 IST 2026 ===
=== Run started: Wed Sep 23 22:10:18 IST 2026 ===
[gh-pages d8be45b] Auto-deploy: 2026-09-23T21:10:18Z
 Date: Tue Sep 15 08:43:09 2026 +0100
 4 files changed, 5450 insertions(+)
 create mode 100644 SwiftScheduleParser.log
 create mode 100644 github-swiftschedule-deploy.log
 create mode 100644 index.html
 create mode 100644 logfile
To github-swiftsched:UCD-HEAP/Swift_Schedule.git
 + 361bd55...d8be45b gh-pages -> gh-pages (forced update)
=== Run finished: Wed Sep 23 22:10:20 IST 2026 ===
=== Run started: Wed Sep 23 22:20:15 IST 2026 ===
[gh-pages 19187cd] Auto-deploy: 2026-09-23T21:20:15Z
 Date: Tue Sep 15 08:43:09 2026 +0100
 4 files changed, 5461 insertions(+)
 create mode 100644 SwiftScheduleParser.log
 create mode 100644 github-swiftschedule-deploy.log
 create mode 100644 index.html
 create mode 100644 logfile
To github-swiftsched:UCD-HEAP/Swift_Schedule.git
 + d8be45b...19187cd gh-pages -> gh-pages (forced update)
=== Run finished: Wed Sep 23 22:20:17 IST 2026 ===
=== Run started: Wed Sep 23 22:30:17 IST 2026 ===
[gh-pages 828d3d7] Auto-deploy: 2026-09-23T21:30:17Z
 Date: Tue Sep 15 08:43:09 2026 +0100
 4 files changed, 5472 insertions(+)
 create mode 100644 SwiftScheduleParser.log
 create mode 100644 github-swiftschedule-deploy.log
 create mode 100644 index.html
 create mode 100644 logfile
To github-swiftsched:UCD-HEAP/Swift_Schedule.git
 + 19187cd...828d3d7 gh-pages -> gh-pages (forced update)
=== Run finished: Wed Sep 23 22:30:19 IST 2026 ===
=== Run started: Wed Sep 23 22:40:18 IST 2026 ===
[gh-pages 2f0c151] Auto-deploy: 2026-09-23T21:40:18Z
 Date: Tue Sep 15 08:43:09 2026 +0100
 4 files changed, 5483 insertions(+)
 create mode 100644 SwiftScheduleParser.log
 create mode 100644 github-swiftschedule-deploy.log
 create mode 100644 index.html
 create mode 100644 logfile
To github-swiftsched:UCD-HEAP/Swift_Schedule.git
 + 828d3d7...2f0c151 gh-pages -> gh-pages (forced update)
=== Run finished: Wed Sep 23 22:40:19 IST 2026 ===
=== Run started: Wed Sep 23 22:50:15 IST 2026 ===
[gh-pages d1ff2fd] Auto-deploy: 2026-09-23T21:50:15Z
 Date: Tue Sep 15 08:43:09 2026 +0100
 4 files changed, 5494 insertions(+)
 create mode 100644 SwiftScheduleParser.log
 create mode 100644 github-swiftschedule-deploy.log
 create mode 100644 index.html
 create mode 100644 logfile
To github-swiftsched:UCD-HEAP/Swift_Schedule.git
 + 2f0c151...d1ff2fd gh-pages -> gh-pages (forced update)
=== Run finished: Wed Sep 23 22:50:16 IST 2026 ===
=== Run started: Wed Sep 23 23:00:18 IST 2026 ===
[gh-pages 6380015] Auto-deploy: 2026-09-23T22:00:18Z
 Date: Tue Sep 15 08:43:09 2026 +0100
 4 files changed, 5505 insertions(+)
 create mode 100644 SwiftScheduleParser.log
 create mode 100644 github-swiftschedule-deploy.log
 create mode 100644 index.html
 create mode 100644 logfile
To github-swiftsched:UCD-HEAP/Swift_Schedule.git
 + d1ff2fd...6380015 gh-pages -> gh-pages (forced update)
=== Run finished: Wed Sep 23 23:00:20 IST 2026 ===
=== Run started: Wed Sep 23 23:10:15 IST 2026 ===
[gh-pages 849bed9] Auto-deploy: 2026-09-23T22:10:15Z
 Date: Tue Sep 15 08:43:09 2026 +0100
 4 files changed, 5516 insertions(+)
 create mode 100644 SwiftScheduleParser.log
 create mode 100644 github-swiftschedule-deploy.log
 create mode 100644 index.html
 create mode 100644 logfile
To github-swiftsched:UCD-HEAP/Swift_Schedule.git
 + 6380015...849bed9 gh-pages -> gh-pages (forced update)
=== Run finished: Wed Sep 23 23:10:17 IST 2026 ===
=== Run started: Wed Sep 23 23:20:17 IST 2026 ===
[gh-pages 6f1b66e] Auto-deploy: 2026-09-23T22:20:17Z
 Date: Tue Sep 15 08:43:09 2026 +0100
 4 files changed, 5527 insertions(+)
 create mode 100644 SwiftScheduleParser.log
 create mode 100644 github-swiftschedule-deploy.log
 create mode 100644 index.html
 create mode 100644 logfile
To github-swiftsched:UCD-HEAP/Swift_Schedule.git
 + 849bed9...6f1b66e gh-pages -> gh-pages (forced update)
=== Run finished: Wed Sep 23 23:20:19 IST 2026 ===
=== Run started: Wed Sep 23 23:30:15 IST 2026 ===
[gh-pages 9557ef3] Auto-deploy: 2026-09-23T22:30:15Z
 Date: Tue Sep 15 08:43:09 2026 +0100
 4 files changed, 5538 insertions(+)
 create mode 100644 SwiftScheduleParser.log
 create mode 100644 github-swiftschedule-deploy.log
 create mode 100644 index.html
 create mode 100644 logfile
To github-swiftsched:UCD-HEAP/Swift_Schedule.git
 + 6f1b66e...9557ef3 gh-pages -> gh-pages (forced update)
=== Run finished: Wed Sep 23 23:30:17 IST 2026 ===
=== Run started: Wed Sep 23 23:40:17 IST 2026 ===
[gh-pages 803adf9] Auto-deploy: 2026-09-23T22:40:17Z
 Date: Tue Sep 15 08:43:09 2026 +0100
 4 files changed, 5549 insertions(+)
 create mode 100644 SwiftScheduleParser.log
 create mode 100644 github-swiftschedule-deploy.log
 create mode 100644 index.html
 create mode 100644 logfile
To github-swiftsched:UCD-HEAP/Swift_Schedule.git
 + 9557ef3...803adf9 gh-pages -> gh-pages (forced update)
=== Run finished: Wed Sep 23 23:40:19 IST 2026 ===
=== Run started: Wed Sep 23 23:50:15 IST 2026 ===
[gh-pages bdb66e3] Auto-deploy: 2026-09-23T22:50:15Z
 Date: Tue Sep 15 08:43:09 2026 +0100
 4 files changed, 5560 insertions(+)
 create mode 100644 SwiftScheduleParser.log
 create mode 100644 github-swiftschedule-deploy.log
 create mode 100644 index.html
 create mode 100644 logfile
To github-swiftsched:UCD-HEAP/Swift_Schedule.git
 + 803adf9...bdb66e3 gh-pages -> gh-pages (forced update)
=== Run finished: Wed Sep 23 23:50:17 IST 2026 ===
=== Run started: Thu Sep 24 00:00:18 IST 2026 ===
[gh-pages a1e0d64] Auto-deploy: 2026-09-23T23:00:18Z
 Date: Tue Sep 15 08:43:09 2026 +0100
 4 files changed, 5571 insertions(+)
 create mode 100644 SwiftScheduleParser.log
 create mode 100644 github-swiftschedule-deploy.log
 create mode 100644 index.html
 create mode 100644 logfile
To github-swiftsched:UCD-HEAP/Swift_Schedule.git
 + bdb66e3...a1e0d64 gh-pages -> gh-pages (forced update)
=== Run finished: Thu Sep 24 00:00:20 IST 2026 ===
=== Run started: Thu Sep 24 00:10:15 IST 2026 ===
[gh-pages e93e0e0] Auto-deploy: 2026-09-23T23:10:15Z
 Date: Tue Sep 15 08:43:09 2026 +0100
 4 files changed, 5582 insertions(+)
 create mode 100644 SwiftScheduleParser.log
 create mode 100644 github-swiftschedule-deploy.log
 create mode 100644 index.html
 create mode 100644 logfile
To github-swiftsched:UCD-HEAP/Swift_Schedule.git
 + a1e0d64...e93e0e0 gh-pages -> gh-pages (forced update)
=== Run finished: Thu Sep 24 00:10:17 IST 2026 ===
=== Run started: Thu Sep 24 00:20:17 IST 2026 ===
[gh-pages 3f80cc6] Auto-deploy: 2026-09-23T23:20:17Z
 Date: Tue Sep 15 08:43:09 2026 +0100
 4 files changed, 5593 insertions(+)
 create mode 100644 SwiftScheduleParser.log
 create mode 100644 github-swiftschedule-deploy.log
 create mode 100644 index.html
 create mode 100644 logfile
To github-swiftsched:UCD-HEAP/Swift_Schedule.git
 + e93e0e0...3f80cc6 gh-pages -> gh-pages (forced update)
=== Run finished: Thu Sep 24 00:20:19 IST 2026 ===
=== Run started: Thu Sep 24 00:30:19 IST 2026 ===
[gh-pages 32a248f] Auto-deploy: 2026-09-23T23:30:19Z
 Date: Tue Sep 15 08:43:09 2026 +0100
 4 files changed, 5604 insertions(+)
 create mode 100644 SwiftScheduleParser.log
 create mode 100644 github-swiftschedule-deploy.log
 create mode 100644 index.html
 create mode 100644 logfile
To github-swiftsched:UCD-HEAP/Swift_Schedule.git
 + 3f80cc6...32a248f gh-pages -> gh-pages (forced update)
=== Run finished: Thu Sep 24 00:30:21 IST 2026 ===
=== Run started: Thu Sep 24 00:40:15 IST 2026 ===
[gh-pages dd02190] Auto-deploy: 2026-09-23T23:40:15Z
 Date: Tue Sep 15 08:43:09 2026 +0100
 4 files changed, 5615 insertions(+)
 create mode 100644 SwiftScheduleParser.log
 create mode 100644 github-swiftschedule-deploy.log
 create mode 100644 index.html
 create mode 100644 logfile
To github-swiftsched:UCD-HEAP/Swift_Schedule.git
 + 32a248f...dd02190 gh-pages -> gh-pages (forced update)
=== Run finished: Thu Sep 24 00:40:17 IST 2026 ===
=== Run started: Thu Sep 24 00:50:17 IST 2026 ===
[gh-pages cb839ed] Auto-deploy: 2026-09-23T23:50:17Z
 Date: Tue Sep 15 08:43:09 2026 +0100
 4 files changed, 5626 insertions(+)
 create mode 100644 SwiftScheduleParser.log
 create mode 100644 github-swiftschedule-deploy.log
 create mode 100644 index.html
 create mode 100644 logfile
To github-swiftsched:UCD-HEAP/Swift_Schedule.git
 + dd02190...cb839ed gh-pages -> gh-pages (forced update)
=== Run finished: Thu Sep 24 00:50:19 IST 2026 ===
=== Run started: Thu Sep 24 01:00:16 IST 2026 ===
[gh-pages 762c51e] Auto-deploy: 2026-09-24T00:00:16Z
 Date: Tue Sep 15 08:43:09 2026 +0100
 4 files changed, 5611 insertions(+)
 create mode 100644 SwiftScheduleParser.log
 create mode 100644 github-swiftschedule-deploy.log
 create mode 100644 index.html
 create mode 100644 logfile
To github-swiftsched:UCD-HEAP/Swift_Schedule.git
 + cb839ed...762c51e gh-pages -> gh-pages (forced update)
=== Run finished: Thu Sep 24 01:00:18 IST 2026 ===
=== Run started: Thu Sep 24 01:10:17 IST 2026 ===
[gh-pages 9063b66] Auto-deploy: 2026-09-24T00:10:17Z
 Date: Tue Sep 15 08:43:09 2026 +0100
 4 files changed, 5622 insertions(+)
 create mode 100644 SwiftScheduleParser.log
 create mode 100644 github-swiftschedule-deploy.log
 create mode 100644 index.html
 create mode 100644 logfile
To github-swiftsched:UCD-HEAP/Swift_Schedule.git
 + 762c51e...9063b66 gh-pages -> gh-pages (forced update)
=== Run finished: Thu Sep 24 01:10:19 IST 2026 ===
=== Run started: Thu Sep 24 01:20:15 IST 2026 ===
[gh-pages 012d835] Auto-deploy: 2026-09-24T00:20:15Z
 Date: Tue Sep 15 08:43:09 2026 +0100
 4 files changed, 5633 insertions(+)
 create mode 100644 SwiftScheduleParser.log
 create mode 100644 github-swiftschedule-deploy.log
 create mode 100644 index.html
 create mode 100644 logfile
To github-swiftsched:UCD-HEAP/Swift_Schedule.git
 + 9063b66...012d835 gh-pages -> gh-pages (forced update)
=== Run finished: Thu Sep 24 01:20:16 IST 2026 ===
=== Run started: Thu Sep 24 01:30:18 IST 2026 ===
[gh-pages c2439d3] Auto-deploy: 2026-09-24T00:30:18Z
 Date: Tue Sep 15 08:43:09 2026 +0100
 4 files changed, 5644 insertions(+)
 create mode 100644 SwiftScheduleParser.log
 create mode 100644 github-swiftschedule-deploy.log
 create mode 100644 index.html
 create mode 100644 logfile
To github-swiftsched:UCD-HEAP/Swift_Schedule.git
 + 012d835...c2439d3 gh-pages -> gh-pages (forced update)
=== Run finished: Thu Sep 24 01:30:20 IST 2026 ===
=== Run started: Thu Sep 24 01:40:15 IST 2026 ===
[gh-pages ba95201] Auto-deploy: 2026-09-24T00:40:15Z
 Date: Tue Sep 15 08:43:09 2026 +0100
 4 files changed, 5655 insertions(+)
 create mode 100644 SwiftScheduleParser.log
 create mode 100644 github-swiftschedule-deploy.log
 create mode 100644 index.html
 create mode 100644 logfile
To github-swiftsched:UCD-HEAP/Swift_Schedule.git
 + c2439d3...ba95201 gh-pages -> gh-pages (forced update)
=== Run finished: Thu Sep 24 01:40:16 IST 2026 ===
=== Run started: Thu Sep 24 01:50:17 IST 2026 ===
[gh-pages 0e2a12a] Auto-deploy: 2026-09-24T00:50:17Z
 Date: Tue Sep 15 08:43:09 2026 +0100
 4 files changed, 5666 insertions(+)
 create mode 100644 SwiftScheduleParser.log
 create mode 100644 github-swiftschedule-deploy.log
 create mode 100644 index.html
 create mode 100644 logfile
To github-swiftsched:UCD-HEAP/Swift_Schedule.git
 + ba95201...0e2a12a gh-pages -> gh-pages (forced update)
=== Run finished: Thu Sep 24 01:50:19 IST 2026 ===
=== Run started: Thu Sep 24 02:00:15 IST 2026 ===
[gh-pages e0f12c2] Auto-deploy: 2026-09-24T01:00:15Z
 Date: Tue Sep 15 08:43:09 2026 +0100
 4 files changed, 5677 insertions(+)
 create mode 100644 SwiftScheduleParser.log
 create mode 100644 github-swiftschedule-deploy.log
 create mode 100644 index.html
 create mode 100644 logfile
To github-swiftsched:UCD-HEAP/Swift_Schedule.git
 + 0e2a12a...e0f12c2 gh-pages -> gh-pages (forced update)
=== Run finished: Thu Sep 24 02:00:17 IST 2026 ===
=== Run started: Thu Sep 24 02:10:18 IST 2026 ===
[gh-pages cdf8495] Auto-deploy: 2026-09-24T01:10:18Z
 Date: Tue Sep 15 08:43:09 2026 +0100
 4 files changed, 5688 insertions(+)
 create mode 100644 SwiftScheduleParser.log
 create mode 100644 github-swiftschedule-deploy.log
 create mode 100644 index.html
 create mode 100644 logfile
To github-swiftsched:UCD-HEAP/Swift_Schedule.git
 + e0f12c2...cdf8495 gh-pages -> gh-pages (forced update)
=== Run finished: Thu Sep 24 02:10:20 IST 2026 ===
=== Run started: Thu Sep 24 02:20:15 IST 2026 ===
[gh-pages 58427f8] Auto-deploy: 2026-09-24T01:20:15Z
 Date: Tue Sep 15 08:43:09 2026 +0100
 4 files changed, 5699 insertions(+)
 create mode 100644 SwiftScheduleParser.log
 create mode 100644 github-swiftschedule-deploy.log
 create mode 100644 index.html
 create mode 100644 logfile
To github-swiftsched:UCD-HEAP/Swift_Schedule.git
 + cdf8495...58427f8 gh-pages -> gh-pages (forced update)
=== Run finished: Thu Sep 24 02:20:17 IST 2026 ===
=== Run started: Thu Sep 24 02:30:17 IST 2026 ===
[gh-pages fab7f79] Auto-deploy: 2026-09-24T01:30:17Z
 Date: Tue Sep 15 08:43:09 2026 +0100
 4 files changed, 5710 insertions(+)
 create mode 100644 SwiftScheduleParser.log
 create mode 100644 github-swiftschedule-deploy.log
 create mode 100644 index.html
 create mode 100644 logfile
To github-swiftsched:UCD-HEAP/Swift_Schedule.git
 + 58427f8...fab7f79 gh-pages -> gh-pages (forced update)
=== Run finished: Thu Sep 24 02:30:19 IST 2026 ===
=== Run started: Thu Sep 24 02:40:15 IST 2026 ===
[gh-pages fedd696] Auto-deploy: 2026-09-24T01:40:15Z
 Date: Tue Sep 15 08:43:09 2026 +0100
 4 files changed, 5721 insertions(+)
 create mode 100644 SwiftScheduleParser.log
 create mode 100644 github-swiftschedule-deploy.log
 create mode 100644 index.html
 create mode 100644 logfile
To github-swiftsched:UCD-HEAP/Swift_Schedule.git
 + fab7f79...fedd696 gh-pages -> gh-pages (forced update)
=== Run finished: Thu Sep 24 02:40:17 IST 2026 ===
=== Run started: Thu Sep 24 02:50:18 IST 2026 ===
[gh-pages d202440] Auto-deploy: 2026-09-24T01:50:18Z
 Date: Tue Sep 15 08:43:09 2026 +0100
 4 files changed, 5732 insertions(+)
 create mode 100644 SwiftScheduleParser.log
 create mode 100644 github-swiftschedule-deploy.log
 create mode 100644 index.html
 create mode 100644 logfile
To github-swiftsched:UCD-HEAP/Swift_Schedule.git
 + fedd696...d202440 gh-pages -> gh-pages (forced update)
=== Run finished: Thu Sep 24 02:50:19 IST 2026 ===
=== Run started: Thu Sep 24 03:00:16 IST 2026 ===
[gh-pages 6fa9afc] Auto-deploy: 2026-09-24T02:00:16Z
 Date: Tue Sep 15 08:43:09 2026 +0100
 4 files changed, 5743 insertions(+)
 create mode 100644 SwiftScheduleParser.log
 create mode 100644 github-swiftschedule-deploy.log
 create mode 100644 index.html
 create mode 100644 logfile
To github-swiftsched:UCD-HEAP/Swift_Schedule.git
 + d202440...6fa9afc gh-pages -> gh-pages (forced update)
=== Run finished: Thu Sep 24 03:00:17 IST 2026 ===
=== Run started: Thu Sep 24 03:10:17 IST 2026 ===
[gh-pages e7d0a12] Auto-deploy: 2026-09-24T02:10:17Z
 Date: Tue Sep 15 08:43:09 2026 +0100
 4 files changed, 5754 insertions(+)
 create mode 100644 SwiftScheduleParser.log
 create mode 100644 github-swiftschedule-deploy.log
 create mode 100644 index.html
 create mode 100644 logfile
To github-swiftsched:UCD-HEAP/Swift_Schedule.git
 + 6fa9afc...e7d0a12 gh-pages -> gh-pages (forced update)
=== Run finished: Thu Sep 24 03:10:18 IST 2026 ===
=== Run started: Thu Sep 24 03:20:15 IST 2026 ===
[gh-pages 53572d9] Auto-deploy: 2026-09-24T02:20:15Z
 Date: Tue Sep 15 08:43:09 2026 +0100
 4 files changed, 5765 insertions(+)
 create mode 100644 SwiftScheduleParser.log
 create mode 100644 github-swiftschedule-deploy.log
 create mode 100644 index.html
 create mode 100644 logfile
To github-swiftsched:UCD-HEAP/Swift_Schedule.git
 + e7d0a12...53572d9 gh-pages -> gh-pages (forced update)
=== Run finished: Thu Sep 24 03:20:16 IST 2026 ===
=== Run started: Thu Sep 24 03:30:17 IST 2026 ===
[gh-pages 7bc9225] Auto-deploy: 2026-09-24T02:30:17Z
 Date: Tue Sep 15 08:43:09 2026 +0100
 4 files changed, 5776 insertions(+)
 create mode 100644 SwiftScheduleParser.log
 create mode 100644 github-swiftschedule-deploy.log
 create mode 100644 index.html
 create mode 100644 logfile
To github-swiftsched:UCD-HEAP/Swift_Schedule.git
 + 53572d9...7bc9225 gh-pages -> gh-pages (forced update)
=== Run finished: Thu Sep 24 03:30:19 IST 2026 ===
=== Run started: Thu Sep 24 03:40:15 IST 2026 ===
[gh-pages 895520a] Auto-deploy: 2026-09-24T02:40:15Z
 Date: Tue Sep 15 08:43:09 2026 +0100
 4 files changed, 5787 insertions(+)
 create mode 100644 SwiftScheduleParser.log
 create mode 100644 github-swiftschedule-deploy.log
 create mode 100644 index.html
 create mode 100644 logfile
To github-swiftsched:UCD-HEAP/Swift_Schedule.git
 + 7bc9225...895520a gh-pages -> gh-pages (forced update)
=== Run finished: Thu Sep 24 03:40:17 IST 2026 ===
=== Run started: Thu Sep 24 03:50:17 IST 2026 ===
[gh-pages 7e53116] Auto-deploy: 2026-09-24T02:50:17Z
 Date: Tue Sep 15 08:43:09 2026 +0100
 4 files changed, 5798 insertions(+)
 create mode 100644 SwiftScheduleParser.log
 create mode 100644 github-swiftschedule-deploy.log
 create mode 100644 index.html
 create mode 100644 logfile
To github-swiftsched:UCD-HEAP/Swift_Schedule.git
 + 895520a...7e53116 gh-pages -> gh-pages (forced update)
=== Run finished: Thu Sep 24 03:50:18 IST 2026 ===
=== Run started: Thu Sep 24 04:00:18 IST 2026 ===
[gh-pages 3721641] Auto-deploy: 2026-09-24T03:00:18Z
 Date: Tue Sep 15 08:43:09 2026 +0100
 4 files changed, 5809 insertions(+)
 create mode 100644 SwiftScheduleParser.log
 create mode 100644 github-swiftschedule-deploy.log
 create mode 100644 index.html
 create mode 100644 logfile
To github-swiftsched:UCD-HEAP/Swift_Schedule.git
 + 7e53116...3721641 gh-pages -> gh-pages (forced update)
=== Run finished: Thu Sep 24 04:00:19 IST 2026 ===
=== Run started: Thu Sep 24 04:10:15 IST 2026 ===
[gh-pages 3ba26b3] Auto-deploy: 2026-09-24T03:10:15Z
 Date: Tue Sep 15 08:43:09 2026 +0100
 4 files changed, 5820 insertions(+)
 create mode 100644 SwiftScheduleParser.log
 create mode 100644 github-swiftschedule-deploy.log
 create mode 100644 index.html
 create mode 100644 logfile
To github-swiftsched:UCD-HEAP/Swift_Schedule.git
 + 3721641...3ba26b3 gh-pages -> gh-pages (forced update)
=== Run finished: Thu Sep 24 04:10:17 IST 2026 ===
=== Run started: Thu Sep 24 04:20:18 IST 2026 ===
[gh-pages e8d3512] Auto-deploy: 2026-09-24T03:20:18Z
 Date: Tue Sep 15 08:43:09 2026 +0100
 4 files changed, 5831 insertions(+)
 create mode 100644 SwiftScheduleParser.log
 create mode 100644 github-swiftschedule-deploy.log
 create mode 100644 index.html
 create mode 100644 logfile
To github-swiftsched:UCD-HEAP/Swift_Schedule.git
 + 3ba26b3...e8d3512 gh-pages -> gh-pages (forced update)
=== Run finished: Thu Sep 24 04:20:19 IST 2026 ===
=== Run started: Thu Sep 24 04:30:18 IST 2026 ===
[gh-pages c4d90fa] Auto-deploy: 2026-09-24T03:30:18Z
 Date: Tue Sep 15 08:43:09 2026 +0100
 4 files changed, 5842 insertions(+)
 create mode 100644 SwiftScheduleParser.log
 create mode 100644 github-swiftschedule-deploy.log
 create mode 100644 index.html
 create mode 100644 logfile
To github-swiftsched:UCD-HEAP/Swift_Schedule.git
 + e8d3512...c4d90fa gh-pages -> gh-pages (forced update)
=== Run finished: Thu Sep 24 04:30:19 IST 2026 ===
=== Run started: Thu Sep 24 04:40:15 IST 2026 ===
[gh-pages 6c55a82] Auto-deploy: 2026-09-24T03:40:15Z
 Date: Tue Sep 15 08:43:09 2026 +0100
 4 files changed, 5853 insertions(+)
 create mode 100644 SwiftScheduleParser.log
 create mode 100644 github-swiftschedule-deploy.log
 create mode 100644 index.html
 create mode 100644 logfile
To github-swiftsched:UCD-HEAP/Swift_Schedule.git
 + c4d90fa...6c55a82 gh-pages -> gh-pages (forced update)
=== Run finished: Thu Sep 24 04:40:17 IST 2026 ===
=== Run started: Thu Sep 24 04:50:17 IST 2026 ===
[gh-pages dfe7cd8] Auto-deploy: 2026-09-24T03:50:17Z
 Date: Tue Sep 15 08:43:09 2026 +0100
 4 files changed, 5864 insertions(+)
 create mode 100644 SwiftScheduleParser.log
 create mode 100644 github-swiftschedule-deploy.log
 create mode 100644 index.html
 create mode 100644 logfile
To github-swiftsched:UCD-HEAP/Swift_Schedule.git
 + 6c55a82...dfe7cd8 gh-pages -> gh-pages (forced update)
=== Run finished: Thu Sep 24 04:50:18 IST 2026 ===
=== Run started: Thu Sep 24 05:00:18 IST 2026 ===
[gh-pages 486590c] Auto-deploy: 2026-09-24T04:00:18Z
 Date: Tue Sep 15 08:43:09 2026 +0100
 4 files changed, 5875 insertions(+)
 create mode 100644 SwiftScheduleParser.log
 create mode 100644 github-swiftschedule-deploy.log
 create mode 100644 index.html
 create mode 100644 logfile
To github-swiftsched:UCD-HEAP/Swift_Schedule.git
 + dfe7cd8...486590c gh-pages -> gh-pages (forced update)
=== Run finished: Thu Sep 24 05:00:19 IST 2026 ===
=== Run started: Thu Sep 24 05:10:14 IST 2026 ===
[gh-pages cc830a6] Auto-deploy: 2026-09-24T04:10:14Z
 Date: Tue Sep 15 08:43:09 2026 +0100
 4 files changed, 5886 insertions(+)
 create mode 100644 SwiftScheduleParser.log
 create mode 100644 github-swiftschedule-deploy.log
 create mode 100644 index.html
 create mode 100644 logfile
To github-swiftsched:UCD-HEAP/Swift_Schedule.git
 + 486590c...cc830a6 gh-pages -> gh-pages (forced update)
=== Run finished: Thu Sep 24 05:10:16 IST 2026 ===
=== Run started: Thu Sep 24 05:20:17 IST 2026 ===
[gh-pages 5e07f2e] Auto-deploy: 2026-09-24T04:20:17Z
 Date: Tue Sep 15 08:43:09 2026 +0100
 4 files changed, 5897 insertions(+)
 create mode 100644 SwiftScheduleParser.log
 create mode 100644 github-swiftschedule-deploy.log
 create mode 100644 index.html
 create mode 100644 logfile
To github-swiftsched:UCD-HEAP/Swift_Schedule.git
 + cc830a6...5e07f2e gh-pages -> gh-pages (forced update)
=== Run finished: Thu Sep 24 05:20:19 IST 2026 ===
=== Run started: Thu Sep 24 05:30:15 IST 2026 ===
[gh-pages ab30270] Auto-deploy: 2026-09-24T04:30:15Z
 Date: Tue Sep 15 08:43:09 2026 +0100
 4 files changed, 5908 insertions(+)
 create mode 100644 SwiftScheduleParser.log
 create mode 100644 github-swiftschedule-deploy.log
 create mode 100644 index.html
 create mode 100644 logfile
To github-swiftsched:UCD-HEAP/Swift_Schedule.git
 + 5e07f2e...ab30270 gh-pages -> gh-pages (forced update)
=== Run finished: Thu Sep 24 05:30:17 IST 2026 ===
=== Run started: Thu Sep 24 05:40:17 IST 2026 ===
[gh-pages dd87f76] Auto-deploy: 2026-09-24T04:40:17Z
 Date: Tue Sep 15 08:43:09 2026 +0100
 4 files changed, 5919 insertions(+)
 create mode 100644 SwiftScheduleParser.log
 create mode 100644 github-swiftschedule-deploy.log
 create mode 100644 index.html
 create mode 100644 logfile
To github-swiftsched:UCD-HEAP/Swift_Schedule.git
 + ab30270...dd87f76 gh-pages -> gh-pages (forced update)
=== Run finished: Thu Sep 24 05:40:19 IST 2026 ===
=== Run started: Thu Sep 24 05:50:15 IST 2026 ===
[gh-pages c3d6986] Auto-deploy: 2026-09-24T04:50:15Z
 Date: Tue Sep 15 08:43:09 2026 +0100
 4 files changed, 5930 insertions(+)
 create mode 100644 SwiftScheduleParser.log
 create mode 100644 github-swiftschedule-deploy.log
 create mode 100644 index.html
 create mode 100644 logfile
To github-swiftsched:UCD-HEAP/Swift_Schedule.git
 + dd87f76...c3d6986 gh-pages -> gh-pages (forced update)
=== Run finished: Thu Sep 24 05:50:17 IST 2026 ===
=== Run started: Thu Sep 24 06:00:16 IST 2026 ===
[gh-pages 12981b7] Auto-deploy: 2026-09-24T05:00:16Z
 Date: Tue Sep 15 08:43:09 2026 +0100
 4 files changed, 5941 insertions(+)
 create mode 100644 SwiftScheduleParser.log
 create mode 100644 github-swiftschedule-deploy.log
 create mode 100644 index.html
 create mode 100644 logfile
To github-swiftsched:UCD-HEAP/Swift_Schedule.git
 + c3d6986...12981b7 gh-pages -> gh-pages (forced update)
=== Run finished: Thu Sep 24 06:00:18 IST 2026 ===
=== Run started: Thu Sep 24 06:10:18 IST 2026 ===
[gh-pages 82ce670] Auto-deploy: 2026-09-24T05:10:18Z
 Date: Tue Sep 15 08:43:09 2026 +0100
 4 files changed, 5952 insertions(+)
 create mode 100644 SwiftScheduleParser.log
 create mode 100644 github-swiftschedule-deploy.log
 create mode 100644 index.html
 create mode 100644 logfile
To github-swiftsched:UCD-HEAP/Swift_Schedule.git
 + 12981b7...82ce670 gh-pages -> gh-pages (forced update)
=== Run finished: Thu Sep 24 06:10:19 IST 2026 ===
=== Run started: Thu Sep 24 06:20:15 IST 2026 ===
[gh-pages 6569517] Auto-deploy: 2026-09-24T05:20:15Z
 Date: Tue Sep 15 08:43:09 2026 +0100
 4 files changed, 5963 insertions(+)
 create mode 100644 SwiftScheduleParser.log
 create mode 100644 github-swiftschedule-deploy.log
 create mode 100644 index.html
 create mode 100644 logfile
To github-swiftsched:UCD-HEAP/Swift_Schedule.git
 + 82ce670...6569517 gh-pages -> gh-pages (forced update)
=== Run finished: Thu Sep 24 06:20:16 IST 2026 ===
=== Run started: Thu Sep 24 06:30:16 IST 2026 ===
[gh-pages 3f77b28] Auto-deploy: 2026-09-24T05:30:16Z
 Date: Tue Sep 15 08:43:09 2026 +0100
 4 files changed, 5974 insertions(+)
 create mode 100644 SwiftScheduleParser.log
 create mode 100644 github-swiftschedule-deploy.log
 create mode 100644 index.html
 create mode 100644 logfile
To github-swiftsched:UCD-HEAP/Swift_Schedule.git
 + 6569517...3f77b28 gh-pages -> gh-pages (forced update)
=== Run finished: Thu Sep 24 06:30:17 IST 2026 ===
=== Run started: Thu Sep 24 06:40:18 IST 2026 ===
[gh-pages 5d8abbd] Auto-deploy: 2026-09-24T05:40:18Z
 Date: Tue Sep 15 08:43:09 2026 +0100
 4 files changed, 5985 insertions(+)
 create mode 100644 SwiftScheduleParser.log
 create mode 100644 github-swiftschedule-deploy.log
 create mode 100644 index.html
 create mode 100644 logfile
To github-swiftsched:UCD-HEAP/Swift_Schedule.git
 + 3f77b28...5d8abbd gh-pages -> gh-pages (forced update)
=== Run finished: Thu Sep 24 06:40:20 IST 2026 ===
=== Run started: Thu Sep 24 06:50:15 IST 2026 ===
[gh-pages 180a619] Auto-deploy: 2026-09-24T05:50:15Z
 Date: Tue Sep 15 08:43:09 2026 +0100
 4 files changed, 5996 insertions(+)
 create mode 100644 SwiftScheduleParser.log
 create mode 100644 github-swiftschedule-deploy.log
 create mode 100644 index.html
 create mode 100644 logfile
To github-swiftsched:UCD-HEAP/Swift_Schedule.git
 + 5d8abbd...180a619 gh-pages -> gh-pages (forced update)
=== Run finished: Thu Sep 24 06:50:17 IST 2026 ===
=== Run started: Thu Sep 24 07:00:18 IST 2026 ===
[gh-pages fec227e] Auto-deploy: 2026-09-24T06:00:18Z
 Date: Tue Sep 15 08:43:09 2026 +0100
 4 files changed, 6007 insertions(+)
 create mode 100644 SwiftScheduleParser.log
 create mode 100644 github-swiftschedule-deploy.log
 create mode 100644 index.html
 create mode 100644 logfile
To github-swiftsched:UCD-HEAP/Swift_Schedule.git
 + 180a619...fec227e gh-pages -> gh-pages (forced update)
=== Run finished: Thu Sep 24 07:00:19 IST 2026 ===
=== Run started: Thu Sep 24 07:10:18 IST 2026 ===
[gh-pages 22c180a] Auto-deploy: 2026-09-24T06:10:18Z
 Date: Tue Sep 15 08:43:09 2026 +0100
 4 files changed, 6018 insertions(+)
 create mode 100644 SwiftScheduleParser.log
 create mode 100644 github-swiftschedule-deploy.log
 create mode 100644 index.html
 create mode 100644 logfile
To github-swiftsched:UCD-HEAP/Swift_Schedule.git
 + fec227e...22c180a gh-pages -> gh-pages (forced update)
=== Run finished: Thu Sep 24 07:10:20 IST 2026 ===
=== Run started: Thu Sep 24 07:20:15 IST 2026 ===
[gh-pages a4e35ea] Auto-deploy: 2026-09-24T06:20:15Z
 Date: Tue Sep 15 08:43:09 2026 +0100
 4 files changed, 6029 insertions(+)
 create mode 100644 SwiftScheduleParser.log
 create mode 100644 github-swiftschedule-deploy.log
 create mode 100644 index.html
 create mode 100644 logfile
To github-swiftsched:UCD-HEAP/Swift_Schedule.git
 + 22c180a...a4e35ea gh-pages -> gh-pages (forced update)
=== Run finished: Thu Sep 24 07:20:17 IST 2026 ===
=== Run started: Thu Sep 24 07:30:16 IST 2026 ===
[gh-pages c91a752] Auto-deploy: 2026-09-24T06:30:16Z
 Date: Tue Sep 15 08:43:09 2026 +0100
 4 files changed, 6040 insertions(+)
 create mode 100644 SwiftScheduleParser.log
 create mode 100644 github-swiftschedule-deploy.log
 create mode 100644 index.html
 create mode 100644 logfile
To github-swiftsched:UCD-HEAP/Swift_Schedule.git
 + a4e35ea...c91a752 gh-pages -> gh-pages (forced update)
=== Run finished: Thu Sep 24 07:30:18 IST 2026 ===
=== Run started: Thu Sep 24 07:40:17 IST 2026 ===
[gh-pages 338461f] Auto-deploy: 2026-09-24T06:40:17Z
 Date: Tue Sep 15 08:43:09 2026 +0100
 4 files changed, 6051 insertions(+)
 create mode 100644 SwiftScheduleParser.log
 create mode 100644 github-swiftschedule-deploy.log
 create mode 100644 index.html
 create mode 100644 logfile
To github-swiftsched:UCD-HEAP/Swift_Schedule.git
 + c91a752...338461f gh-pages -> gh-pages (forced update)
=== Run finished: Thu Sep 24 07:40:19 IST 2026 ===
=== Run started: Thu Sep 24 07:50:15 IST 2026 ===
[gh-pages 1efaa3a] Auto-deploy: 2026-09-24T06:50:15Z
 Date: Tue Sep 15 08:43:09 2026 +0100
 4 files changed, 6062 insertions(+)
 create mode 100644 SwiftScheduleParser.log
 create mode 100644 github-swiftschedule-deploy.log
 create mode 100644 index.html
 create mode 100644 logfile
To github-swiftsched:UCD-HEAP/Swift_Schedule.git
 + 338461f...1efaa3a gh-pages -> gh-pages (forced update)
=== Run finished: Thu Sep 24 07:50:17 IST 2026 ===
=== Run started: Thu Sep 24 08:00:18 IST 2026 ===
[gh-pages a1b83fd] Auto-deploy: 2026-09-24T07:00:18Z
 Date: Tue Sep 15 08:43:09 2026 +0100
 4 files changed, 6073 insertions(+)
 create mode 100644 SwiftScheduleParser.log
 create mode 100644 github-swiftschedule-deploy.log
 create mode 100644 index.html
 create mode 100644 logfile
To github-swiftsched:UCD-HEAP/Swift_Schedule.git
 + 1efaa3a...a1b83fd gh-pages -> gh-pages (forced update)
=== Run finished: Thu Sep 24 08:00:20 IST 2026 ===
=== Run started: Thu Sep 24 08:10:15 IST 2026 ===
[gh-pages 902bbbc] Auto-deploy: 2026-09-24T07:10:15Z
 Date: Tue Sep 15 08:43:09 2026 +0100
 4 files changed, 6084 insertions(+)
 create mode 100644 SwiftScheduleParser.log
 create mode 100644 github-swiftschedule-deploy.log
 create mode 100644 index.html
 create mode 100644 logfile
To github-swiftsched:UCD-HEAP/Swift_Schedule.git
 + a1b83fd...902bbbc gh-pages -> gh-pages (forced update)
=== Run finished: Thu Sep 24 08:10:16 IST 2026 ===
=== Run started: Thu Sep 24 08:20:16 IST 2026 ===
[gh-pages a18c535] Auto-deploy: 2026-09-24T07:20:17Z
 Date: Tue Sep 15 08:43:09 2026 +0100
 4 files changed, 6095 insertions(+)
 create mode 100644 SwiftScheduleParser.log
 create mode 100644 github-swiftschedule-deploy.log
 create mode 100644 index.html
 create mode 100644 logfile
To github-swiftsched:UCD-HEAP/Swift_Schedule.git
 + 902bbbc...a18c535 gh-pages -> gh-pages (forced update)
=== Run finished: Thu Sep 24 08:20:18 IST 2026 ===
=== Run started: Thu Sep 24 08:30:18 IST 2026 ===
[gh-pages 3fc2d9c] Auto-deploy: 2026-09-24T07:30:18Z
 Date: Tue Sep 15 08:43:09 2026 +0100
 4 files changed, 6106 insertions(+)
 create mode 100644 SwiftScheduleParser.log
 create mode 100644 github-swiftschedule-deploy.log
 create mode 100644 index.html
 create mode 100644 logfile
To github-swiftsched:UCD-HEAP/Swift_Schedule.git
 + a18c535...3fc2d9c gh-pages -> gh-pages (forced update)
=== Run finished: Thu Sep 24 08:30:20 IST 2026 ===
=== Run started: Thu Sep 24 08:40:15 IST 2026 ===
[gh-pages c40d839] Auto-deploy: 2026-09-24T07:40:15Z
 Date: Tue Sep 15 08:43:09 2026 +0100
 4 files changed, 6117 insertions(+)
 create mode 100644 SwiftScheduleParser.log
 create mode 100644 github-swiftschedule-deploy.log
 create mode 100644 index.html
 create mode 100644 logfile
To github-swiftsched:UCD-HEAP/Swift_Schedule.git
 + 3fc2d9c...c40d839 gh-pages -> gh-pages (forced update)
=== Run finished: Thu Sep 24 08:40:17 IST 2026 ===
=== Run started: Thu Sep 24 08:50:17 IST 2026 ===
[gh-pages 0e8bb1f] Auto-deploy: 2026-09-24T07:50:17Z
 Date: Tue Sep 15 08:43:09 2026 +0100
 4 files changed, 6128 insertions(+)
 create mode 100644 SwiftScheduleParser.log
 create mode 100644 github-swiftschedule-deploy.log
 create mode 100644 index.html
 create mode 100644 logfile
To github-swiftsched:UCD-HEAP/Swift_Schedule.git
 + c40d839...0e8bb1f gh-pages -> gh-pages (forced update)
=== Run finished: Thu Sep 24 08:50:19 IST 2026 ===
=== Run started: Thu Sep 24 09:00:15 IST 2026 ===
[gh-pages 73b61ee] Auto-deploy: 2026-09-24T08:00:15Z
 Date: Tue Sep 15 08:43:09 2026 +0100
 4 files changed, 6139 insertions(+)
 create mode 100644 SwiftScheduleParser.log
 create mode 100644 github-swiftschedule-deploy.log
 create mode 100644 index.html
 create mode 100644 logfile
To github-swiftsched:UCD-HEAP/Swift_Schedule.git
 + 0e8bb1f...73b61ee gh-pages -> gh-pages (forced update)
=== Run finished: Thu Sep 24 09:00:17 IST 2026 ===
=== Run started: Thu Sep 24 09:10:16 IST 2026 ===
[gh-pages 4a3ed20] Auto-deploy: 2026-09-24T08:10:16Z
 Date: Tue Sep 15 08:43:09 2026 +0100
 4 files changed, 6150 insertions(+)
 create mode 100644 SwiftScheduleParser.log
 create mode 100644 github-swiftschedule-deploy.log
 create mode 100644 index.html
 create mode 100644 logfile
To github-swiftsched:UCD-HEAP/Swift_Schedule.git
 + 73b61ee...4a3ed20 gh-pages -> gh-pages (forced update)
=== Run finished: Thu Sep 24 09:10:18 IST 2026 ===
=== Run started: Thu Sep 24 09:20:17 IST 2026 ===
[gh-pages c4e7d3e] Auto-deploy: 2026-09-24T08:20:17Z
 Date: Tue Sep 15 08:43:09 2026 +0100
 4 files changed, 6161 insertions(+)
 create mode 100644 SwiftScheduleParser.log
 create mode 100644 github-swiftschedule-deploy.log
 create mode 100644 index.html
 create mode 100644 logfile
To github-swiftsched:UCD-HEAP/Swift_Schedule.git
 + 4a3ed20...c4e7d3e gh-pages -> gh-pages (forced update)
=== Run finished: Thu Sep 24 09:20:18 IST 2026 ===
=== Run started: Thu Sep 24 09:30:18 IST 2026 ===
[gh-pages 7ea4f58] Auto-deploy: 2026-09-24T08:30:18Z
 Date: Tue Sep 15 08:43:09 2026 +0100
 4 files changed, 6172 insertions(+)
 create mode 100644 SwiftScheduleParser.log
 create mode 100644 github-swiftschedule-deploy.log
 create mode 100644 index.html
 create mode 100644 logfile
To github-swiftsched:UCD-HEAP/Swift_Schedule.git
 + c4e7d3e...7ea4f58 gh-pages -> gh-pages (forced update)
=== Run finished: Thu Sep 24 09:30:20 IST 2026 ===
=== Run started: Thu Sep 24 09:40:15 IST 2026 ===
[gh-pages fe3df9f] Auto-deploy: 2026-09-24T08:40:15Z
 Date: Tue Sep 15 08:43:09 2026 +0100
 4 files changed, 6183 insertions(+)
 create mode 100644 SwiftScheduleParser.log
 create mode 100644 github-swiftschedule-deploy.log
 create mode 100644 index.html
 create mode 100644 logfile
To github-swiftsched:UCD-HEAP/Swift_Schedule.git
 + 7ea4f58...fe3df9f gh-pages -> gh-pages (forced update)
=== Run finished: Thu Sep 24 09:40:16 IST 2026 ===
=== Run started: Thu Sep 24 09:50:18 IST 2026 ===
[gh-pages c097a87] Auto-deploy: 2026-09-24T08:50:18Z
 Date: Tue Sep 15 08:43:09 2026 +0100
 4 files changed, 6194 insertions(+)
 create mode 100644 SwiftScheduleParser.log
 create mode 100644 github-swiftschedule-deploy.log
 create mode 100644 index.html
 create mode 100644 logfile
To github-swiftsched:UCD-HEAP/Swift_Schedule.git
 + fe3df9f...c097a87 gh-pages -> gh-pages (forced update)
=== Run finished: Thu Sep 24 09:50:19 IST 2026 ===
=== Run started: Thu Sep 24 10:00:15 IST 2026 ===
[gh-pages 05c7728] Auto-deploy: 2026-09-24T09:00:15Z
 Date: Tue Sep 15 08:43:09 2026 +0100
 4 files changed, 6205 insertions(+)
 create mode 100644 SwiftScheduleParser.log
 create mode 100644 github-swiftschedule-deploy.log
 create mode 100644 index.html
 create mode 100644 logfile
To github-swiftsched:UCD-HEAP/Swift_Schedule.git
 + c097a87...05c7728 gh-pages -> gh-pages (forced update)
=== Run finished: Thu Sep 24 10:00:17 IST 2026 ===
=== Run started: Thu Sep 24 10:10:18 IST 2026 ===
[gh-pages 2428cb1] Auto-deploy: 2026-09-24T09:10:18Z
 Date: Tue Sep 15 08:43:09 2026 +0100
 4 files changed, 6216 insertions(+)
 create mode 100644 SwiftScheduleParser.log
 create mode 100644 github-swiftschedule-deploy.log
 create mode 100644 index.html
 create mode 100644 logfile
To github-swiftsched:UCD-HEAP/Swift_Schedule.git
 + 05c7728...2428cb1 gh-pages -> gh-pages (forced update)
=== Run finished: Thu Sep 24 10:10:20 IST 2026 ===
=== Run started: Thu Sep 24 10:20:15 IST 2026 ===
[gh-pages 9d0cacc] Auto-deploy: 2026-09-24T09:20:15Z
 Date: Tue Sep 15 08:43:09 2026 +0100
 4 files changed, 6227 insertions(+)
 create mode 100644 SwiftScheduleParser.log
 create mode 100644 github-swiftschedule-deploy.log
 create mode 100644 index.html
 create mode 100644 logfile
To github-swiftsched:UCD-HEAP/Swift_Schedule.git
 + 2428cb1...9d0cacc gh-pages -> gh-pages (forced update)
=== Run finished: Thu Sep 24 10:20:22 IST 2026 ===
=== Run started: Thu Sep 24 10:30:17 IST 2026 ===
[gh-pages d5bab2a] Auto-deploy: 2026-09-24T09:30:17Z
 Date: Tue Sep 15 08:43:09 2026 +0100
 4 files changed, 6238 insertions(+)
 create mode 100644 SwiftScheduleParser.log
 create mode 100644 github-swiftschedule-deploy.log
 create mode 100644 index.html
 create mode 100644 logfile
To github-swiftsched:UCD-HEAP/Swift_Schedule.git
 + 9d0cacc...d5bab2a gh-pages -> gh-pages (forced update)
=== Run finished: Thu Sep 24 10:30:19 IST 2026 ===
=== Run started: Thu Sep 24 10:40:15 IST 2026 ===
[gh-pages 3668aeb] Auto-deploy: 2026-09-24T09:40:15Z
 Date: Tue Sep 15 08:43:09 2026 +0100
 4 files changed, 6249 insertions(+)
 create mode 100644 SwiftScheduleParser.log
 create mode 100644 github-swiftschedule-deploy.log
 create mode 100644 index.html
 create mode 100644 logfile
To github-swiftsched:UCD-HEAP/Swift_Schedule.git
 + d5bab2a...3668aeb gh-pages -> gh-pages (forced update)
=== Run finished: Thu Sep 24 10:40:17 IST 2026 ===
=== Run started: Thu Sep 24 10:50:17 IST 2026 ===
[gh-pages 4510b9b] Auto-deploy: 2026-09-24T09:50:17Z
 Date: Tue Sep 15 08:43:09 2026 +0100
 4 files changed, 6260 insertions(+)
 create mode 100644 SwiftScheduleParser.log
 create mode 100644 github-swiftschedule-deploy.log
 create mode 100644 index.html
 create mode 100644 logfile
To github-swiftsched:UCD-HEAP/Swift_Schedule.git
 + 3668aeb...4510b9b gh-pages -> gh-pages (forced update)
=== Run finished: Thu Sep 24 10:50:19 IST 2026 ===
=== Run started: Thu Sep 24 11:00:15 IST 2026 ===
[gh-pages febda6c] Auto-deploy: 2026-09-24T10:00:15Z
 Date: Tue Sep 15 08:43:09 2026 +0100
 4 files changed, 6271 insertions(+)
 create mode 100644 SwiftScheduleParser.log
 create mode 100644 github-swiftschedule-deploy.log
 create mode 100644 index.html
 create mode 100644 logfile
To github-swiftsched:UCD-HEAP/Swift_Schedule.git
 + 4510b9b...febda6c gh-pages -> gh-pages (forced update)
=== Run finished: Thu Sep 24 11:00:17 IST 2026 ===
=== Run started: Thu Sep 24 11:10:17 IST 2026 ===
[gh-pages 1ceacc8] Auto-deploy: 2026-09-24T10:10:17Z
 Date: Tue Sep 15 08:43:09 2026 +0100
 4 files changed, 6282 insertions(+)
 create mode 100644 SwiftScheduleParser.log
 create mode 100644 github-swiftschedule-deploy.log
 create mode 100644 index.html
 create mode 100644 logfile
To github-swiftsched:UCD-HEAP/Swift_Schedule.git
 + febda6c...1ceacc8 gh-pages -> gh-pages (forced update)
=== Run finished: Thu Sep 24 11:10:18 IST 2026 ===
=== Run started: Thu Sep 24 11:20:14 IST 2026 ===
[gh-pages 32ad34e] Auto-deploy: 2026-09-24T10:20:15Z
 Date: Tue Sep 15 08:43:09 2026 +0100
 4 files changed, 6293 insertions(+)
 create mode 100644 SwiftScheduleParser.log
 create mode 100644 github-swiftschedule-deploy.log
 create mode 100644 index.html
 create mode 100644 logfile
To github-swiftsched:UCD-HEAP/Swift_Schedule.git
 + 1ceacc8...32ad34e gh-pages -> gh-pages (forced update)
=== Run finished: Thu Sep 24 11:20:20 IST 2026 ===
=== Run started: Thu Sep 24 11:30:17 IST 2026 ===
[gh-pages 70626db] Auto-deploy: 2026-09-24T10:30:17Z
 Date: Tue Sep 15 08:43:09 2026 +0100
 4 files changed, 6304 insertions(+)
 create mode 100644 SwiftScheduleParser.log
 create mode 100644 github-swiftschedule-deploy.log
 create mode 100644 index.html
 create mode 100644 logfile
To github-swiftsched:UCD-HEAP/Swift_Schedule.git
 + 32ad34e...70626db gh-pages -> gh-pages (forced update)
=== Run finished: Thu Sep 24 11:30:19 IST 2026 ===
=== Run started: Thu Sep 24 11:40:15 IST 2026 ===
[gh-pages 01e865c] Auto-deploy: 2026-09-24T10:40:15Z
 Date: Tue Sep 15 08:43:09 2026 +0100
 4 files changed, 6315 insertions(+)
 create mode 100644 SwiftScheduleParser.log
 create mode 100644 github-swiftschedule-deploy.log
 create mode 100644 index.html
 create mode 100644 logfile
To github-swiftsched:UCD-HEAP/Swift_Schedule.git
 + 70626db...01e865c gh-pages -> gh-pages (forced update)
=== Run finished: Thu Sep 24 11:40:16 IST 2026 ===
=== Run started: Thu Sep 24 11:50:18 IST 2026 ===
[gh-pages 86ad8d0] Auto-deploy: 2026-09-24T10:50:18Z
 Date: Tue Sep 15 08:43:09 2026 +0100
 4 files changed, 6326 insertions(+)
 create mode 100644 SwiftScheduleParser.log
 create mode 100644 github-swiftschedule-deploy.log
 create mode 100644 index.html
 create mode 100644 logfile
To github-swiftsched:UCD-HEAP/Swift_Schedule.git
 + 01e865c...86ad8d0 gh-pages -> gh-pages (forced update)
=== Run finished: Thu Sep 24 11:50:20 IST 2026 ===
=== Run started: Thu Sep 24 12:00:15 IST 2026 ===
[gh-pages c413d18] Auto-deploy: 2026-09-24T11:00:15Z
 Date: Tue Sep 15 08:43:09 2026 +0100
 4 files changed, 6337 insertions(+)
 create mode 100644 SwiftScheduleParser.log
 create mode 100644 github-swiftschedule-deploy.log
 create mode 100644 index.html
 create mode 100644 logfile
To github-swiftsched:UCD-HEAP/Swift_Schedule.git
 + 86ad8d0...c413d18 gh-pages -> gh-pages (forced update)
=== Run finished: Thu Sep 24 12:00:17 IST 2026 ===
=== Run started: Thu Sep 24 12:10:17 IST 2026 ===
[gh-pages b4466df] Auto-deploy: 2026-09-24T11:10:17Z
 Date: Tue Sep 15 08:43:09 2026 +0100
 4 files changed, 6348 insertions(+)
 create mode 100644 SwiftScheduleParser.log
 create mode 100644 github-swiftschedule-deploy.log
 create mode 100644 index.html
 create mode 100644 logfile
To github-swiftsched:UCD-HEAP/Swift_Schedule.git
 + c413d18...b4466df gh-pages -> gh-pages (forced update)
=== Run finished: Thu Sep 24 12:10:18 IST 2026 ===
=== Run started: Thu Sep 24 12:20:18 IST 2026 ===
[gh-pages 7dec2a8] Auto-deploy: 2026-09-24T11:20:18Z
 Date: Tue Sep 15 08:43:09 2026 +0100
 4 files changed, 6359 insertions(+)
 create mode 100644 SwiftScheduleParser.log
 create mode 100644 github-swiftschedule-deploy.log
 create mode 100644 index.html
 create mode 100644 logfile
To github-swiftsched:UCD-HEAP/Swift_Schedule.git
 + b4466df...7dec2a8 gh-pages -> gh-pages (forced update)
=== Run finished: Thu Sep 24 12:20:21 IST 2026 ===
=== Run started: Thu Sep 24 12:30:15 IST 2026 ===
[gh-pages d48b95d] Auto-deploy: 2026-09-24T11:30:15Z
 Date: Tue Sep 15 08:43:09 2026 +0100
 4 files changed, 6370 insertions(+)
 create mode 100644 SwiftScheduleParser.log
 create mode 100644 github-swiftschedule-deploy.log
 create mode 100644 index.html
 create mode 100644 logfile
To github-swiftsched:UCD-HEAP/Swift_Schedule.git
 + 7dec2a8...d48b95d gh-pages -> gh-pages (forced update)
=== Run finished: Thu Sep 24 12:30:16 IST 2026 ===
=== Run started: Thu Sep 24 12:40:17 IST 2026 ===
[gh-pages 3a951d0] Auto-deploy: 2026-09-24T11:40:17Z
 Date: Tue Sep 15 08:43:09 2026 +0100
 4 files changed, 6381 insertions(+)
 create mode 100644 SwiftScheduleParser.log
 create mode 100644 github-swiftschedule-deploy.log
 create mode 100644 index.html
 create mode 100644 logfile
To github-swiftsched:UCD-HEAP/Swift_Schedule.git
 + d48b95d...3a951d0 gh-pages -> gh-pages (forced update)
=== Run finished: Thu Sep 24 12:40:19 IST 2026 ===
=== Run started: Thu Sep 24 12:50:15 IST 2026 ===
[gh-pages c8abe0c] Auto-deploy: 2026-09-24T11:50:15Z
 Date: Tue Sep 15 08:43:09 2026 +0100
 4 files changed, 6392 insertions(+)
 create mode 100644 SwiftScheduleParser.log
 create mode 100644 github-swiftschedule-deploy.log
 create mode 100644 index.html
 create mode 100644 logfile
To github-swiftsched:UCD-HEAP/Swift_Schedule.git
 + 3a951d0...c8abe0c gh-pages -> gh-pages (forced update)
=== Run finished: Thu Sep 24 12:50:17 IST 2026 ===
=== Run started: Thu Sep 24 13:00:17 IST 2026 ===
[gh-pages df98204] Auto-deploy: 2026-09-24T12:00:17Z
 Date: Tue Sep 15 08:43:09 2026 +0100
 4 files changed, 6403 insertions(+)
 create mode 100644 SwiftScheduleParser.log
 create mode 100644 github-swiftschedule-deploy.log
 create mode 100644 index.html
 create mode 100644 logfile
To github-swiftsched:UCD-HEAP/Swift_Schedule.git
 + c8abe0c...df98204 gh-pages -> gh-pages (forced update)
=== Run finished: Thu Sep 24 13:00:21 IST 2026 ===
=== Run started: Thu Sep 24 13:10:15 IST 2026 ===
[gh-pages e7382fc] Auto-deploy: 2026-09-24T12:10:15Z
 Date: Tue Sep 15 08:43:09 2026 +0100
 4 files changed, 6414 insertions(+)
 create mode 100644 SwiftScheduleParser.log
 create mode 100644 github-swiftschedule-deploy.log
 create mode 100644 index.html
 create mode 100644 logfile
To github-swiftsched:UCD-HEAP/Swift_Schedule.git
 + df98204...e7382fc gh-pages -> gh-pages (forced update)
=== Run finished: Thu Sep 24 13:10:17 IST 2026 ===
=== Run started: Thu Sep 24 13:20:17 IST 2026 ===
[gh-pages 450d24a] Auto-deploy: 2026-09-24T12:20:17Z
 Date: Tue Sep 15 08:43:09 2026 +0100
 4 files changed, 6425 insertions(+)
 create mode 100644 SwiftScheduleParser.log
 create mode 100644 github-swiftschedule-deploy.log
 create mode 100644 index.html
 create mode 100644 logfile
To github-swiftsched:UCD-HEAP/Swift_Schedule.git
 + e7382fc...450d24a gh-pages -> gh-pages (forced update)
=== Run finished: Thu Sep 24 13:20:18 IST 2026 ===
=== Run started: Thu Sep 24 13:30:15 IST 2026 ===
[gh-pages 0ba396c] Auto-deploy: 2026-09-24T12:30:15Z
 Date: Tue Sep 15 08:43:09 2026 +0100
 4 files changed, 6436 insertions(+)
 create mode 100644 SwiftScheduleParser.log
 create mode 100644 github-swiftschedule-deploy.log
 create mode 100644 index.html
 create mode 100644 logfile
To github-swiftsched:UCD-HEAP/Swift_Schedule.git
 + 450d24a...0ba396c gh-pages -> gh-pages (forced update)
=== Run finished: Thu Sep 24 13:30:19 IST 2026 ===
=== Run started: Thu Sep 24 13:40:17 IST 2026 ===
[gh-pages ea5c3cf] Auto-deploy: 2026-09-24T12:40:17Z
 Date: Tue Sep 15 08:43:09 2026 +0100
 4 files changed, 6447 insertions(+)
 create mode 100644 SwiftScheduleParser.log
 create mode 100644 github-swiftschedule-deploy.log
 create mode 100644 index.html
 create mode 100644 logfile
To github-swiftsched:UCD-HEAP/Swift_Schedule.git
 + 0ba396c...ea5c3cf gh-pages -> gh-pages (forced update)
=== Run finished: Thu Sep 24 13:40:19 IST 2026 ===
=== Run started: Thu Sep 24 13:50:18 IST 2026 ===
[gh-pages ceb2fe1] Auto-deploy: 2026-09-24T12:50:18Z
 Date: Tue Sep 15 08:43:09 2026 +0100
 4 files changed, 6458 insertions(+)
 create mode 100644 SwiftScheduleParser.log
 create mode 100644 github-swiftschedule-deploy.log
 create mode 100644 index.html
 create mode 100644 logfile
To github-swiftsched:UCD-HEAP/Swift_Schedule.git
 + ea5c3cf...ceb2fe1 gh-pages -> gh-pages (forced update)
=== Run finished: Thu Sep 24 13:50:20 IST 2026 ===
=== Run started: Thu Sep 24 14:00:15 IST 2026 ===
[gh-pages 5fb9b68] Auto-deploy: 2026-09-24T13:00:15Z
 Date: Tue Sep 15 08:43:09 2026 +0100
 4 files changed, 6469 insertions(+)
 create mode 100644 SwiftScheduleParser.log
 create mode 100644 github-swiftschedule-deploy.log
 create mode 100644 index.html
 create mode 100644 logfile
To github-swiftsched:UCD-HEAP/Swift_Schedule.git
 + ceb2fe1...5fb9b68 gh-pages -> gh-pages (forced update)
=== Run finished: Thu Sep 24 14:00:19 IST 2026 ===
=== Run started: Thu Sep 24 14:10:15 IST 2026 ===
[gh-pages 7aa9275] Auto-deploy: 2026-09-24T13:10:15Z
 Date: Tue Sep 15 08:43:09 2026 +0100
 4 files changed, 6480 insertions(+)
 create mode 100644 SwiftScheduleParser.log
 create mode 100644 github-swiftschedule-deploy.log
 create mode 100644 index.html
 create mode 100644 logfile
To github-swiftsched:UCD-HEAP/Swift_Schedule.git
 + 5fb9b68...7aa9275 gh-pages -> gh-pages (forced update)
=== Run finished: Thu Sep 24 14:10:17 IST 2026 ===
=== Run started: Thu Sep 24 14:20:17 IST 2026 ===
[gh-pages 586815e] Auto-deploy: 2026-09-24T13:20:17Z
 Date: Tue Sep 15 08:43:09 2026 +0100
 4 files changed, 6491 insertions(+)
 create mode 100644 SwiftScheduleParser.log
 create mode 100644 github-swiftschedule-deploy.log
 create mode 100644 index.html
 create mode 100644 logfile
To github-swiftsched:UCD-HEAP/Swift_Schedule.git
 + 7aa9275...586815e gh-pages -> gh-pages (forced update)
=== Run finished: Thu Sep 24 14:20:19 IST 2026 ===
=== Run started: Thu Sep 24 14:30:17 IST 2026 ===
[gh-pages f0e0621] Auto-deploy: 2026-09-24T13:30:17Z
 Date: Tue Sep 15 08:43:09 2026 +0100
 4 files changed, 6502 insertions(+)
 create mode 100644 SwiftScheduleParser.log
 create mode 100644 github-swiftschedule-deploy.log
 create mode 100644 index.html
 create mode 100644 logfile
To github-swiftsched:UCD-HEAP/Swift_Schedule.git
 + 586815e...f0e0621 gh-pages -> gh-pages (forced update)
=== Run finished: Thu Sep 24 14:30:25 IST 2026 ===
=== Run started: Thu Sep 24 14:40:16 IST 2026 ===
[gh-pages b4a2e56] Auto-deploy: 2026-09-24T13:40:16Z
 Date: Tue Sep 15 08:43:09 2026 +0100
 4 files changed, 6513 insertions(+)
 create mode 100644 SwiftScheduleParser.log
 create mode 100644 github-swiftschedule-deploy.log
 create mode 100644 index.html
 create mode 100644 logfile
To github-swiftsched:UCD-HEAP/Swift_Schedule.git
 + f0e0621...b4a2e56 gh-pages -> gh-pages (forced update)
=== Run finished: Thu Sep 24 14:40:18 IST 2026 ===
=== Run started: Thu Sep 24 14:50:17 IST 2026 ===
[gh-pages 936fb96] Auto-deploy: 2026-09-24T13:50:17Z
 Date: Tue Sep 15 08:43:09 2026 +0100
 4 files changed, 6524 insertions(+)
 create mode 100644 SwiftScheduleParser.log
 create mode 100644 github-swiftschedule-deploy.log
 create mode 100644 index.html
 create mode 100644 logfile
To github-swiftsched:UCD-HEAP/Swift_Schedule.git
 + b4a2e56...936fb96 gh-pages -> gh-pages (forced update)
=== Run finished: Thu Sep 24 14:50:19 IST 2026 ===
=== Run started: Thu Sep 24 15:00:15 IST 2026 ===
[gh-pages ebce5eb] Auto-deploy: 2026-09-24T14:00:15Z
 Date: Tue Sep 15 08:43:09 2026 +0100
 4 files changed, 6535 insertions(+)
 create mode 100644 SwiftScheduleParser.log
 create mode 100644 github-swiftschedule-deploy.log
 create mode 100644 index.html
 create mode 100644 logfile
To github-swiftsched:UCD-HEAP/Swift_Schedule.git
 + 936fb96...ebce5eb gh-pages -> gh-pages (forced update)
=== Run finished: Thu Sep 24 15:00:19 IST 2026 ===
=== Run started: Thu Sep 24 15:10:18 IST 2026 ===
[gh-pages 2dc3825] Auto-deploy: 2026-09-24T14:10:18Z
 Date: Tue Sep 15 08:43:09 2026 +0100
 4 files changed, 6546 insertions(+)
 create mode 100644 SwiftScheduleParser.log
 create mode 100644 github-swiftschedule-deploy.log
 create mode 100644 index.html
 create mode 100644 logfile
To github-swiftsched:UCD-HEAP/Swift_Schedule.git
 + ebce5eb...2dc3825 gh-pages -> gh-pages (forced update)
=== Run finished: Thu Sep 24 15:10:21 IST 2026 ===
=== Run started: Thu Sep 24 15:20:15 IST 2026 ===
[gh-pages 0dcf8db] Auto-deploy: 2026-09-24T14:20:15Z
 Date: Tue Sep 15 08:43:09 2026 +0100
 4 files changed, 6557 insertions(+)
 create mode 100644 SwiftScheduleParser.log
 create mode 100644 github-swiftschedule-deploy.log
 create mode 100644 index.html
 create mode 100644 logfile
To github-swiftsched:UCD-HEAP/Swift_Schedule.git
 + 2dc3825...0dcf8db gh-pages -> gh-pages (forced update)
=== Run finished: Thu Sep 24 15:20:17 IST 2026 ===
=== Run started: Thu Sep 24 15:30:18 IST 2026 ===
[gh-pages f4cb54a] Auto-deploy: 2026-09-24T14:30:18Z
 Date: Tue Sep 15 08:43:09 2026 +0100
 4 files changed, 6568 insertions(+)
 create mode 100644 SwiftScheduleParser.log
 create mode 100644 github-swiftschedule-deploy.log
 create mode 100644 index.html
 create mode 100644 logfile
git@github.com: Permission denied (publickey).
fatal: Could not read from remote repository.

Please make sure you have the correct access rights
and the repository exists.
=== Run started: Thu Sep 24 15:40:15 IST 2026 ===
[gh-pages de79bb7] Auto-deploy: 2026-09-24T14:40:15Z
 Date: Tue Sep 15 08:43:09 2026 +0100
 4 files changed, 6581 insertions(+)
 create mode 100644 SwiftScheduleParser.log
 create mode 100644 github-swiftschedule-deploy.log
 create mode 100644 index.html
 create mode 100644 logfile
To github-swiftsched:UCD-HEAP/Swift_Schedule.git
 + 0dcf8db...de79bb7 gh-pages -> gh-pages (forced update)
=== Run finished: Thu Sep 24 15:40:20 IST 2026 ===
=== Run started: Thu Sep 24 15:50:17 IST 2026 ===
[gh-pages 480733d] Auto-deploy: 2026-09-24T14:50:17Z
 Date: Tue Sep 15 08:43:09 2026 +0100
 4 files changed, 6592 insertions(+)
 create mode 100644 SwiftScheduleParser.log
 create mode 100644 github-swiftschedule-deploy.log
 create mode 100644 index.html
 create mode 100644 logfile
To github-swiftsched:UCD-HEAP/Swift_Schedule.git
 + de79bb7...480733d gh-pages -> gh-pages (forced update)
=== Run finished: Thu Sep 24 15:50:18 IST 2026 ===
=== Run started: Thu Sep 24 16:00:14 IST 2026 ===
[gh-pages 724ea18] Auto-deploy: 2026-09-24T15:00:14Z
 Date: Tue Sep 15 08:43:09 2026 +0100
 4 files changed, 6603 insertions(+)
 create mode 100644 SwiftScheduleParser.log
 create mode 100644 github-swiftschedule-deploy.log
 create mode 100644 index.html
 create mode 100644 logfile
To github-swiftsched:UCD-HEAP/Swift_Schedule.git
 + 480733d...724ea18 gh-pages -> gh-pages (forced update)
=== Run finished: Thu Sep 24 16:00:23 IST 2026 ===
=== Run started: Thu Sep 24 16:10:16 IST 2026 ===
[gh-pages 60a0564] Auto-deploy: 2026-09-24T15:10:16Z
 Date: Tue Sep 15 08:43:09 2026 +0100
 4 files changed, 6614 insertions(+)
 create mode 100644 SwiftScheduleParser.log
 create mode 100644 github-swiftschedule-deploy.log
 create mode 100644 index.html
 create mode 100644 logfile
To github-swiftsched:UCD-HEAP/Swift_Schedule.git
 + 724ea18...60a0564 gh-pages -> gh-pages (forced update)
=== Run finished: Thu Sep 24 16:10:18 IST 2026 ===
=== Run started: Thu Sep 24 16:20:18 IST 2026 ===
[gh-pages 14c97a7] Auto-deploy: 2026-09-24T15:20:18Z
 Date: Tue Sep 15 08:43:09 2026 +0100
 4 files changed, 6625 insertions(+)
 create mode 100644 SwiftScheduleParser.log
 create mode 100644 github-swiftschedule-deploy.log
 create mode 100644 index.html
 create mode 100644 logfile
To github-swiftsched:UCD-HEAP/Swift_Schedule.git
 + 60a0564...14c97a7 gh-pages -> gh-pages (forced update)
=== Run finished: Thu Sep 24 16:20:19 IST 2026 ===
=== Run started: Thu Sep 24 16:30:15 IST 2026 ===
[gh-pages a3e46bb] Auto-deploy: 2026-09-24T15:30:15Z
 Date: Tue Sep 15 08:43:09 2026 +0100
 4 files changed, 6636 insertions(+)
 create mode 100644 SwiftScheduleParser.log
 create mode 100644 github-swiftschedule-deploy.log
 create mode 100644 index.html
 create mode 100644 logfile
To github-swiftsched:UCD-HEAP/Swift_Schedule.git
 + 14c97a7...a3e46bb gh-pages -> gh-pages (forced update)
=== Run finished: Thu Sep 24 16:30:18 IST 2026 ===
=== Run started: Thu Sep 24 16:40:18 IST 2026 ===
[gh-pages 4c3ac26] Auto-deploy: 2026-09-24T15:40:18Z
 Date: Tue Sep 15 08:43:09 2026 +0100
 4 files changed, 6647 insertions(+)
 create mode 100644 SwiftScheduleParser.log
 create mode 100644 github-swiftschedule-deploy.log
 create mode 100644 index.html
 create mode 100644 logfile
To github-swiftsched:UCD-HEAP/Swift_Schedule.git
 + a3e46bb...4c3ac26 gh-pages -> gh-pages (forced update)
=== Run finished: Thu Sep 24 16:40:21 IST 2026 ===
=== Run started: Thu Sep 24 16:50:15 IST 2026 ===
[gh-pages d220383] Auto-deploy: 2026-09-24T15:50:15Z
 Date: Tue Sep 15 08:43:09 2026 +0100
 4 files changed, 6658 insertions(+)
 create mode 100644 SwiftScheduleParser.log
 create mode 100644 github-swiftschedule-deploy.log
 create mode 100644 index.html
 create mode 100644 logfile
To github-swiftsched:UCD-HEAP/Swift_Schedule.git
 + 4c3ac26...d220383 gh-pages -> gh-pages (forced update)
=== Run finished: Thu Sep 24 16:50:16 IST 2026 ===
=== Run started: Thu Sep 24 17:00:18 IST 2026 ===
[gh-pages 783d0df] Auto-deploy: 2026-09-24T16:00:18Z
 Date: Tue Sep 15 08:43:09 2026 +0100
 4 files changed, 6669 insertions(+)
 create mode 100644 SwiftScheduleParser.log
 create mode 100644 github-swiftschedule-deploy.log
 create mode 100644 index.html
 create mode 100644 logfile
To github-swiftsched:UCD-HEAP/Swift_Schedule.git
 + d220383...783d0df gh-pages -> gh-pages (forced update)
=== Run finished: Thu Sep 24 17:00:21 IST 2026 ===
=== Run started: Thu Sep 24 17:10:15 IST 2026 ===
[gh-pages 0e5a717] Auto-deploy: 2026-09-24T16:10:15Z
 Date: Tue Sep 15 08:43:09 2026 +0100
 4 files changed, 6680 insertions(+)
 create mode 100644 SwiftScheduleParser.log
 create mode 100644 github-swiftschedule-deploy.log
 create mode 100644 index.html
 create mode 100644 logfile
To github-swiftsched:UCD-HEAP/Swift_Schedule.git
 + 783d0df...0e5a717 gh-pages -> gh-pages (forced update)
=== Run finished: Thu Sep 24 17:10:17 IST 2026 ===
=== Run started: Thu Sep 24 17:20:17 IST 2026 ===
[gh-pages 9781fe3] Auto-deploy: 2026-09-24T16:20:17Z
 Date: Tue Sep 15 08:43:09 2026 +0100
 4 files changed, 6691 insertions(+)
 create mode 100644 SwiftScheduleParser.log
 create mode 100644 github-swiftschedule-deploy.log
 create mode 100644 index.html
 create mode 100644 logfile
To github-swiftsched:UCD-HEAP/Swift_Schedule.git
 + 0e5a717...9781fe3 gh-pages -> gh-pages (forced update)
=== Run finished: Thu Sep 24 17:20:19 IST 2026 ===
=== Run started: Thu Sep 24 17:30:18 IST 2026 ===
[gh-pages d7356cc] Auto-deploy: 2026-09-24T16:30:18Z
 Date: Tue Sep 15 08:43:09 2026 +0100
 4 files changed, 6702 insertions(+)
 create mode 100644 SwiftScheduleParser.log
 create mode 100644 github-swiftschedule-deploy.log
 create mode 100644 index.html
 create mode 100644 logfile
To github-swiftsched:UCD-HEAP/Swift_Schedule.git
 + 9781fe3...d7356cc gh-pages -> gh-pages (forced update)
=== Run finished: Thu Sep 24 17:30:20 IST 2026 ===
=== Run started: Thu Sep 24 17:40:15 IST 2026 ===
[gh-pages 9f01e60] Auto-deploy: 2026-09-24T16:40:15Z
 Date: Tue Sep 15 08:43:09 2026 +0100
 4 files changed, 6713 insertions(+)
 create mode 100644 SwiftScheduleParser.log
 create mode 100644 github-swiftschedule-deploy.log
 create mode 100644 index.html
 create mode 100644 logfile
To github-swiftsched:UCD-HEAP/Swift_Schedule.git
 + d7356cc...9f01e60 gh-pages -> gh-pages (forced update)
=== Run finished: Thu Sep 24 17:40:17 IST 2026 ===
=== Run started: Thu Sep 24 17:50:18 IST 2026 ===
[gh-pages 9d18c03] Auto-deploy: 2026-09-24T16:50:18Z
 Date: Tue Sep 15 08:43:09 2026 +0100
 4 files changed, 6724 insertions(+)
 create mode 100644 SwiftScheduleParser.log
 create mode 100644 github-swiftschedule-deploy.log
 create mode 100644 index.html
 create mode 100644 logfile
To github-swiftsched:UCD-HEAP/Swift_Schedule.git
 + 9f01e60...9d18c03 gh-pages -> gh-pages (forced update)
=== Run finished: Thu Sep 24 17:50:19 IST 2026 ===
=== Run started: Thu Sep 24 18:00:18 IST 2026 ===
[gh-pages 11b6608] Auto-deploy: 2026-09-24T17:00:18Z
 Date: Tue Sep 15 08:43:09 2026 +0100
 4 files changed, 6735 insertions(+)
 create mode 100644 SwiftScheduleParser.log
 create mode 100644 github-swiftschedule-deploy.log
 create mode 100644 index.html
 create mode 100644 logfile
To github-swiftsched:UCD-HEAP/Swift_Schedule.git
 + 9d18c03...11b6608 gh-pages -> gh-pages (forced update)
=== Run finished: Thu Sep 24 18:00:21 IST 2026 ===
=== Run started: Thu Sep 24 18:10:16 IST 2026 ===
[gh-pages 599d67b] Auto-deploy: 2026-09-24T17:10:16Z
 Date: Tue Sep 15 08:43:09 2026 +0100
 4 files changed, 6746 insertions(+)
 create mode 100644 SwiftScheduleParser.log
 create mode 100644 github-swiftschedule-deploy.log
 create mode 100644 index.html
 create mode 100644 logfile
To github-swiftsched:UCD-HEAP/Swift_Schedule.git
 + 11b6608...599d67b gh-pages -> gh-pages (forced update)
=== Run finished: Thu Sep 24 18:10:17 IST 2026 ===
=== Run started: Thu Sep 24 18:20:19 IST 2026 ===
[gh-pages 51408d2] Auto-deploy: 2026-09-24T17:20:19Z
 Date: Tue Sep 15 08:43:09 2026 +0100
 4 files changed, 6757 insertions(+)
 create mode 100644 SwiftScheduleParser.log
 create mode 100644 github-swiftschedule-deploy.log
 create mode 100644 index.html
 create mode 100644 logfile
To github-swiftsched:UCD-HEAP/Swift_Schedule.git
 + 599d67b...51408d2 gh-pages -> gh-pages (forced update)
=== Run finished: Thu Sep 24 18:20:20 IST 2026 ===
=== Run started: Thu Sep 24 18:30:15 IST 2026 ===
[gh-pages eea2276] Auto-deploy: 2026-09-24T17:30:15Z
 Date: Tue Sep 15 08:43:09 2026 +0100
 4 files changed, 6768 insertions(+)
 create mode 100644 SwiftScheduleParser.log
 create mode 100644 github-swiftschedule-deploy.log
 create mode 100644 index.html
 create mode 100644 logfile
To github-swiftsched:UCD-HEAP/Swift_Schedule.git
 + 51408d2...eea2276 gh-pages -> gh-pages (forced update)
=== Run finished: Thu Sep 24 18:30:17 IST 2026 ===
=== Run started: Thu Sep 24 18:40:17 IST 2026 ===
[gh-pages cdc1de4] Auto-deploy: 2026-09-24T17:40:17Z
 Date: Tue Sep 15 08:43:09 2026 +0100
 4 files changed, 6779 insertions(+)
 create mode 100644 SwiftScheduleParser.log
 create mode 100644 github-swiftschedule-deploy.log
 create mode 100644 index.html
 create mode 100644 logfile
To github-swiftsched:UCD-HEAP/Swift_Schedule.git
 + eea2276...cdc1de4 gh-pages -> gh-pages (forced update)
=== Run finished: Thu Sep 24 18:40:19 IST 2026 ===
=== Run started: Thu Sep 24 18:50:15 IST 2026 ===
[gh-pages c09af58] Auto-deploy: 2026-09-24T17:50:15Z
 Date: Tue Sep 15 08:43:09 2026 +0100
 4 files changed, 6790 insertions(+)
 create mode 100644 SwiftScheduleParser.log
 create mode 100644 github-swiftschedule-deploy.log
 create mode 100644 index.html
 create mode 100644 logfile
To github-swiftsched:UCD-HEAP/Swift_Schedule.git
 + cdc1de4...c09af58 gh-pages -> gh-pages (forced update)
=== Run finished: Thu Sep 24 18:50:17 IST 2026 ===
=== Run started: Thu Sep 24 19:00:18 IST 2026 ===
[gh-pages 986d471] Auto-deploy: 2026-09-24T18:00:18Z
 Date: Tue Sep 15 08:43:09 2026 +0100
 4 files changed, 6801 insertions(+)
 create mode 100644 SwiftScheduleParser.log
 create mode 100644 github-swiftschedule-deploy.log
 create mode 100644 index.html
 create mode 100644 logfile
To github-swiftsched:UCD-HEAP/Swift_Schedule.git
 + c09af58...986d471 gh-pages -> gh-pages (forced update)
=== Run finished: Thu Sep 24 19:00:19 IST 2026 ===
=== Run started: Thu Sep 24 19:10:15 IST 2026 ===
[gh-pages 332cbfa] Auto-deploy: 2026-09-24T18:10:15Z
 Date: Tue Sep 15 08:43:09 2026 +0100
 4 files changed, 6812 insertions(+)
 create mode 100644 SwiftScheduleParser.log
 create mode 100644 github-swiftschedule-deploy.log
 create mode 100644 index.html
 create mode 100644 logfile
To github-swiftsched:UCD-HEAP/Swift_Schedule.git
 + 986d471...332cbfa gh-pages -> gh-pages (forced update)
=== Run finished: Thu Sep 24 19:10:17 IST 2026 ===
=== Run started: Thu Sep 24 19:20:17 IST 2026 ===
[gh-pages ecb8003] Auto-deploy: 2026-09-24T18:20:17Z
 Date: Tue Sep 15 08:43:09 2026 +0100
 4 files changed, 6823 insertions(+)
 create mode 100644 SwiftScheduleParser.log
 create mode 100644 github-swiftschedule-deploy.log
 create mode 100644 index.html
 create mode 100644 logfile
To github-swiftsched:UCD-HEAP/Swift_Schedule.git
 + 332cbfa...ecb8003 gh-pages -> gh-pages (forced update)
=== Run finished: Thu Sep 24 19:20:19 IST 2026 ===
=== Run started: Thu Sep 24 19:30:17 IST 2026 ===
[gh-pages c355d0d] Auto-deploy: 2026-09-24T18:30:17Z
 Date: Tue Sep 15 08:43:09 2026 +0100
 4 files changed, 6834 insertions(+)
 create mode 100644 SwiftScheduleParser.log
 create mode 100644 github-swiftschedule-deploy.log
 create mode 100644 index.html
 create mode 100644 logfile
To github-swiftsched:UCD-HEAP/Swift_Schedule.git
 + ecb8003...c355d0d gh-pages -> gh-pages (forced update)
=== Run finished: Thu Sep 24 19:30:19 IST 2026 ===
=== Run started: Thu Sep 24 19:40:15 IST 2026 ===
[gh-pages 21b081f] Auto-deploy: 2026-09-24T18:40:16Z
 Date: Tue Sep 15 08:43:09 2026 +0100
 4 files changed, 6845 insertions(+)
 create mode 100644 SwiftScheduleParser.log
 create mode 100644 github-swiftschedule-deploy.log
 create mode 100644 index.html
 create mode 100644 logfile
To github-swiftsched:UCD-HEAP/Swift_Schedule.git
 + c355d0d...21b081f gh-pages -> gh-pages (forced update)
=== Run finished: Thu Sep 24 19:40:17 IST 2026 ===
=== Run started: Thu Sep 24 19:50:18 IST 2026 ===
[gh-pages 0a0e64b] Auto-deploy: 2026-09-24T18:50:18Z
 Date: Tue Sep 15 08:43:09 2026 +0100
 4 files changed, 6856 insertions(+)
 create mode 100644 SwiftScheduleParser.log
 create mode 100644 github-swiftschedule-deploy.log
 create mode 100644 index.html
 create mode 100644 logfile
To github-swiftsched:UCD-HEAP/Swift_Schedule.git
 + 21b081f...0a0e64b gh-pages -> gh-pages (forced update)
=== Run finished: Thu Sep 24 19:50:20 IST 2026 ===
=== Run started: Thu Sep 24 20:00:14 IST 2026 ===
[gh-pages 6ac6dfa] Auto-deploy: 2026-09-24T19:00:14Z
 Date: Tue Sep 15 08:43:09 2026 +0100
 4 files changed, 6867 insertions(+)
 create mode 100644 SwiftScheduleParser.log
 create mode 100644 github-swiftschedule-deploy.log
 create mode 100644 index.html
 create mode 100644 logfile
To github-swiftsched:UCD-HEAP/Swift_Schedule.git
 + 0a0e64b...6ac6dfa gh-pages -> gh-pages (forced update)
=== Run finished: Thu Sep 24 20:00:20 IST 2026 ===
=== Run started: Thu Sep 24 20:10:18 IST 2026 ===
[gh-pages 45ba70f] Auto-deploy: 2026-09-24T19:10:18Z
 Date: Tue Sep 15 08:43:09 2026 +0100
 4 files changed, 6878 insertions(+)
 create mode 100644 SwiftScheduleParser.log
 create mode 100644 github-swiftschedule-deploy.log
 create mode 100644 index.html
 create mode 100644 logfile
To github-swiftsched:UCD-HEAP/Swift_Schedule.git
 + 6ac6dfa...45ba70f gh-pages -> gh-pages (forced update)
=== Run finished: Thu Sep 24 20:10:20 IST 2026 ===
=== Run started: Thu Sep 24 20:20:15 IST 2026 ===
[gh-pages f86d970] Auto-deploy: 2026-09-24T19:20:15Z
 Date: Tue Sep 15 08:43:09 2026 +0100
 4 files changed, 6889 insertions(+)
 create mode 100644 SwiftScheduleParser.log
 create mode 100644 github-swiftschedule-deploy.log
 create mode 100644 index.html
 create mode 100644 logfile
To github-swiftsched:UCD-HEAP/Swift_Schedule.git
 + 45ba70f...f86d970 gh-pages -> gh-pages (forced update)
=== Run finished: Thu Sep 24 20:20:18 IST 2026 ===
=== Run started: Thu Sep 24 20:30:18 IST 2026 ===
[gh-pages 42b4b8b] Auto-deploy: 2026-09-24T19:30:18Z
 Date: Tue Sep 15 08:43:09 2026 +0100
 4 files changed, 6938 insertions(+)
 create mode 100644 SwiftScheduleParser.log
 create mode 100644 github-swiftschedule-deploy.log
 create mode 100644 index.html
 create mode 100644 logfile
To github-swiftsched:UCD-HEAP/Swift_Schedule.git
 + f86d970...42b4b8b gh-pages -> gh-pages (forced update)
=== Run finished: Thu Sep 24 20:30:19 IST 2026 ===
=== Run started: Thu Sep 24 20:40:18 IST 2026 ===
[gh-pages 601ca57] Auto-deploy: 2026-09-24T19:40:18Z
 Date: Tue Sep 15 08:43:09 2026 +0100
 4 files changed, 6949 insertions(+)
 create mode 100644 SwiftScheduleParser.log
 create mode 100644 github-swiftschedule-deploy.log
 create mode 100644 index.html
 create mode 100644 logfile
To github-swiftsched:UCD-HEAP/Swift_Schedule.git
 + 42b4b8b...601ca57 gh-pages -> gh-pages (forced update)
=== Run finished: Thu Sep 24 20:40:20 IST 2026 ===
=== Run started: Thu Sep 24 20:50:15 IST 2026 ===
[gh-pages 4eb921e] Auto-deploy: 2026-09-24T19:50:15Z
 Date: Tue Sep 15 08:43:09 2026 +0100
 4 files changed, 6960 insertions(+)
 create mode 100644 SwiftScheduleParser.log
 create mode 100644 github-swiftschedule-deploy.log
 create mode 100644 index.html
 create mode 100644 logfile
To github-swiftsched:UCD-HEAP/Swift_Schedule.git
 + 601ca57...4eb921e gh-pages -> gh-pages (forced update)
=== Run finished: Thu Sep 24 20:50:17 IST 2026 ===
=== Run started: Thu Sep 24 21:00:18 IST 2026 ===
[gh-pages 9fb3b0c] Auto-deploy: 2026-09-24T20:00:18Z
 Date: Tue Sep 15 08:43:09 2026 +0100
 4 files changed, 6971 insertions(+)
 create mode 100644 SwiftScheduleParser.log
 create mode 100644 github-swiftschedule-deploy.log
 create mode 100644 index.html
 create mode 100644 logfile
To github-swiftsched:UCD-HEAP/Swift_Schedule.git
 + 4eb921e...9fb3b0c gh-pages -> gh-pages (forced update)
=== Run finished: Thu Sep 24 21:00:21 IST 2026 ===
=== Run started: Thu Sep 24 21:10:15 IST 2026 ===
[gh-pages 1a174b8] Auto-deploy: 2026-09-24T20:10:15Z
 Date: Tue Sep 15 08:43:09 2026 +0100
 4 files changed, 6982 insertions(+)
 create mode 100644 SwiftScheduleParser.log
 create mode 100644 github-swiftschedule-deploy.log
 create mode 100644 index.html
 create mode 100644 logfile
To github-swiftsched:UCD-HEAP/Swift_Schedule.git
 + 9fb3b0c...1a174b8 gh-pages -> gh-pages (forced update)
=== Run finished: Thu Sep 24 21:10:17 IST 2026 ===
=== Run started: Thu Sep 24 21:20:17 IST 2026 ===
[gh-pages 7f7afb4] Auto-deploy: 2026-09-24T20:20:17Z
 Date: Tue Sep 15 08:43:09 2026 +0100
 4 files changed, 6993 insertions(+)
 create mode 100644 SwiftScheduleParser.log
 create mode 100644 github-swiftschedule-deploy.log
 create mode 100644 index.html
 create mode 100644 logfile
To github-swiftsched:UCD-HEAP/Swift_Schedule.git
 + 1a174b8...7f7afb4 gh-pages -> gh-pages (forced update)
=== Run finished: Thu Sep 24 21:20:19 IST 2026 ===
=== Run started: Thu Sep 24 21:30:18 IST 2026 ===
[gh-pages 7ee0c66] Auto-deploy: 2026-09-24T20:30:18Z
 Date: Tue Sep 15 08:43:09 2026 +0100
 4 files changed, 7004 insertions(+)
 create mode 100644 SwiftScheduleParser.log
 create mode 100644 github-swiftschedule-deploy.log
 create mode 100644 index.html
 create mode 100644 logfile
To github-swiftsched:UCD-HEAP/Swift_Schedule.git
 + 7f7afb4...7ee0c66 gh-pages -> gh-pages (forced update)
=== Run finished: Thu Sep 24 21:30:20 IST 2026 ===
=== Run started: Thu Sep 24 21:40:15 IST 2026 ===
[gh-pages ef95cc2] Auto-deploy: 2026-09-24T20:40:15Z
 Date: Tue Sep 15 08:43:09 2026 +0100
 4 files changed, 7015 insertions(+)
 create mode 100644 SwiftScheduleParser.log
 create mode 100644 github-swiftschedule-deploy.log
 create mode 100644 index.html
 create mode 100644 logfile
To github-swiftsched:UCD-HEAP/Swift_Schedule.git
 + 7ee0c66...ef95cc2 gh-pages -> gh-pages (forced update)
=== Run finished: Thu Sep 24 21:40:18 IST 2026 ===
=== Run started: Thu Sep 24 21:50:17 IST 2026 ===
[gh-pages 7642fee] Auto-deploy: 2026-09-24T20:50:17Z
 Date: Tue Sep 15 08:43:09 2026 +0100
 4 files changed, 7026 insertions(+)
 create mode 100644 SwiftScheduleParser.log
 create mode 100644 github-swiftschedule-deploy.log
 create mode 100644 index.html
 create mode 100644 logfile
To github-swiftsched:UCD-HEAP/Swift_Schedule.git
 + ef95cc2...7642fee gh-pages -> gh-pages (forced update)
=== Run finished: Thu Sep 24 21:50:19 IST 2026 ===
=== Run started: Thu Sep 24 22:00:15 IST 2026 ===
[gh-pages 3c30f68] Auto-deploy: 2026-09-24T21:00:15Z
 Date: Tue Sep 15 08:43:09 2026 +0100
 4 files changed, 7037 insertions(+)
 create mode 100644 SwiftScheduleParser.log
 create mode 100644 github-swiftschedule-deploy.log
 create mode 100644 index.html
 create mode 100644 logfile
To github-swiftsched:UCD-HEAP/Swift_Schedule.git
 + 7642fee...3c30f68 gh-pages -> gh-pages (forced update)
=== Run finished: Thu Sep 24 22:00:17 IST 2026 ===
=== Run started: Thu Sep 24 22:10:17 IST 2026 ===
[gh-pages de4cb2b] Auto-deploy: 2026-09-24T21:10:17Z
 Date: Tue Sep 15 08:43:09 2026 +0100
 4 files changed, 7048 insertions(+)
 create mode 100644 SwiftScheduleParser.log
 create mode 100644 github-swiftschedule-deploy.log
 create mode 100644 index.html
 create mode 100644 logfile
To github-swiftsched:UCD-HEAP/Swift_Schedule.git
 + 3c30f68...de4cb2b gh-pages -> gh-pages (forced update)
=== Run finished: Thu Sep 24 22:10:19 IST 2026 ===
=== Run started: Thu Sep 24 22:20:18 IST 2026 ===
[gh-pages 8b58cfc] Auto-deploy: 2026-09-24T21:20:18Z
 Date: Tue Sep 15 08:43:09 2026 +0100
 4 files changed, 7059 insertions(+)
 create mode 100644 SwiftScheduleParser.log
 create mode 100644 github-swiftschedule-deploy.log
 create mode 100644 index.html
 create mode 100644 logfile
To github-swiftsched:UCD-HEAP/Swift_Schedule.git
 + de4cb2b...8b58cfc gh-pages -> gh-pages (forced update)
=== Run finished: Thu Sep 24 22:20:20 IST 2026 ===
=== Run started: Thu Sep 24 22:30:15 IST 2026 ===
[gh-pages 70aece9] Auto-deploy: 2026-09-24T21:30:15Z
 Date: Tue Sep 15 08:43:09 2026 +0100
 4 files changed, 7070 insertions(+)
 create mode 100644 SwiftScheduleParser.log
 create mode 100644 github-swiftschedule-deploy.log
 create mode 100644 index.html
 create mode 100644 logfile
To github-swiftsched:UCD-HEAP/Swift_Schedule.git
 + 8b58cfc...70aece9 gh-pages -> gh-pages (forced update)
=== Run finished: Thu Sep 24 22:30:17 IST 2026 ===
=== Run started: Thu Sep 24 22:40:18 IST 2026 ===
[gh-pages a17b218] Auto-deploy: 2026-09-24T21:40:18Z
 Date: Tue Sep 15 08:43:09 2026 +0100
 4 files changed, 7081 insertions(+)
 create mode 100644 SwiftScheduleParser.log
 create mode 100644 github-swiftschedule-deploy.log
 create mode 100644 index.html
 create mode 100644 logfile
To github-swiftsched:UCD-HEAP/Swift_Schedule.git
 + 70aece9...a17b218 gh-pages -> gh-pages (forced update)
=== Run finished: Thu Sep 24 22:40:20 IST 2026 ===
=== Run started: Thu Sep 24 22:50:15 IST 2026 ===
[gh-pages 00bb01a] Auto-deploy: 2026-09-24T21:50:15Z
 Date: Tue Sep 15 08:43:09 2026 +0100
 4 files changed, 7092 insertions(+)
 create mode 100644 SwiftScheduleParser.log
 create mode 100644 github-swiftschedule-deploy.log
 create mode 100644 index.html
 create mode 100644 logfile
To github-swiftsched:UCD-HEAP/Swift_Schedule.git
 + a17b218...00bb01a gh-pages -> gh-pages (forced update)
=== Run finished: Thu Sep 24 22:50:17 IST 2026 ===
=== Run started: Thu Sep 24 23:00:17 IST 2026 ===
[gh-pages 0f0a7f8] Auto-deploy: 2026-09-24T22:00:17Z
 Date: Tue Sep 15 08:43:09 2026 +0100
 4 files changed, 7103 insertions(+)
 create mode 100644 SwiftScheduleParser.log
 create mode 100644 github-swiftschedule-deploy.log
 create mode 100644 index.html
 create mode 100644 logfile
To github-swiftsched:UCD-HEAP/Swift_Schedule.git
 + 00bb01a...0f0a7f8 gh-pages -> gh-pages (forced update)
=== Run finished: Thu Sep 24 23:00:19 IST 2026 ===
=== Run started: Thu Sep 24 23:10:18 IST 2026 ===
[gh-pages f74ebd6] Auto-deploy: 2026-09-24T22:10:18Z
 Date: Tue Sep 15 08:43:09 2026 +0100
 4 files changed, 7114 insertions(+)
 create mode 100644 SwiftScheduleParser.log
 create mode 100644 github-swiftschedule-deploy.log
 create mode 100644 index.html
 create mode 100644 logfile
To github-swiftsched:UCD-HEAP/Swift_Schedule.git
 + 0f0a7f8...f74ebd6 gh-pages -> gh-pages (forced update)
=== Run finished: Thu Sep 24 23:10:20 IST 2026 ===
=== Run started: Thu Sep 24 23:20:15 IST 2026 ===
[gh-pages c41ea6c] Auto-deploy: 2026-09-24T22:20:15Z
 Date: Tue Sep 15 08:43:09 2026 +0100
 4 files changed, 7125 insertions(+)
 create mode 100644 SwiftScheduleParser.log
 create mode 100644 github-swiftschedule-deploy.log
 create mode 100644 index.html
 create mode 100644 logfile
To github-swiftsched:UCD-HEAP/Swift_Schedule.git
 + f74ebd6...c41ea6c gh-pages -> gh-pages (forced update)
=== Run finished: Thu Sep 24 23:20:17 IST 2026 ===
=== Run started: Thu Sep 24 23:30:18 IST 2026 ===
[gh-pages 1837023] Auto-deploy: 2026-09-24T22:30:18Z
 Date: Tue Sep 15 08:43:09 2026 +0100
 4 files changed, 7136 insertions(+)
 create mode 100644 SwiftScheduleParser.log
 create mode 100644 github-swiftschedule-deploy.log
 create mode 100644 index.html
 create mode 100644 logfile
To github-swiftsched:UCD-HEAP/Swift_Schedule.git
 + c41ea6c...1837023 gh-pages -> gh-pages (forced update)
=== Run finished: Thu Sep 24 23:30:19 IST 2026 ===
=== Run started: Thu Sep 24 23:40:15 IST 2026 ===
[gh-pages 845559e] Auto-deploy: 2026-09-24T22:40:15Z
 Date: Tue Sep 15 08:43:09 2026 +0100
 4 files changed, 7147 insertions(+)
 create mode 100644 SwiftScheduleParser.log
 create mode 100644 github-swiftschedule-deploy.log
 create mode 100644 index.html
 create mode 100644 logfile
To github-swiftsched:UCD-HEAP/Swift_Schedule.git
 + 1837023...845559e gh-pages -> gh-pages (forced update)
=== Run finished: Thu Sep 24 23:40:17 IST 2026 ===
=== Run started: Thu Sep 24 23:50:16 IST 2026 ===
[gh-pages d8bf6c5] Auto-deploy: 2026-09-24T22:50:16Z
 Date: Tue Sep 15 08:43:09 2026 +0100
 4 files changed, 7158 insertions(+)
 create mode 100644 SwiftScheduleParser.log
 create mode 100644 github-swiftschedule-deploy.log
 create mode 100644 index.html
 create mode 100644 logfile
To github-swiftsched:UCD-HEAP/Swift_Schedule.git
 + 845559e...d8bf6c5 gh-pages -> gh-pages (forced update)
=== Run finished: Thu Sep 24 23:50:18 IST 2026 ===
=== Run started: Fri Sep 25 00:00:18 IST 2026 ===
[gh-pages 7bdaecb] Auto-deploy: 2026-09-24T23:00:18Z
 Date: Tue Sep 15 08:43:09 2026 +0100
 4 files changed, 7169 insertions(+)
 create mode 100644 SwiftScheduleParser.log
 create mode 100644 github-swiftschedule-deploy.log
 create mode 100644 index.html
 create mode 100644 logfile
To github-swiftsched:UCD-HEAP/Swift_Schedule.git
 + d8bf6c5...7bdaecb gh-pages -> gh-pages (forced update)
=== Run finished: Fri Sep 25 00:00:20 IST 2026 ===
=== Run started: Fri Sep 25 00:10:15 IST 2026 ===
[gh-pages 12348f0] Auto-deploy: 2026-09-24T23:10:15Z
 Date: Tue Sep 15 08:43:09 2026 +0100
 4 files changed, 7180 insertions(+)
 create mode 100644 SwiftScheduleParser.log
 create mode 100644 github-swiftschedule-deploy.log
 create mode 100644 index.html
 create mode 100644 logfile
To github-swiftsched:UCD-HEAP/Swift_Schedule.git
 + 7bdaecb...12348f0 gh-pages -> gh-pages (forced update)
=== Run finished: Fri Sep 25 00:10:17 IST 2026 ===
=== Run started: Fri Sep 25 00:20:18 IST 2026 ===
[gh-pages 830e234] Auto-deploy: 2026-09-24T23:20:18Z
 Date: Tue Sep 15 08:43:09 2026 +0100
 4 files changed, 7191 insertions(+)
 create mode 100644 SwiftScheduleParser.log
 create mode 100644 github-swiftschedule-deploy.log
 create mode 100644 index.html
 create mode 100644 logfile
To github-swiftsched:UCD-HEAP/Swift_Schedule.git
 + 12348f0...830e234 gh-pages -> gh-pages (forced update)
=== Run finished: Fri Sep 25 00:20:19 IST 2026 ===
=== Run started: Fri Sep 25 00:30:15 IST 2026 ===
[gh-pages b53d97d] Auto-deploy: 2026-09-24T23:30:15Z
 Date: Tue Sep 15 08:43:09 2026 +0100
 4 files changed, 7202 insertions(+)
 create mode 100644 SwiftScheduleParser.log
 create mode 100644 github-swiftschedule-deploy.log
 create mode 100644 index.html
 create mode 100644 logfile
To github-swiftsched:UCD-HEAP/Swift_Schedule.git
 + 830e234...b53d97d gh-pages -> gh-pages (forced update)
=== Run finished: Fri Sep 25 00:30:16 IST 2026 ===
=== Run started: Fri Sep 25 00:40:18 IST 2026 ===
[gh-pages a8d60d2] Auto-deploy: 2026-09-24T23:40:18Z
 Date: Tue Sep 15 08:43:09 2026 +0100
 4 files changed, 7213 insertions(+)
 create mode 100644 SwiftScheduleParser.log
 create mode 100644 github-swiftschedule-deploy.log
 create mode 100644 index.html
 create mode 100644 logfile
To github-swiftsched:UCD-HEAP/Swift_Schedule.git
 + b53d97d...a8d60d2 gh-pages -> gh-pages (forced update)
=== Run finished: Fri Sep 25 00:40:20 IST 2026 ===
=== Run started: Fri Sep 25 00:50:15 IST 2026 ===
[gh-pages 080ae1e] Auto-deploy: 2026-09-24T23:50:15Z
 Date: Tue Sep 15 08:43:09 2026 +0100
 4 files changed, 7224 insertions(+)
 create mode 100644 SwiftScheduleParser.log
 create mode 100644 github-swiftschedule-deploy.log
 create mode 100644 index.html
 create mode 100644 logfile
To github-swiftsched:UCD-HEAP/Swift_Schedule.git
 + a8d60d2...080ae1e gh-pages -> gh-pages (forced update)
=== Run finished: Fri Sep 25 00:50:17 IST 2026 ===
=== Run started: Fri Sep 25 01:00:18 IST 2026 ===
[gh-pages 16bd614] Auto-deploy: 2026-09-25T00:00:18Z
 Date: Tue Sep 15 08:43:09 2026 +0100
 4 files changed, 7243 insertions(+)
 create mode 100644 SwiftScheduleParser.log
 create mode 100644 github-swiftschedule-deploy.log
 create mode 100644 index.html
 create mode 100644 logfile
To github-swiftsched:UCD-HEAP/Swift_Schedule.git
 + 080ae1e...16bd614 gh-pages -> gh-pages (forced update)
=== Run finished: Fri Sep 25 01:00:19 IST 2026 ===
=== Run started: Fri Sep 25 01:10:15 IST 2026 ===
[gh-pages b27d801] Auto-deploy: 2026-09-25T00:10:15Z
 Date: Tue Sep 15 08:43:09 2026 +0100
 4 files changed, 7254 insertions(+)
 create mode 100644 SwiftScheduleParser.log
 create mode 100644 github-swiftschedule-deploy.log
 create mode 100644 index.html
 create mode 100644 logfile
To github-swiftsched:UCD-HEAP/Swift_Schedule.git
 + 16bd614...b27d801 gh-pages -> gh-pages (forced update)
=== Run finished: Fri Sep 25 01:10:17 IST 2026 ===
=== Run started: Fri Sep 25 01:20:17 IST 2026 ===
[gh-pages fce77cb] Auto-deploy: 2026-09-25T00:20:17Z
 Date: Tue Sep 15 08:43:09 2026 +0100
 4 files changed, 7265 insertions(+)
 create mode 100644 SwiftScheduleParser.log
 create mode 100644 github-swiftschedule-deploy.log
 create mode 100644 index.html
 create mode 100644 logfile
To github-swiftsched:UCD-HEAP/Swift_Schedule.git
 + b27d801...fce77cb gh-pages -> gh-pages (forced update)
=== Run finished: Fri Sep 25 01:20:19 IST 2026 ===
=== Run started: Fri Sep 25 01:30:18 IST 2026 ===
[gh-pages 73ac44b] Auto-deploy: 2026-09-25T00:30:18Z
 Date: Tue Sep 15 08:43:09 2026 +0100
 4 files changed, 7276 insertions(+)
 create mode 100644 SwiftScheduleParser.log
 create mode 100644 github-swiftschedule-deploy.log
 create mode 100644 index.html
 create mode 100644 logfile
To github-swiftsched:UCD-HEAP/Swift_Schedule.git
 + fce77cb...73ac44b gh-pages -> gh-pages (forced update)
=== Run finished: Fri Sep 25 01:30:20 IST 2026 ===
=== Run started: Fri Sep 25 01:40:15 IST 2026 ===
[gh-pages d60e9fb] Auto-deploy: 2026-09-25T00:40:15Z
 Date: Tue Sep 15 08:43:09 2026 +0100
 4 files changed, 7287 insertions(+)
 create mode 100644 SwiftScheduleParser.log
 create mode 100644 github-swiftschedule-deploy.log
 create mode 100644 index.html
 create mode 100644 logfile
To github-swiftsched:UCD-HEAP/Swift_Schedule.git
 + 73ac44b...d60e9fb gh-pages -> gh-pages (forced update)
=== Run finished: Fri Sep 25 01:40:17 IST 2026 ===
=== Run started: Fri Sep 25 01:50:18 IST 2026 ===
[gh-pages 6a65225] Auto-deploy: 2026-09-25T00:50:18Z
 Date: Tue Sep 15 08:43:09 2026 +0100
 4 files changed, 7298 insertions(+)
 create mode 100644 SwiftScheduleParser.log
 create mode 100644 github-swiftschedule-deploy.log
 create mode 100644 index.html
 create mode 100644 logfile
To github-swiftsched:UCD-HEAP/Swift_Schedule.git
 + d60e9fb...6a65225 gh-pages -> gh-pages (forced update)
=== Run finished: Fri Sep 25 01:50:20 IST 2026 ===
=== Run started: Fri Sep 25 02:00:15 IST 2026 ===
[gh-pages 0cf32d5] Auto-deploy: 2026-09-25T01:00:15Z
 Date: Tue Sep 15 08:43:09 2026 +0100
 4 files changed, 7309 insertions(+)
 create mode 100644 SwiftScheduleParser.log
 create mode 100644 github-swiftschedule-deploy.log
 create mode 100644 index.html
 create mode 100644 logfile
To github-swiftsched:UCD-HEAP/Swift_Schedule.git
 + 6a65225...0cf32d5 gh-pages -> gh-pages (forced update)
=== Run finished: Fri Sep 25 02:00:17 IST 2026 ===
=== Run started: Fri Sep 25 02:10:17 IST 2026 ===
[gh-pages ec82cd1] Auto-deploy: 2026-09-25T01:10:17Z
 Date: Tue Sep 15 08:43:09 2026 +0100
 4 files changed, 7320 insertions(+)
 create mode 100644 SwiftScheduleParser.log
 create mode 100644 github-swiftschedule-deploy.log
 create mode 100644 index.html
 create mode 100644 logfile
To github-swiftsched:UCD-HEAP/Swift_Schedule.git
 + 0cf32d5...ec82cd1 gh-pages -> gh-pages (forced update)
=== Run finished: Fri Sep 25 02:10:19 IST 2026 ===
=== Run started: Fri Sep 25 02:20:18 IST 2026 ===
[gh-pages 6848a8c] Auto-deploy: 2026-09-25T01:20:18Z
 Date: Tue Sep 15 08:43:09 2026 +0100
 4 files changed, 7331 insertions(+)
 create mode 100644 SwiftScheduleParser.log
 create mode 100644 github-swiftschedule-deploy.log
 create mode 100644 index.html
 create mode 100644 logfile
To github-swiftsched:UCD-HEAP/Swift_Schedule.git
 + ec82cd1...6848a8c gh-pages -> gh-pages (forced update)
=== Run finished: Fri Sep 25 02:20:20 IST 2026 ===
=== Run started: Fri Sep 25 02:30:15 IST 2026 ===
[gh-pages bdbedbd] Auto-deploy: 2026-09-25T01:30:15Z
 Date: Tue Sep 15 08:43:09 2026 +0100
 4 files changed, 7342 insertions(+)
 create mode 100644 SwiftScheduleParser.log
 create mode 100644 github-swiftschedule-deploy.log
 create mode 100644 index.html
 create mode 100644 logfile
To github-swiftsched:UCD-HEAP/Swift_Schedule.git
 + 6848a8c...bdbedbd gh-pages -> gh-pages (forced update)
=== Run finished: Fri Sep 25 02:30:17 IST 2026 ===
=== Run started: Fri Sep 25 02:40:18 IST 2026 ===
[gh-pages ef6caf4] Auto-deploy: 2026-09-25T01:40:18Z
 Date: Tue Sep 15 08:43:09 2026 +0100
 4 files changed, 7353 insertions(+)
 create mode 100644 SwiftScheduleParser.log
 create mode 100644 github-swiftschedule-deploy.log
 create mode 100644 index.html
 create mode 100644 logfile
To github-swiftsched:UCD-HEAP/Swift_Schedule.git
 + bdbedbd...ef6caf4 gh-pages -> gh-pages (forced update)
=== Run finished: Fri Sep 25 02:40:19 IST 2026 ===
=== Run started: Fri Sep 25 02:50:15 IST 2026 ===
[gh-pages 4c0f4d2] Auto-deploy: 2026-09-25T01:50:15Z
 Date: Tue Sep 15 08:43:09 2026 +0100
 4 files changed, 7364 insertions(+)
 create mode 100644 SwiftScheduleParser.log
 create mode 100644 github-swiftschedule-deploy.log
 create mode 100644 index.html
 create mode 100644 logfile
To github-swiftsched:UCD-HEAP/Swift_Schedule.git
 + ef6caf4...4c0f4d2 gh-pages -> gh-pages (forced update)
=== Run finished: Fri Sep 25 02:50:16 IST 2026 ===
=== Run started: Fri Sep 25 03:00:18 IST 2026 ===
[gh-pages 32f017a] Auto-deploy: 2026-09-25T02:00:18Z
 Date: Tue Sep 15 08:43:09 2026 +0100
 4 files changed, 7375 insertions(+)
 create mode 100644 SwiftScheduleParser.log
 create mode 100644 github-swiftschedule-deploy.log
 create mode 100644 index.html
 create mode 100644 logfile
To github-swiftsched:UCD-HEAP/Swift_Schedule.git
 + 4c0f4d2...32f017a gh-pages -> gh-pages (forced update)
=== Run finished: Fri Sep 25 03:00:19 IST 2026 ===
=== Run started: Fri Sep 25 03:10:17 IST 2026 ===
[gh-pages 62bcea4] Auto-deploy: 2026-09-25T02:10:17Z
 Date: Tue Sep 15 08:43:09 2026 +0100
 4 files changed, 7386 insertions(+)
 create mode 100644 SwiftScheduleParser.log
 create mode 100644 github-swiftschedule-deploy.log
 create mode 100644 index.html
 create mode 100644 logfile
To github-swiftsched:UCD-HEAP/Swift_Schedule.git
 + 32f017a...62bcea4 gh-pages -> gh-pages (forced update)
=== Run finished: Fri Sep 25 03:10:19 IST 2026 ===
=== Run started: Fri Sep 25 03:20:16 IST 2026 ===
[gh-pages bbe0ab1] Auto-deploy: 2026-09-25T02:20:16Z
 Date: Tue Sep 15 08:43:09 2026 +0100
 4 files changed, 7397 insertions(+)
 create mode 100644 SwiftScheduleParser.log
 create mode 100644 github-swiftschedule-deploy.log
 create mode 100644 index.html
 create mode 100644 logfile
To github-swiftsched:UCD-HEAP/Swift_Schedule.git
 + 62bcea4...bbe0ab1 gh-pages -> gh-pages (forced update)
=== Run finished: Fri Sep 25 03:20:17 IST 2026 ===
=== Run started: Fri Sep 25 03:30:18 IST 2026 ===
[gh-pages 09b84ed] Auto-deploy: 2026-09-25T02:30:18Z
 Date: Tue Sep 15 08:43:09 2026 +0100
 4 files changed, 7408 insertions(+)
 create mode 100644 SwiftScheduleParser.log
 create mode 100644 github-swiftschedule-deploy.log
 create mode 100644 index.html
 create mode 100644 logfile
To github-swiftsched:UCD-HEAP/Swift_Schedule.git
 + bbe0ab1...09b84ed gh-pages -> gh-pages (forced update)
=== Run finished: Fri Sep 25 03:30:19 IST 2026 ===
=== Run started: Fri Sep 25 03:40:18 IST 2026 ===
[gh-pages f4c22bc] Auto-deploy: 2026-09-25T02:40:18Z
 Date: Tue Sep 15 08:43:09 2026 +0100
 4 files changed, 7419 insertions(+)
 create mode 100644 SwiftScheduleParser.log
 create mode 100644 github-swiftschedule-deploy.log
 create mode 100644 index.html
 create mode 100644 logfile
To github-swiftsched:UCD-HEAP/Swift_Schedule.git
 + 09b84ed...f4c22bc gh-pages -> gh-pages (forced update)
=== Run finished: Fri Sep 25 03:40:19 IST 2026 ===
=== Run started: Fri Sep 25 03:50:16 IST 2026 ===
[gh-pages 4a7c619] Auto-deploy: 2026-09-25T02:50:16Z
 Date: Tue Sep 15 08:43:09 2026 +0100
 4 files changed, 7430 insertions(+)
 create mode 100644 SwiftScheduleParser.log
 create mode 100644 github-swiftschedule-deploy.log
 create mode 100644 index.html
 create mode 100644 logfile
To github-swiftsched:UCD-HEAP/Swift_Schedule.git
 + f4c22bc...4a7c619 gh-pages -> gh-pages (forced update)
=== Run finished: Fri Sep 25 03:50:17 IST 2026 ===
=== Run started: Fri Sep 25 04:00:17 IST 2026 ===
[gh-pages 309e332] Auto-deploy: 2026-09-25T03:00:17Z
 Date: Tue Sep 15 08:43:09 2026 +0100
 4 files changed, 7441 insertions(+)
 create mode 100644 SwiftScheduleParser.log
 create mode 100644 github-swiftschedule-deploy.log
 create mode 100644 index.html
 create mode 100644 logfile
To github-swiftsched:UCD-HEAP/Swift_Schedule.git
 + 4a7c619...309e332 gh-pages -> gh-pages (forced update)
=== Run finished: Fri Sep 25 04:00:19 IST 2026 ===
=== Run started: Fri Sep 25 04:10:18 IST 2026 ===
[gh-pages 33fce05] Auto-deploy: 2026-09-25T03:10:18Z
 Date: Tue Sep 15 08:43:09 2026 +0100
 4 files changed, 7452 insertions(+)
 create mode 100644 SwiftScheduleParser.log
 create mode 100644 github-swiftschedule-deploy.log
 create mode 100644 index.html
 create mode 100644 logfile
To github-swiftsched:UCD-HEAP/Swift_Schedule.git
 + 309e332...33fce05 gh-pages -> gh-pages (forced update)
=== Run finished: Fri Sep 25 04:10:19 IST 2026 ===
=== Run started: Fri Sep 25 04:20:18 IST 2026 ===
[gh-pages b7066f5] Auto-deploy: 2026-09-25T03:20:18Z
 Date: Tue Sep 15 08:43:09 2026 +0100
 4 files changed, 7463 insertions(+)
 create mode 100644 SwiftScheduleParser.log
 create mode 100644 github-swiftschedule-deploy.log
 create mode 100644 index.html
 create mode 100644 logfile
To github-swiftsched:UCD-HEAP/Swift_Schedule.git
 + 33fce05...b7066f5 gh-pages -> gh-pages (forced update)
=== Run finished: Fri Sep 25 04:20:20 IST 2026 ===
=== Run started: Fri Sep 25 04:30:15 IST 2026 ===
[gh-pages 597ffed] Auto-deploy: 2026-09-25T03:30:15Z
 Date: Tue Sep 15 08:43:09 2026 +0100
 4 files changed, 7474 insertions(+)
 create mode 100644 SwiftScheduleParser.log
 create mode 100644 github-swiftschedule-deploy.log
 create mode 100644 index.html
 create mode 100644 logfile
To github-swiftsched:UCD-HEAP/Swift_Schedule.git
 + b7066f5...597ffed gh-pages -> gh-pages (forced update)
=== Run finished: Fri Sep 25 04:30:17 IST 2026 ===
=== Run started: Fri Sep 25 04:40:18 IST 2026 ===
[gh-pages 6aa8ba2] Auto-deploy: 2026-09-25T03:40:18Z
 Date: Tue Sep 15 08:43:09 2026 +0100
 4 files changed, 7485 insertions(+)
 create mode 100644 SwiftScheduleParser.log
 create mode 100644 github-swiftschedule-deploy.log
 create mode 100644 index.html
 create mode 100644 logfile
To github-swiftsched:UCD-HEAP/Swift_Schedule.git
 + 597ffed...6aa8ba2 gh-pages -> gh-pages (forced update)
=== Run finished: Fri Sep 25 04:40:19 IST 2026 ===
=== Run started: Fri Sep 25 04:50:15 IST 2026 ===
[gh-pages 22011c1] Auto-deploy: 2026-09-25T03:50:15Z
 Date: Tue Sep 15 08:43:09 2026 +0100
 4 files changed, 7496 insertions(+)
 create mode 100644 SwiftScheduleParser.log
 create mode 100644 github-swiftschedule-deploy.log
 create mode 100644 index.html
 create mode 100644 logfile
To github-swiftsched:UCD-HEAP/Swift_Schedule.git
 + 6aa8ba2...22011c1 gh-pages -> gh-pages (forced update)
=== Run finished: Fri Sep 25 04:50:16 IST 2026 ===
=== Run started: Fri Sep 25 05:00:18 IST 2026 ===
[gh-pages e2ce742] Auto-deploy: 2026-09-25T04:00:18Z
 Date: Tue Sep 15 08:43:09 2026 +0100
 4 files changed, 7507 insertions(+)
 create mode 100644 SwiftScheduleParser.log
 create mode 100644 github-swiftschedule-deploy.log
 create mode 100644 index.html
 create mode 100644 logfile
To github-swiftsched:UCD-HEAP/Swift_Schedule.git
 + 22011c1...e2ce742 gh-pages -> gh-pages (forced update)
=== Run finished: Fri Sep 25 05:00:20 IST 2026 ===
=== Run started: Fri Sep 25 05:10:15 IST 2026 ===
[gh-pages 13e047b] Auto-deploy: 2026-09-25T04:10:15Z
 Date: Tue Sep 15 08:43:09 2026 +0100
 4 files changed, 7518 insertions(+)
 create mode 100644 SwiftScheduleParser.log
 create mode 100644 github-swiftschedule-deploy.log
 create mode 100644 index.html
 create mode 100644 logfile
To github-swiftsched:UCD-HEAP/Swift_Schedule.git
 + e2ce742...13e047b gh-pages -> gh-pages (forced update)
=== Run finished: Fri Sep 25 05:10:17 IST 2026 ===
=== Run started: Fri Sep 25 05:20:18 IST 2026 ===
[gh-pages ef18322] Auto-deploy: 2026-09-25T04:20:18Z
 Date: Tue Sep 15 08:43:09 2026 +0100
 4 files changed, 7529 insertions(+)
 create mode 100644 SwiftScheduleParser.log
 create mode 100644 github-swiftschedule-deploy.log
 create mode 100644 index.html
 create mode 100644 logfile
To github-swiftsched:UCD-HEAP/Swift_Schedule.git
 + 13e047b...ef18322 gh-pages -> gh-pages (forced update)
=== Run finished: Fri Sep 25 05:20:19 IST 2026 ===
=== Run started: Fri Sep 25 05:30:17 IST 2026 ===
[gh-pages 8ee47e8] Auto-deploy: 2026-09-25T04:30:17Z
 Date: Tue Sep 15 08:43:09 2026 +0100
 4 files changed, 7540 insertions(+)
 create mode 100644 SwiftScheduleParser.log
 create mode 100644 github-swiftschedule-deploy.log
 create mode 100644 index.html
 create mode 100644 logfile
To github-swiftsched:UCD-HEAP/Swift_Schedule.git
 + ef18322...8ee47e8 gh-pages -> gh-pages (forced update)
=== Run finished: Fri Sep 25 05:30:19 IST 2026 ===
=== Run started: Fri Sep 25 05:40:16 IST 2026 ===
[gh-pages b8e94d3] Auto-deploy: 2026-09-25T04:40:16Z
 Date: Tue Sep 15 08:43:09 2026 +0100
 4 files changed, 7551 insertions(+)
 create mode 100644 SwiftScheduleParser.log
 create mode 100644 github-swiftschedule-deploy.log
 create mode 100644 index.html
 create mode 100644 logfile
To github-swiftsched:UCD-HEAP/Swift_Schedule.git
 + 8ee47e8...b8e94d3 gh-pages -> gh-pages (forced update)
=== Run finished: Fri Sep 25 05:40:18 IST 2026 ===
=== Run started: Fri Sep 25 05:50:18 IST 2026 ===
[gh-pages 6bcac9b] Auto-deploy: 2026-09-25T04:50:18Z
 Date: Tue Sep 15 08:43:09 2026 +0100
 4 files changed, 7562 insertions(+)
 create mode 100644 SwiftScheduleParser.log
 create mode 100644 github-swiftschedule-deploy.log
 create mode 100644 index.html
 create mode 100644 logfile
To github-swiftsched:UCD-HEAP/Swift_Schedule.git
 + b8e94d3...6bcac9b gh-pages -> gh-pages (forced update)
=== Run finished: Fri Sep 25 05:50:19 IST 2026 ===
=== Run started: Fri Sep 25 06:00:18 IST 2026 ===
[gh-pages 343fcb7] Auto-deploy: 2026-09-25T05:00:18Z
 Date: Tue Sep 15 08:43:09 2026 +0100
 4 files changed, 7573 insertions(+)
 create mode 100644 SwiftScheduleParser.log
 create mode 100644 github-swiftschedule-deploy.log
 create mode 100644 index.html
 create mode 100644 logfile
To github-swiftsched:UCD-HEAP/Swift_Schedule.git
 + 6bcac9b...343fcb7 gh-pages -> gh-pages (forced update)
=== Run finished: Fri Sep 25 06:00:20 IST 2026 ===
=== Run started: Fri Sep 25 06:10:15 IST 2026 ===
[gh-pages 7e41717] Auto-deploy: 2026-09-25T05:10:15Z
 Date: Tue Sep 15 08:43:09 2026 +0100
 4 files changed, 7584 insertions(+)
 create mode 100644 SwiftScheduleParser.log
 create mode 100644 github-swiftschedule-deploy.log
 create mode 100644 index.html
 create mode 100644 logfile
To github-swiftsched:UCD-HEAP/Swift_Schedule.git
 + 343fcb7...7e41717 gh-pages -> gh-pages (forced update)
=== Run finished: Fri Sep 25 06:10:17 IST 2026 ===
=== Run started: Fri Sep 25 06:20:18 IST 2026 ===
[gh-pages f7c781c] Auto-deploy: 2026-09-25T05:20:18Z
 Date: Tue Sep 15 08:43:09 2026 +0100
 4 files changed, 7595 insertions(+)
 create mode 100644 SwiftScheduleParser.log
 create mode 100644 github-swiftschedule-deploy.log
 create mode 100644 index.html
 create mode 100644 logfile
To github-swiftsched:UCD-HEAP/Swift_Schedule.git
 + 7e41717...f7c781c gh-pages -> gh-pages (forced update)
=== Run finished: Fri Sep 25 06:20:20 IST 2026 ===
=== Run started: Fri Sep 25 06:30:15 IST 2026 ===
[gh-pages 13b4fcb] Auto-deploy: 2026-09-25T05:30:15Z
 Date: Tue Sep 15 08:43:09 2026 +0100
 4 files changed, 7606 insertions(+)
 create mode 100644 SwiftScheduleParser.log
 create mode 100644 github-swiftschedule-deploy.log
 create mode 100644 index.html
 create mode 100644 logfile
To github-swiftsched:UCD-HEAP/Swift_Schedule.git
 + f7c781c...13b4fcb gh-pages -> gh-pages (forced update)
=== Run finished: Fri Sep 25 06:30:17 IST 2026 ===
=== Run started: Fri Sep 25 06:40:18 IST 2026 ===
[gh-pages 827a069] Auto-deploy: 2026-09-25T05:40:18Z
 Date: Tue Sep 15 08:43:09 2026 +0100
 4 files changed, 7617 insertions(+)
 create mode 100644 SwiftScheduleParser.log
 create mode 100644 github-swiftschedule-deploy.log
 create mode 100644 index.html
 create mode 100644 logfile
To github-swiftsched:UCD-HEAP/Swift_Schedule.git
 + 13b4fcb...827a069 gh-pages -> gh-pages (forced update)
=== Run finished: Fri Sep 25 06:40:20 IST 2026 ===
=== Run started: Fri Sep 25 06:50:15 IST 2026 ===
[gh-pages 620f390] Auto-deploy: 2026-09-25T05:50:15Z
 Date: Tue Sep 15 08:43:09 2026 +0100
 4 files changed, 7628 insertions(+)
 create mode 100644 SwiftScheduleParser.log
 create mode 100644 github-swiftschedule-deploy.log
 create mode 100644 index.html
 create mode 100644 logfile
To github-swiftsched:UCD-HEAP/Swift_Schedule.git
 + 827a069...620f390 gh-pages -> gh-pages (forced update)
=== Run finished: Fri Sep 25 06:50:17 IST 2026 ===
=== Run started: Fri Sep 25 07:00:18 IST 2026 ===
[gh-pages a866d27] Auto-deploy: 2026-09-25T06:00:18Z
 Date: Tue Sep 15 08:43:09 2026 +0100
 4 files changed, 7639 insertions(+)
 create mode 100644 SwiftScheduleParser.log
 create mode 100644 github-swiftschedule-deploy.log
 create mode 100644 index.html
 create mode 100644 logfile
To github-swiftsched:UCD-HEAP/Swift_Schedule.git
 + 620f390...a866d27 gh-pages -> gh-pages (forced update)
=== Run finished: Fri Sep 25 07:00:20 IST 2026 ===
=== Run started: Fri Sep 25 07:10:15 IST 2026 ===
[gh-pages 59adaee] Auto-deploy: 2026-09-25T06:10:15Z
 Date: Tue Sep 15 08:43:09 2026 +0100
 4 files changed, 7650 insertions(+)
 create mode 100644 SwiftScheduleParser.log
 create mode 100644 github-swiftschedule-deploy.log
 create mode 100644 index.html
 create mode 100644 logfile
To github-swiftsched:UCD-HEAP/Swift_Schedule.git
 + a866d27...59adaee gh-pages -> gh-pages (forced update)
=== Run finished: Fri Sep 25 07:10:17 IST 2026 ===
=== Run started: Fri Sep 25 07:20:19 IST 2026 ===
[gh-pages de287ec] Auto-deploy: 2026-09-25T06:20:19Z
 Date: Tue Sep 15 08:43:09 2026 +0100
 4 files changed, 7661 insertions(+)
 create mode 100644 SwiftScheduleParser.log
 create mode 100644 github-swiftschedule-deploy.log
 create mode 100644 index.html
 create mode 100644 logfile
To github-swiftsched:UCD-HEAP/Swift_Schedule.git
 + 59adaee...de287ec gh-pages -> gh-pages (forced update)
=== Run finished: Fri Sep 25 07:20:20 IST 2026 ===
=== Run started: Fri Sep 25 07:30:15 IST 2026 ===
[gh-pages 5572353] Auto-deploy: 2026-09-25T06:30:15Z
 Date: Tue Sep 15 08:43:09 2026 +0100
 4 files changed, 7672 insertions(+)
 create mode 100644 SwiftScheduleParser.log
 create mode 100644 github-swiftschedule-deploy.log
 create mode 100644 index.html
 create mode 100644 logfile
To github-swiftsched:UCD-HEAP/Swift_Schedule.git
 + de287ec...5572353 gh-pages -> gh-pages (forced update)
=== Run finished: Fri Sep 25 07:30:17 IST 2026 ===
=== Run started: Fri Sep 25 07:40:18 IST 2026 ===
[gh-pages 67d1dc0] Auto-deploy: 2026-09-25T06:40:18Z
 Date: Tue Sep 15 08:43:09 2026 +0100
 4 files changed, 7683 insertions(+)
 create mode 100644 SwiftScheduleParser.log
 create mode 100644 github-swiftschedule-deploy.log
 create mode 100644 index.html
 create mode 100644 logfile
To github-swiftsched:UCD-HEAP/Swift_Schedule.git
 + 5572353...67d1dc0 gh-pages -> gh-pages (forced update)
=== Run finished: Fri Sep 25 07:40:20 IST 2026 ===
=== Run started: Fri Sep 25 07:50:15 IST 2026 ===
[gh-pages 133ac0b] Auto-deploy: 2026-09-25T06:50:15Z
 Date: Tue Sep 15 08:43:09 2026 +0100
 4 files changed, 7694 insertions(+)
 create mode 100644 SwiftScheduleParser.log
 create mode 100644 github-swiftschedule-deploy.log
 create mode 100644 index.html
 create mode 100644 logfile
To github-swiftsched:UCD-HEAP/Swift_Schedule.git
 + 67d1dc0...133ac0b gh-pages -> gh-pages (forced update)
=== Run finished: Fri Sep 25 07:50:17 IST 2026 ===
=== Run started: Fri Sep 25 08:00:18 IST 2026 ===
[gh-pages 89a93eb] Auto-deploy: 2026-09-25T07:00:18Z
 Date: Tue Sep 15 08:43:09 2026 +0100
 4 files changed, 7705 insertions(+)
 create mode 100644 SwiftScheduleParser.log
 create mode 100644 github-swiftschedule-deploy.log
 create mode 100644 index.html
 create mode 100644 logfile
To github-swiftsched:UCD-HEAP/Swift_Schedule.git
 + 133ac0b...89a93eb gh-pages -> gh-pages (forced update)
=== Run finished: Fri Sep 25 08:00:19 IST 2026 ===
=== Run started: Fri Sep 25 08:10:19 IST 2026 ===
[gh-pages 54c1162] Auto-deploy: 2026-09-25T07:10:19Z
 Date: Tue Sep 15 08:43:09 2026 +0100
 4 files changed, 7716 insertions(+)
 create mode 100644 SwiftScheduleParser.log
 create mode 100644 github-swiftschedule-deploy.log
 create mode 100644 index.html
 create mode 100644 logfile
To github-swiftsched:UCD-HEAP/Swift_Schedule.git
 + 89a93eb...54c1162 gh-pages -> gh-pages (forced update)
=== Run finished: Fri Sep 25 08:10:21 IST 2026 ===
=== Run started: Fri Sep 25 08:20:15 IST 2026 ===
[gh-pages f38cb86] Auto-deploy: 2026-09-25T07:20:15Z
 Date: Tue Sep 15 08:43:09 2026 +0100
 4 files changed, 7727 insertions(+)
 create mode 100644 SwiftScheduleParser.log
 create mode 100644 github-swiftschedule-deploy.log
 create mode 100644 index.html
 create mode 100644 logfile
To github-swiftsched:UCD-HEAP/Swift_Schedule.git
 + 54c1162...f38cb86 gh-pages -> gh-pages (forced update)
=== Run finished: Fri Sep 25 08:20:17 IST 2026 ===
=== Run started: Fri Sep 25 08:30:18 IST 2026 ===
[gh-pages 6054ac9] Auto-deploy: 2026-09-25T07:30:18Z
 Date: Tue Sep 15 08:43:09 2026 +0100
 4 files changed, 7738 insertions(+)
 create mode 100644 SwiftScheduleParser.log
 create mode 100644 github-swiftschedule-deploy.log
 create mode 100644 index.html
 create mode 100644 logfile
To github-swiftsched:UCD-HEAP/Swift_Schedule.git
 + f38cb86...6054ac9 gh-pages -> gh-pages (forced update)
=== Run finished: Fri Sep 25 08:30:20 IST 2026 ===
=== Run started: Fri Sep 25 08:40:15 IST 2026 ===
[gh-pages 6e71c50] Auto-deploy: 2026-09-25T07:40:15Z
 Date: Tue Sep 15 08:43:09 2026 +0100
 4 files changed, 7749 insertions(+)
 create mode 100644 SwiftScheduleParser.log
 create mode 100644 github-swiftschedule-deploy.log
 create mode 100644 index.html
 create mode 100644 logfile
To github-swiftsched:UCD-HEAP/Swift_Schedule.git
 + 6054ac9...6e71c50 gh-pages -> gh-pages (forced update)
=== Run finished: Fri Sep 25 08:40:17 IST 2026 ===
=== Run started: Fri Sep 25 08:50:18 IST 2026 ===
[gh-pages 579f1e2] Auto-deploy: 2026-09-25T07:50:18Z
 Date: Tue Sep 15 08:43:09 2026 +0100
 4 files changed, 7760 insertions(+)
 create mode 100644 SwiftScheduleParser.log
 create mode 100644 github-swiftschedule-deploy.log
 create mode 100644 index.html
 create mode 100644 logfile
To github-swiftsched:UCD-HEAP/Swift_Schedule.git
 + 6e71c50...579f1e2 gh-pages -> gh-pages (forced update)
=== Run finished: Fri Sep 25 08:50:19 IST 2026 ===
=== Run started: Fri Sep 25 09:00:16 IST 2026 ===
[gh-pages 7237cc5] Auto-deploy: 2026-09-25T08:00:16Z
 Date: Tue Sep 15 08:43:09 2026 +0100
 4 files changed, 7771 insertions(+)
 create mode 100644 SwiftScheduleParser.log
 create mode 100644 github-swiftschedule-deploy.log
 create mode 100644 index.html
 create mode 100644 logfile
To github-swiftsched:UCD-HEAP/Swift_Schedule.git
 + 579f1e2...7237cc5 gh-pages -> gh-pages (forced update)
=== Run finished: Fri Sep 25 09:00:18 IST 2026 ===
=== Run started: Fri Sep 25 09:10:17 IST 2026 ===
[gh-pages 11e79ef] Auto-deploy: 2026-09-25T08:10:17Z
 Date: Tue Sep 15 08:43:09 2026 +0100
 4 files changed, 7782 insertions(+)
 create mode 100644 SwiftScheduleParser.log
 create mode 100644 github-swiftschedule-deploy.log
 create mode 100644 index.html
 create mode 100644 logfile
To github-swiftsched:UCD-HEAP/Swift_Schedule.git
 + 7237cc5...11e79ef gh-pages -> gh-pages (forced update)
=== Run finished: Fri Sep 25 09:10:19 IST 2026 ===
=== Run started: Fri Sep 25 09:20:18 IST 2026 ===
[gh-pages 4d26a9b] Auto-deploy: 2026-09-25T08:20:18Z
 Date: Tue Sep 15 08:43:09 2026 +0100
 4 files changed, 7793 insertions(+)
 create mode 100644 SwiftScheduleParser.log
 create mode 100644 github-swiftschedule-deploy.log
 create mode 100644 index.html
 create mode 100644 logfile
To github-swiftsched:UCD-HEAP/Swift_Schedule.git
 + 11e79ef...4d26a9b gh-pages -> gh-pages (forced update)
=== Run finished: Fri Sep 25 09:20:19 IST 2026 ===
=== Run started: Fri Sep 25 09:30:16 IST 2026 ===
[gh-pages 45abfe4] Auto-deploy: 2026-09-25T08:30:16Z
 Date: Tue Sep 15 08:43:09 2026 +0100
 4 files changed, 7804 insertions(+)
 create mode 100644 SwiftScheduleParser.log
 create mode 100644 github-swiftschedule-deploy.log
 create mode 100644 index.html
 create mode 100644 logfile
To github-swiftsched:UCD-HEAP/Swift_Schedule.git
 + 4d26a9b...45abfe4 gh-pages -> gh-pages (forced update)
=== Run finished: Fri Sep 25 09:30:18 IST 2026 ===
=== Run started: Fri Sep 25 09:40:17 IST 2026 ===
[gh-pages 8e0bff3] Auto-deploy: 2026-09-25T08:40:17Z
 Date: Tue Sep 15 08:43:09 2026 +0100
 4 files changed, 7815 insertions(+)
 create mode 100644 SwiftScheduleParser.log
 create mode 100644 github-swiftschedule-deploy.log
 create mode 100644 index.html
 create mode 100644 logfile
To github-swiftsched:UCD-HEAP/Swift_Schedule.git
 + 45abfe4...8e0bff3 gh-pages -> gh-pages (forced update)
=== Run finished: Fri Sep 25 09:40:18 IST 2026 ===
=== Run started: Fri Sep 25 09:50:16 IST 2026 ===
[gh-pages 694124a] Auto-deploy: 2026-09-25T08:50:16Z
 Date: Tue Sep 15 08:43:09 2026 +0100
 4 files changed, 7826 insertions(+)
 create mode 100644 SwiftScheduleParser.log
 create mode 100644 github-swiftschedule-deploy.log
 create mode 100644 index.html
 create mode 100644 logfile
To github-swiftsched:UCD-HEAP/Swift_Schedule.git
 + 8e0bff3...694124a gh-pages -> gh-pages (forced update)
=== Run finished: Fri Sep 25 09:50:17 IST 2026 ===
=== Run started: Fri Sep 25 10:00:18 IST 2026 ===
[gh-pages 46dc6bb] Auto-deploy: 2026-09-25T09:00:18Z
 Date: Tue Sep 15 08:43:09 2026 +0100
 4 files changed, 7837 insertions(+)
 create mode 100644 SwiftScheduleParser.log
 create mode 100644 github-swiftschedule-deploy.log
 create mode 100644 index.html
 create mode 100644 logfile
To github-swiftsched:UCD-HEAP/Swift_Schedule.git
 + 694124a...46dc6bb gh-pages -> gh-pages (forced update)
=== Run finished: Fri Sep 25 10:00:19 IST 2026 ===
=== Run started: Fri Sep 25 10:10:17 IST 2026 ===
[gh-pages 8a28c77] Auto-deploy: 2026-09-25T09:10:17Z
 Date: Tue Sep 15 08:43:09 2026 +0100
 4 files changed, 7848 insertions(+)
 create mode 100644 SwiftScheduleParser.log
 create mode 100644 github-swiftschedule-deploy.log
 create mode 100644 index.html
 create mode 100644 logfile
To github-swiftsched:UCD-HEAP/Swift_Schedule.git
 + 46dc6bb...8a28c77 gh-pages -> gh-pages (forced update)
=== Run finished: Fri Sep 25 10:10:19 IST 2026 ===
=== Run started: Fri Sep 25 10:20:19 IST 2026 ===
[gh-pages c244a47] Auto-deploy: 2026-09-25T09:20:19Z
 Date: Tue Sep 15 08:43:09 2026 +0100
 4 files changed, 7859 insertions(+)
 create mode 100644 SwiftScheduleParser.log
 create mode 100644 github-swiftschedule-deploy.log
 create mode 100644 index.html
 create mode 100644 logfile
To github-swiftsched:UCD-HEAP/Swift_Schedule.git
 + 8a28c77...c244a47 gh-pages -> gh-pages (forced update)
=== Run finished: Fri Sep 25 10:20:21 IST 2026 ===
=== Run started: Fri Sep 25 10:30:15 IST 2026 ===
[gh-pages 4b6eb9d] Auto-deploy: 2026-09-25T09:30:15Z
 Date: Tue Sep 15 08:43:09 2026 +0100
 4 files changed, 7870 insertions(+)
 create mode 100644 SwiftScheduleParser.log
 create mode 100644 github-swiftschedule-deploy.log
 create mode 100644 index.html
 create mode 100644 logfile
To github-swiftsched:UCD-HEAP/Swift_Schedule.git
 + c244a47...4b6eb9d gh-pages -> gh-pages (forced update)
=== Run finished: Fri Sep 25 10:30:17 IST 2026 ===
=== Run started: Fri Sep 25 10:40:18 IST 2026 ===
[gh-pages 1f49e8c] Auto-deploy: 2026-09-25T09:40:18Z
 Date: Tue Sep 15 08:43:09 2026 +0100
 4 files changed, 7881 insertions(+)
 create mode 100644 SwiftScheduleParser.log
 create mode 100644 github-swiftschedule-deploy.log
 create mode 100644 index.html
 create mode 100644 logfile
To github-swiftsched:UCD-HEAP/Swift_Schedule.git
 + 4b6eb9d...1f49e8c gh-pages -> gh-pages (forced update)
=== Run finished: Fri Sep 25 10:40:19 IST 2026 ===
=== Run started: Fri Sep 25 10:50:15 IST 2026 ===
[gh-pages dab1f58] Auto-deploy: 2026-09-25T09:50:15Z
 Date: Tue Sep 15 08:43:09 2026 +0100
 4 files changed, 7892 insertions(+)
 create mode 100644 SwiftScheduleParser.log
 create mode 100644 github-swiftschedule-deploy.log
 create mode 100644 index.html
 create mode 100644 logfile
To github-swiftsched:UCD-HEAP/Swift_Schedule.git
 + 1f49e8c...dab1f58 gh-pages -> gh-pages (forced update)
=== Run finished: Fri Sep 25 10:50:17 IST 2026 ===
=== Run started: Fri Sep 25 11:00:18 IST 2026 ===
[gh-pages 2557c58] Auto-deploy: 2026-09-25T10:00:18Z
 Date: Tue Sep 15 08:43:09 2026 +0100
 4 files changed, 7903 insertions(+)
 create mode 100644 SwiftScheduleParser.log
 create mode 100644 github-swiftschedule-deploy.log
 create mode 100644 index.html
 create mode 100644 logfile
To github-swiftsched:UCD-HEAP/Swift_Schedule.git
 + dab1f58...2557c58 gh-pages -> gh-pages (forced update)
=== Run finished: Fri Sep 25 11:00:20 IST 2026 ===
=== Run started: Fri Sep 25 11:10:15 IST 2026 ===
[gh-pages 0ac1761] Auto-deploy: 2026-09-25T10:10:15Z
 Date: Tue Sep 15 08:43:09 2026 +0100
 4 files changed, 7914 insertions(+)
 create mode 100644 SwiftScheduleParser.log
 create mode 100644 github-swiftschedule-deploy.log
 create mode 100644 index.html
 create mode 100644 logfile
To github-swiftsched:UCD-HEAP/Swift_Schedule.git
 + 2557c58...0ac1761 gh-pages -> gh-pages (forced update)
=== Run finished: Fri Sep 25 11:10:17 IST 2026 ===
=== Run started: Fri Sep 25 11:20:18 IST 2026 ===
[gh-pages 95fddaf] Auto-deploy: 2026-09-25T10:20:18Z
 Date: Tue Sep 15 08:43:09 2026 +0100
 4 files changed, 7925 insertions(+)
 create mode 100644 SwiftScheduleParser.log
 create mode 100644 github-swiftschedule-deploy.log
 create mode 100644 index.html
 create mode 100644 logfile
To github-swiftsched:UCD-HEAP/Swift_Schedule.git
 + 0ac1761...95fddaf gh-pages -> gh-pages (forced update)
=== Run finished: Fri Sep 25 11:20:20 IST 2026 ===
=== Run started: Fri Sep 25 11:30:15 IST 2026 ===
[gh-pages 058549c] Auto-deploy: 2026-09-25T10:30:15Z
 Date: Tue Sep 15 08:43:09 2026 +0100
 4 files changed, 7936 insertions(+)
 create mode 100644 SwiftScheduleParser.log
 create mode 100644 github-swiftschedule-deploy.log
 create mode 100644 index.html
 create mode 100644 logfile
To github-swiftsched:UCD-HEAP/Swift_Schedule.git
 + 95fddaf...058549c gh-pages -> gh-pages (forced update)
=== Run finished: Fri Sep 25 11:30:17 IST 2026 ===
=== Run started: Fri Sep 25 11:40:18 IST 2026 ===
[gh-pages afcd6bc] Auto-deploy: 2026-09-25T10:40:18Z
 Date: Tue Sep 15 08:43:09 2026 +0100
 4 files changed, 7947 insertions(+)
 create mode 100644 SwiftScheduleParser.log
 create mode 100644 github-swiftschedule-deploy.log
 create mode 100644 index.html
 create mode 100644 logfile
To github-swiftsched:UCD-HEAP/Swift_Schedule.git
 + 058549c...afcd6bc gh-pages -> gh-pages (forced update)
=== Run finished: Fri Sep 25 11:40:19 IST 2026 ===
=== Run started: Fri Sep 25 11:50:15 IST 2026 ===
[gh-pages 416226b] Auto-deploy: 2026-09-25T10:50:15Z
 Date: Tue Sep 15 08:43:09 2026 +0100
 4 files changed, 7958 insertions(+)
 create mode 100644 SwiftScheduleParser.log
 create mode 100644 github-swiftschedule-deploy.log
 create mode 100644 index.html
 create mode 100644 logfile
To github-swiftsched:UCD-HEAP/Swift_Schedule.git
 + afcd6bc...416226b gh-pages -> gh-pages (forced update)
=== Run finished: Fri Sep 25 11:50:16 IST 2026 ===
=== Run started: Fri Sep 25 12:00:17 IST 2026 ===
[gh-pages 826f440] Auto-deploy: 2026-09-25T11:00:17Z
 Date: Tue Sep 15 08:43:09 2026 +0100
 4 files changed, 7969 insertions(+)
 create mode 100644 SwiftScheduleParser.log
 create mode 100644 github-swiftschedule-deploy.log
 create mode 100644 index.html
 create mode 100644 logfile
To github-swiftsched:UCD-HEAP/Swift_Schedule.git
 + 416226b...826f440 gh-pages -> gh-pages (forced update)
=== Run finished: Fri Sep 25 12:00:19 IST 2026 ===
=== Run started: Fri Sep 25 12:10:18 IST 2026 ===
[gh-pages 9a4e72f] Auto-deploy: 2026-09-25T11:10:18Z
 Date: Tue Sep 15 08:43:09 2026 +0100
 4 files changed, 7980 insertions(+)
 create mode 100644 SwiftScheduleParser.log
 create mode 100644 github-swiftschedule-deploy.log
 create mode 100644 index.html
 create mode 100644 logfile
To github-swiftsched:UCD-HEAP/Swift_Schedule.git
 + 826f440...9a4e72f gh-pages -> gh-pages (forced update)
=== Run finished: Fri Sep 25 12:10:20 IST 2026 ===
=== Run started: Fri Sep 25 12:20:16 IST 2026 ===
[gh-pages ec7c61a] Auto-deploy: 2026-09-25T11:20:16Z
 Date: Tue Sep 15 08:43:09 2026 +0100
 4 files changed, 7991 insertions(+)
 create mode 100644 SwiftScheduleParser.log
 create mode 100644 github-swiftschedule-deploy.log
 create mode 100644 index.html
 create mode 100644 logfile
To github-swiftsched:UCD-HEAP/Swift_Schedule.git
 + 9a4e72f...ec7c61a gh-pages -> gh-pages (forced update)
=== Run finished: Fri Sep 25 12:20:18 IST 2026 ===
=== Run started: Fri Sep 25 12:30:17 IST 2026 ===
[gh-pages 0a3944d] Auto-deploy: 2026-09-25T11:30:17Z
 Date: Tue Sep 15 08:43:09 2026 +0100
 4 files changed, 8002 insertions(+)
 create mode 100644 SwiftScheduleParser.log
 create mode 100644 github-swiftschedule-deploy.log
 create mode 100644 index.html
 create mode 100644 logfile
To github-swiftsched:UCD-HEAP/Swift_Schedule.git
 + ec7c61a...0a3944d gh-pages -> gh-pages (forced update)
=== Run finished: Fri Sep 25 12:30:19 IST 2026 ===
=== Run started: Fri Sep 25 12:40:17 IST 2026 ===
[gh-pages c719d0d] Auto-deploy: 2026-09-25T11:40:17Z
 Date: Tue Sep 15 08:43:09 2026 +0100
 4 files changed, 8013 insertions(+)
 create mode 100644 SwiftScheduleParser.log
 create mode 100644 github-swiftschedule-deploy.log
 create mode 100644 index.html
 create mode 100644 logfile
To github-swiftsched:UCD-HEAP/Swift_Schedule.git
 + 0a3944d...c719d0d gh-pages -> gh-pages (forced update)
=== Run finished: Fri Sep 25 12:40:19 IST 2026 ===
=== Run started: Fri Sep 25 12:50:19 IST 2026 ===
[gh-pages 48ae213] Auto-deploy: 2026-09-25T11:50:19Z
 Date: Tue Sep 15 08:43:09 2026 +0100
 4 files changed, 8024 insertions(+)
 create mode 100644 SwiftScheduleParser.log
 create mode 100644 github-swiftschedule-deploy.log
 create mode 100644 index.html
 create mode 100644 logfile
To github-swiftsched:UCD-HEAP/Swift_Schedule.git
 + c719d0d...48ae213 gh-pages -> gh-pages (forced update)
=== Run finished: Fri Sep 25 12:50:21 IST 2026 ===
=== Run started: Fri Sep 25 13:00:15 IST 2026 ===
[gh-pages dfd47be] Auto-deploy: 2026-09-25T12:00:15Z
 Date: Tue Sep 15 08:43:09 2026 +0100
 4 files changed, 8035 insertions(+)
 create mode 100644 SwiftScheduleParser.log
 create mode 100644 github-swiftschedule-deploy.log
 create mode 100644 index.html
 create mode 100644 logfile
To github-swiftsched:UCD-HEAP/Swift_Schedule.git
 + 48ae213...dfd47be gh-pages -> gh-pages (forced update)
=== Run finished: Fri Sep 25 13:00:17 IST 2026 ===
=== Run started: Fri Sep 25 13:10:18 IST 2026 ===
[gh-pages 6eb379b] Auto-deploy: 2026-09-25T12:10:18Z
 Date: Tue Sep 15 08:43:09 2026 +0100
 4 files changed, 8046 insertions(+)
 create mode 100644 SwiftScheduleParser.log
 create mode 100644 github-swiftschedule-deploy.log
 create mode 100644 index.html
 create mode 100644 logfile
To github-swiftsched:UCD-HEAP/Swift_Schedule.git
 + dfd47be...6eb379b gh-pages -> gh-pages (forced update)
=== Run finished: Fri Sep 25 13:10:20 IST 2026 ===
=== Run started: Fri Sep 25 13:20:15 IST 2026 ===
[gh-pages 3bd2942] Auto-deploy: 2026-09-25T12:20:15Z
 Date: Tue Sep 15 08:43:09 2026 +0100
 4 files changed, 8057 insertions(+)
 create mode 100644 SwiftScheduleParser.log
 create mode 100644 github-swiftschedule-deploy.log
 create mode 100644 index.html
 create mode 100644 logfile
To github-swiftsched:UCD-HEAP/Swift_Schedule.git
 + 6eb379b...3bd2942 gh-pages -> gh-pages (forced update)
=== Run finished: Fri Sep 25 13:20:17 IST 2026 ===
=== Run started: Fri Sep 25 13:30:18 IST 2026 ===
[gh-pages 3b39e5a] Auto-deploy: 2026-09-25T12:30:18Z
 Date: Tue Sep 15 08:43:09 2026 +0100
 4 files changed, 8068 insertions(+)
 create mode 100644 SwiftScheduleParser.log
 create mode 100644 github-swiftschedule-deploy.log
 create mode 100644 index.html
 create mode 100644 logfile
To github-swiftsched:UCD-HEAP/Swift_Schedule.git
 + 3bd2942...3b39e5a gh-pages -> gh-pages (forced update)
=== Run finished: Fri Sep 25 13:30:20 IST 2026 ===
=== Run started: Fri Sep 25 13:40:15 IST 2026 ===
[gh-pages 78a2f38] Auto-deploy: 2026-09-25T12:40:15Z
 Date: Tue Sep 15 08:43:09 2026 +0100
 4 files changed, 8079 insertions(+)
 create mode 100644 SwiftScheduleParser.log
 create mode 100644 github-swiftschedule-deploy.log
 create mode 100644 index.html
 create mode 100644 logfile
To github-swiftsched:UCD-HEAP/Swift_Schedule.git
 + 3b39e5a...78a2f38 gh-pages -> gh-pages (forced update)
=== Run finished: Fri Sep 25 13:40:17 IST 2026 ===
=== Run started: Fri Sep 25 13:50:17 IST 2026 ===
[gh-pages b443a9a] Auto-deploy: 2026-09-25T12:50:17Z
 Date: Tue Sep 15 08:43:09 2026 +0100
 4 files changed, 8090 insertions(+)
 create mode 100644 SwiftScheduleParser.log
 create mode 100644 github-swiftschedule-deploy.log
 create mode 100644 index.html
 create mode 100644 logfile
To github-swiftsched:UCD-HEAP/Swift_Schedule.git
 + 78a2f38...b443a9a gh-pages -> gh-pages (forced update)
=== Run finished: Fri Sep 25 13:50:19 IST 2026 ===
=== Run started: Fri Sep 25 14:00:18 IST 2026 ===
[gh-pages 4847471] Auto-deploy: 2026-09-25T13:00:18Z
 Date: Tue Sep 15 08:43:09 2026 +0100
 4 files changed, 8101 insertions(+)
 create mode 100644 SwiftScheduleParser.log
 create mode 100644 github-swiftschedule-deploy.log
 create mode 100644 index.html
 create mode 100644 logfile
To github-swiftsched:UCD-HEAP/Swift_Schedule.git
 + b443a9a...4847471 gh-pages -> gh-pages (forced update)
=== Run finished: Fri Sep 25 14:00:20 IST 2026 ===
=== Run started: Fri Sep 25 14:10:15 IST 2026 ===
[gh-pages 7d07269] Auto-deploy: 2026-09-25T13:10:15Z
 Date: Tue Sep 15 08:43:09 2026 +0100
 4 files changed, 8112 insertions(+)
 create mode 100644 SwiftScheduleParser.log
 create mode 100644 github-swiftschedule-deploy.log
 create mode 100644 index.html
 create mode 100644 logfile
To github-swiftsched:UCD-HEAP/Swift_Schedule.git
 + 4847471...7d07269 gh-pages -> gh-pages (forced update)
=== Run finished: Fri Sep 25 14:10:17 IST 2026 ===
=== Run started: Fri Sep 25 14:20:20 IST 2026 ===
[gh-pages 029f2ed] Auto-deploy: 2026-09-25T13:20:20Z
 Date: Tue Sep 15 08:43:09 2026 +0100
 4 files changed, 8123 insertions(+)
 create mode 100644 SwiftScheduleParser.log
 create mode 100644 github-swiftschedule-deploy.log
 create mode 100644 index.html
 create mode 100644 logfile
To github-swiftsched:UCD-HEAP/Swift_Schedule.git
 + 7d07269...029f2ed gh-pages -> gh-pages (forced update)
=== Run finished: Fri Sep 25 14:20:22 IST 2026 ===
=== Run started: Fri Sep 25 14:30:15 IST 2026 ===
[gh-pages da14a78] Auto-deploy: 2026-09-25T13:30:15Z
 Date: Tue Sep 15 08:43:09 2026 +0100
 4 files changed, 8134 insertions(+)
 create mode 100644 SwiftScheduleParser.log
 create mode 100644 github-swiftschedule-deploy.log
 create mode 100644 index.html
 create mode 100644 logfile
To github-swiftsched:UCD-HEAP/Swift_Schedule.git
 + 029f2ed...da14a78 gh-pages -> gh-pages (forced update)
=== Run finished: Fri Sep 25 14:30:17 IST 2026 ===
=== Run started: Fri Sep 25 14:40:18 IST 2026 ===
[gh-pages e1ec1f0] Auto-deploy: 2026-09-25T13:40:18Z
 Date: Tue Sep 15 08:43:09 2026 +0100
 4 files changed, 8145 insertions(+)
 create mode 100644 SwiftScheduleParser.log
 create mode 100644 github-swiftschedule-deploy.log
 create mode 100644 index.html
 create mode 100644 logfile
To github-swiftsched:UCD-HEAP/Swift_Schedule.git
 + da14a78...e1ec1f0 gh-pages -> gh-pages (forced update)
=== Run finished: Fri Sep 25 14:40:20 IST 2026 ===
=== Run started: Fri Sep 25 14:50:15 IST 2026 ===
[gh-pages e9ee3c0] Auto-deploy: 2026-09-25T13:50:15Z
 Date: Tue Sep 15 08:43:09 2026 +0100
 4 files changed, 8156 insertions(+)
 create mode 100644 SwiftScheduleParser.log
 create mode 100644 github-swiftschedule-deploy.log
 create mode 100644 index.html
 create mode 100644 logfile
To github-swiftsched:UCD-HEAP/Swift_Schedule.git
 + e1ec1f0...e9ee3c0 gh-pages -> gh-pages (forced update)
=== Run finished: Fri Sep 25 14:50:17 IST 2026 ===
=== Run started: Fri Sep 25 15:00:18 IST 2026 ===
[gh-pages b61700b] Auto-deploy: 2026-09-25T14:00:18Z
 Date: Tue Sep 15 08:43:09 2026 +0100
 4 files changed, 8167 insertions(+)
 create mode 100644 SwiftScheduleParser.log
 create mode 100644 github-swiftschedule-deploy.log
 create mode 100644 index.html
 create mode 100644 logfile
To github-swiftsched:UCD-HEAP/Swift_Schedule.git
 + e9ee3c0...b61700b gh-pages -> gh-pages (forced update)
=== Run finished: Fri Sep 25 15:00:22 IST 2026 ===
=== Run started: Fri Sep 25 15:10:16 IST 2026 ===
[gh-pages e3f9a42] Auto-deploy: 2026-09-25T14:10:16Z
 Date: Tue Sep 15 08:43:09 2026 +0100
 4 files changed, 8178 insertions(+)
 create mode 100644 SwiftScheduleParser.log
 create mode 100644 github-swiftschedule-deploy.log
 create mode 100644 index.html
 create mode 100644 logfile
To github-swiftsched:UCD-HEAP/Swift_Schedule.git
 + b61700b...e3f9a42 gh-pages -> gh-pages (forced update)
=== Run finished: Fri Sep 25 15:10:17 IST 2026 ===
=== Run started: Fri Sep 25 15:20:18 IST 2026 ===
[gh-pages 9a2d27d] Auto-deploy: 2026-09-25T14:20:18Z
 Date: Tue Sep 15 08:43:09 2026 +0100
 4 files changed, 8189 insertions(+)
 create mode 100644 SwiftScheduleParser.log
 create mode 100644 github-swiftschedule-deploy.log
 create mode 100644 index.html
 create mode 100644 logfile
To github-swiftsched:UCD-HEAP/Swift_Schedule.git
 + e3f9a42...9a2d27d gh-pages -> gh-pages (forced update)
=== Run finished: Fri Sep 25 15:20:19 IST 2026 ===
=== Run started: Fri Sep 25 15:30:15 IST 2026 ===
[gh-pages d6ee510] Auto-deploy: 2026-09-25T14:30:15Z
 Date: Tue Sep 15 08:43:09 2026 +0100
 4 files changed, 8200 insertions(+)
 create mode 100644 SwiftScheduleParser.log
 create mode 100644 github-swiftschedule-deploy.log
 create mode 100644 index.html
 create mode 100644 logfile
To github-swiftsched:UCD-HEAP/Swift_Schedule.git
 + 9a2d27d...d6ee510 gh-pages -> gh-pages (forced update)
=== Run finished: Fri Sep 25 15:30:17 IST 2026 ===
=== Run started: Fri Sep 25 15:40:17 IST 2026 ===
[gh-pages fca55cd] Auto-deploy: 2026-09-25T14:40:17Z
 Date: Tue Sep 15 08:43:09 2026 +0100
 4 files changed, 8211 insertions(+)
 create mode 100644 SwiftScheduleParser.log
 create mode 100644 github-swiftschedule-deploy.log
 create mode 100644 index.html
 create mode 100644 logfile
To github-swiftsched:UCD-HEAP/Swift_Schedule.git
 + d6ee510...fca55cd gh-pages -> gh-pages (forced update)
=== Run finished: Fri Sep 25 15:40:19 IST 2026 ===
=== Run started: Fri Sep 25 15:50:16 IST 2026 ===
[gh-pages 2ddf90b] Auto-deploy: 2026-09-25T14:50:16Z
 Date: Tue Sep 15 08:43:09 2026 +0100
 4 files changed, 8222 insertions(+)
 create mode 100644 SwiftScheduleParser.log
 create mode 100644 github-swiftschedule-deploy.log
 create mode 100644 index.html
 create mode 100644 logfile
To github-swiftsched:UCD-HEAP/Swift_Schedule.git
 + fca55cd...2ddf90b gh-pages -> gh-pages (forced update)
=== Run finished: Fri Sep 25 15:50:19 IST 2026 ===
=== Run started: Fri Sep 25 16:00:18 IST 2026 ===
[gh-pages 0af1200] Auto-deploy: 2026-09-25T15:00:18Z
 Date: Tue Sep 15 08:43:09 2026 +0100
 4 files changed, 8233 insertions(+)
 create mode 100644 SwiftScheduleParser.log
 create mode 100644 github-swiftschedule-deploy.log
 create mode 100644 index.html
 create mode 100644 logfile
To github-swiftsched:UCD-HEAP/Swift_Schedule.git
 + 2ddf90b...0af1200 gh-pages -> gh-pages (forced update)
=== Run finished: Fri Sep 25 16:00:20 IST 2026 ===
=== Run started: Fri Sep 25 16:10:17 IST 2026 ===
[gh-pages bb09350] Auto-deploy: 2026-09-25T15:10:17Z
 Date: Tue Sep 15 08:43:09 2026 +0100
 4 files changed, 8244 insertions(+)
 create mode 100644 SwiftScheduleParser.log
 create mode 100644 github-swiftschedule-deploy.log
 create mode 100644 index.html
 create mode 100644 logfile
To github-swiftsched:UCD-HEAP/Swift_Schedule.git
 + 0af1200...bb09350 gh-pages -> gh-pages (forced update)
=== Run finished: Fri Sep 25 16:10:19 IST 2026 ===
=== Run started: Fri Sep 25 16:20:17 IST 2026 ===
[gh-pages 6d4e143] Auto-deploy: 2026-09-25T15:20:17Z
 Date: Tue Sep 15 08:43:09 2026 +0100
 4 files changed, 8255 insertions(+)
 create mode 100644 SwiftScheduleParser.log
 create mode 100644 github-swiftschedule-deploy.log
 create mode 100644 index.html
 create mode 100644 logfile
To github-swiftsched:UCD-HEAP/Swift_Schedule.git
 + bb09350...6d4e143 gh-pages -> gh-pages (forced update)
=== Run finished: Fri Sep 25 16:20:19 IST 2026 ===
=== Run started: Fri Sep 25 16:30:15 IST 2026 ===
[gh-pages b59ceb0] Auto-deploy: 2026-09-25T15:30:15Z
 Date: Tue Sep 15 08:43:09 2026 +0100
 4 files changed, 8266 insertions(+)
 create mode 100644 SwiftScheduleParser.log
 create mode 100644 github-swiftschedule-deploy.log
 create mode 100644 index.html
 create mode 100644 logfile
To github-swiftsched:UCD-HEAP/Swift_Schedule.git
 + 6d4e143...b59ceb0 gh-pages -> gh-pages (forced update)
=== Run finished: Fri Sep 25 16:30:17 IST 2026 ===
=== Run started: Fri Sep 25 16:40:18 IST 2026 ===
[gh-pages c9b9b92] Auto-deploy: 2026-09-25T15:40:18Z
 Date: Tue Sep 15 08:43:09 2026 +0100
 4 files changed, 8277 insertions(+)
 create mode 100644 SwiftScheduleParser.log
 create mode 100644 github-swiftschedule-deploy.log
 create mode 100644 index.html
 create mode 100644 logfile
To github-swiftsched:UCD-HEAP/Swift_Schedule.git
 + b59ceb0...c9b9b92 gh-pages -> gh-pages (forced update)
=== Run finished: Fri Sep 25 16:40:20 IST 2026 ===
=== Run started: Fri Sep 25 16:50:15 IST 2026 ===
[gh-pages fd29830] Auto-deploy: 2026-09-25T15:50:15Z
 Date: Tue Sep 15 08:43:09 2026 +0100
 4 files changed, 8288 insertions(+)
 create mode 100644 SwiftScheduleParser.log
 create mode 100644 github-swiftschedule-deploy.log
 create mode 100644 index.html
 create mode 100644 logfile
To github-swiftsched:UCD-HEAP/Swift_Schedule.git
 + c9b9b92...fd29830 gh-pages -> gh-pages (forced update)
=== Run finished: Fri Sep 25 16:50:17 IST 2026 ===
=== Run started: Fri Sep 25 17:00:18 IST 2026 ===
[gh-pages 3aef19c] Auto-deploy: 2026-09-25T16:00:18Z
 Date: Tue Sep 15 08:43:09 2026 +0100
 4 files changed, 8299 insertions(+)
 create mode 100644 SwiftScheduleParser.log
 create mode 100644 github-swiftschedule-deploy.log
 create mode 100644 index.html
 create mode 100644 logfile
To github-swiftsched:UCD-HEAP/Swift_Schedule.git
 + fd29830...3aef19c gh-pages -> gh-pages (forced update)
=== Run finished: Fri Sep 25 17:00:19 IST 2026 ===
=== Run started: Fri Sep 25 17:10:16 IST 2026 ===
[gh-pages 99cd926] Auto-deploy: 2026-09-25T16:10:16Z
 Date: Tue Sep 15 08:43:09 2026 +0100
 4 files changed, 8310 insertions(+)
 create mode 100644 SwiftScheduleParser.log
 create mode 100644 github-swiftschedule-deploy.log
 create mode 100644 index.html
 create mode 100644 logfile
To github-swiftsched:UCD-HEAP/Swift_Schedule.git
 + 3aef19c...99cd926 gh-pages -> gh-pages (forced update)
=== Run finished: Fri Sep 25 17:10:18 IST 2026 ===
=== Run started: Fri Sep 25 17:20:19 IST 2026 ===
[gh-pages b3899b0] Auto-deploy: 2026-09-25T16:20:19Z
 Date: Tue Sep 15 08:43:09 2026 +0100
 4 files changed, 8321 insertions(+)
 create mode 100644 SwiftScheduleParser.log
 create mode 100644 github-swiftschedule-deploy.log
 create mode 100644 index.html
 create mode 100644 logfile
To github-swiftsched:UCD-HEAP/Swift_Schedule.git
 + 99cd926...b3899b0 gh-pages -> gh-pages (forced update)
=== Run finished: Fri Sep 25 17:20:20 IST 2026 ===
=== Run started: Fri Sep 25 17:30:17 IST 2026 ===
[gh-pages 7a48db6] Auto-deploy: 2026-09-25T16:30:17Z
 Date: Tue Sep 15 08:43:09 2026 +0100
 4 files changed, 8332 insertions(+)
 create mode 100644 SwiftScheduleParser.log
 create mode 100644 github-swiftschedule-deploy.log
 create mode 100644 index.html
 create mode 100644 logfile
To github-swiftsched:UCD-HEAP/Swift_Schedule.git
 + b3899b0...7a48db6 gh-pages -> gh-pages (forced update)
=== Run finished: Fri Sep 25 17:30:19 IST 2026 ===
=== Run started: Fri Sep 25 17:40:16 IST 2026 ===
[gh-pages 7e3940b] Auto-deploy: 2026-09-25T16:40:16Z
 Date: Tue Sep 15 08:43:09 2026 +0100
 4 files changed, 8343 insertions(+)
 create mode 100644 SwiftScheduleParser.log
 create mode 100644 github-swiftschedule-deploy.log
 create mode 100644 index.html
 create mode 100644 logfile
To github-swiftsched:UCD-HEAP/Swift_Schedule.git
 + 7a48db6...7e3940b gh-pages -> gh-pages (forced update)
=== Run finished: Fri Sep 25 17:40:18 IST 2026 ===
=== Run started: Fri Sep 25 17:50:17 IST 2026 ===
[gh-pages bb70700] Auto-deploy: 2026-09-25T16:50:17Z
 Date: Tue Sep 15 08:43:09 2026 +0100
 4 files changed, 8354 insertions(+)
 create mode 100644 SwiftScheduleParser.log
 create mode 100644 github-swiftschedule-deploy.log
 create mode 100644 index.html
 create mode 100644 logfile
To github-swiftsched:UCD-HEAP/Swift_Schedule.git
 + 7e3940b...bb70700 gh-pages -> gh-pages (forced update)
=== Run finished: Fri Sep 25 17:50:19 IST 2026 ===
=== Run started: Fri Sep 25 18:00:16 IST 2026 ===
[gh-pages 80a7fc9] Auto-deploy: 2026-09-25T17:00:16Z
 Date: Tue Sep 15 08:43:09 2026 +0100
 4 files changed, 8365 insertions(+)
 create mode 100644 SwiftScheduleParser.log
 create mode 100644 github-swiftschedule-deploy.log
 create mode 100644 index.html
 create mode 100644 logfile
To github-swiftsched:UCD-HEAP/Swift_Schedule.git
 + bb70700...80a7fc9 gh-pages -> gh-pages (forced update)
=== Run finished: Fri Sep 25 18:00:17 IST 2026 ===
=== Run started: Fri Sep 25 18:10:17 IST 2026 ===
[gh-pages 486b6e6] Auto-deploy: 2026-09-25T17:10:17Z
 Date: Tue Sep 15 08:43:09 2026 +0100
 4 files changed, 8376 insertions(+)
 create mode 100644 SwiftScheduleParser.log
 create mode 100644 github-swiftschedule-deploy.log
 create mode 100644 index.html
 create mode 100644 logfile
To github-swiftsched:UCD-HEAP/Swift_Schedule.git
 + 80a7fc9...486b6e6 gh-pages -> gh-pages (forced update)
=== Run finished: Fri Sep 25 18:10:19 IST 2026 ===
=== Run started: Fri Sep 25 18:20:19 IST 2026 ===
[gh-pages 7136a87] Auto-deploy: 2026-09-25T17:20:19Z
 Date: Tue Sep 15 08:43:09 2026 +0100
 4 files changed, 8387 insertions(+)
 create mode 100644 SwiftScheduleParser.log
 create mode 100644 github-swiftschedule-deploy.log
 create mode 100644 index.html
 create mode 100644 logfile
To github-swiftsched:UCD-HEAP/Swift_Schedule.git
 + 486b6e6...7136a87 gh-pages -> gh-pages (forced update)
=== Run finished: Fri Sep 25 18:20:21 IST 2026 ===
=== Run started: Fri Sep 25 18:30:15 IST 2026 ===
[gh-pages dd6cca0] Auto-deploy: 2026-09-25T17:30:15Z
 Date: Tue Sep 15 08:43:09 2026 +0100
 4 files changed, 8398 insertions(+)
 create mode 100644 SwiftScheduleParser.log
 create mode 100644 github-swiftschedule-deploy.log
 create mode 100644 index.html
 create mode 100644 logfile
To github-swiftsched:UCD-HEAP/Swift_Schedule.git
 + 7136a87...dd6cca0 gh-pages -> gh-pages (forced update)
=== Run finished: Fri Sep 25 18:30:17 IST 2026 ===
=== Run started: Fri Sep 25 18:40:18 IST 2026 ===
[gh-pages a34c18b] Auto-deploy: 2026-09-25T17:40:18Z
 Date: Tue Sep 15 08:43:09 2026 +0100
 4 files changed, 8409 insertions(+)
 create mode 100644 SwiftScheduleParser.log
 create mode 100644 github-swiftschedule-deploy.log
 create mode 100644 index.html
 create mode 100644 logfile
To github-swiftsched:UCD-HEAP/Swift_Schedule.git
 + dd6cca0...a34c18b gh-pages -> gh-pages (forced update)
=== Run finished: Fri Sep 25 18:40:20 IST 2026 ===
=== Run started: Fri Sep 25 18:50:15 IST 2026 ===
[gh-pages 9157185] Auto-deploy: 2026-09-25T17:50:15Z
 Date: Tue Sep 15 08:43:09 2026 +0100
 4 files changed, 8420 insertions(+)
 create mode 100644 SwiftScheduleParser.log
 create mode 100644 github-swiftschedule-deploy.log
 create mode 100644 index.html
 create mode 100644 logfile
To github-swiftsched:UCD-HEAP/Swift_Schedule.git
 + a34c18b...9157185 gh-pages -> gh-pages (forced update)
=== Run finished: Fri Sep 25 18:50:17 IST 2026 ===
=== Run started: Fri Sep 25 19:00:17 IST 2026 ===
[gh-pages 0e77511] Auto-deploy: 2026-09-25T18:00:17Z
 Date: Tue Sep 15 08:43:09 2026 +0100
 4 files changed, 8431 insertions(+)
 create mode 100644 SwiftScheduleParser.log
 create mode 100644 github-swiftschedule-deploy.log
 create mode 100644 index.html
 create mode 100644 logfile
To github-swiftsched:UCD-HEAP/Swift_Schedule.git
 + 9157185...0e77511 gh-pages -> gh-pages (forced update)
=== Run finished: Fri Sep 25 19:00:19 IST 2026 ===
=== Run started: Fri Sep 25 19:10:15 IST 2026 ===
[gh-pages 076f32a] Auto-deploy: 2026-09-25T18:10:15Z
 Date: Tue Sep 15 08:43:09 2026 +0100
 4 files changed, 8442 insertions(+)
 create mode 100644 SwiftScheduleParser.log
 create mode 100644 github-swiftschedule-deploy.log
 create mode 100644 index.html
 create mode 100644 logfile
To github-swiftsched:UCD-HEAP/Swift_Schedule.git
 + 0e77511...076f32a gh-pages -> gh-pages (forced update)
=== Run finished: Fri Sep 25 19:10:17 IST 2026 ===
=== Run started: Fri Sep 25 19:20:20 IST 2026 ===
[gh-pages 10007bf] Auto-deploy: 2026-09-25T18:20:20Z
 Date: Tue Sep 15 08:43:09 2026 +0100
 4 files changed, 8453 insertions(+)
 create mode 100644 SwiftScheduleParser.log
 create mode 100644 github-swiftschedule-deploy.log
 create mode 100644 index.html
 create mode 100644 logfile
To github-swiftsched:UCD-HEAP/Swift_Schedule.git
 + 076f32a...10007bf gh-pages -> gh-pages (forced update)
=== Run finished: Fri Sep 25 19:20:21 IST 2026 ===
=== Run started: Fri Sep 25 19:30:15 IST 2026 ===
[gh-pages 62fb522] Auto-deploy: 2026-09-25T18:30:16Z
 Date: Tue Sep 15 08:43:09 2026 +0100
 4 files changed, 8464 insertions(+)
 create mode 100644 SwiftScheduleParser.log
 create mode 100644 github-swiftschedule-deploy.log
 create mode 100644 index.html
 create mode 100644 logfile
To github-swiftsched:UCD-HEAP/Swift_Schedule.git
 + 10007bf...62fb522 gh-pages -> gh-pages (forced update)
=== Run finished: Fri Sep 25 19:30:17 IST 2026 ===
=== Run started: Fri Sep 25 19:40:18 IST 2026 ===
[gh-pages 9d17fbf] Auto-deploy: 2026-09-25T18:40:18Z
 Date: Tue Sep 15 08:43:09 2026 +0100
 4 files changed, 8475 insertions(+)
 create mode 100644 SwiftScheduleParser.log
 create mode 100644 github-swiftschedule-deploy.log
 create mode 100644 index.html
 create mode 100644 logfile
To github-swiftsched:UCD-HEAP/Swift_Schedule.git
 + 62fb522...9d17fbf gh-pages -> gh-pages (forced update)
=== Run finished: Fri Sep 25 19:40:20 IST 2026 ===
=== Run started: Fri Sep 25 19:50:16 IST 2026 ===
[gh-pages 2544fea] Auto-deploy: 2026-09-25T18:50:16Z
 Date: Tue Sep 15 08:43:09 2026 +0100
 4 files changed, 8486 insertions(+)
 create mode 100644 SwiftScheduleParser.log
 create mode 100644 github-swiftschedule-deploy.log
 create mode 100644 index.html
 create mode 100644 logfile
To github-swiftsched:UCD-HEAP/Swift_Schedule.git
 + 9d17fbf...2544fea gh-pages -> gh-pages (forced update)
=== Run finished: Fri Sep 25 19:50:18 IST 2026 ===
=== Run started: Fri Sep 25 20:00:18 IST 2026 ===
[gh-pages b12a2fc] Auto-deploy: 2026-09-25T19:00:18Z
 Date: Tue Sep 15 08:43:09 2026 +0100
 4 files changed, 8497 insertions(+)
 create mode 100644 SwiftScheduleParser.log
 create mode 100644 github-swiftschedule-deploy.log
 create mode 100644 index.html
 create mode 100644 logfile
To github-swiftsched:UCD-HEAP/Swift_Schedule.git
 + 2544fea...b12a2fc gh-pages -> gh-pages (forced update)
=== Run finished: Fri Sep 25 20:00:19 IST 2026 ===
=== Run started: Fri Sep 25 20:10:18 IST 2026 ===
[gh-pages 8565287] Auto-deploy: 2026-09-25T19:10:18Z
 Date: Tue Sep 15 08:43:09 2026 +0100
 4 files changed, 8508 insertions(+)
 create mode 100644 SwiftScheduleParser.log
 create mode 100644 github-swiftschedule-deploy.log
 create mode 100644 index.html
 create mode 100644 logfile
To github-swiftsched:UCD-HEAP/Swift_Schedule.git
 + b12a2fc...8565287 gh-pages -> gh-pages (forced update)
=== Run finished: Fri Sep 25 20:10:20 IST 2026 ===
=== Run started: Fri Sep 25 20:20:15 IST 2026 ===
[gh-pages e2896ec] Auto-deploy: 2026-09-25T19:20:15Z
 Date: Tue Sep 15 08:43:09 2026 +0100
 4 files changed, 8519 insertions(+)
 create mode 100644 SwiftScheduleParser.log
 create mode 100644 github-swiftschedule-deploy.log
 create mode 100644 index.html
 create mode 100644 logfile
To github-swiftsched:UCD-HEAP/Swift_Schedule.git
 + 8565287...e2896ec gh-pages -> gh-pages (forced update)
=== Run finished: Fri Sep 25 20:20:17 IST 2026 ===
=== Run started: Fri Sep 25 20:30:17 IST 2026 ===
[gh-pages c74db26] Auto-deploy: 2026-09-25T19:30:17Z
 Date: Tue Sep 15 08:43:09 2026 +0100
 4 files changed, 8530 insertions(+)
 create mode 100644 SwiftScheduleParser.log
 create mode 100644 github-swiftschedule-deploy.log
 create mode 100644 index.html
 create mode 100644 logfile
To github-swiftsched:UCD-HEAP/Swift_Schedule.git
 + e2896ec...c74db26 gh-pages -> gh-pages (forced update)
=== Run finished: Fri Sep 25 20:30:19 IST 2026 ===
=== Run started: Fri Sep 25 20:40:19 IST 2026 ===
[gh-pages 79bc453] Auto-deploy: 2026-09-25T19:40:19Z
 Date: Tue Sep 15 08:43:09 2026 +0100
 4 files changed, 8541 insertions(+)
 create mode 100644 SwiftScheduleParser.log
 create mode 100644 github-swiftschedule-deploy.log
 create mode 100644 index.html
 create mode 100644 logfile
To github-swiftsched:UCD-HEAP/Swift_Schedule.git
 + c74db26...79bc453 gh-pages -> gh-pages (forced update)
=== Run finished: Fri Sep 25 20:40:21 IST 2026 ===
=== Run started: Fri Sep 25 20:50:15 IST 2026 ===
[gh-pages 0686941] Auto-deploy: 2026-09-25T19:50:15Z
 Date: Tue Sep 15 08:43:09 2026 +0100
 4 files changed, 8552 insertions(+)
 create mode 100644 SwiftScheduleParser.log
 create mode 100644 github-swiftschedule-deploy.log
 create mode 100644 index.html
 create mode 100644 logfile
To github-swiftsched:UCD-HEAP/Swift_Schedule.git
 + 79bc453...0686941 gh-pages -> gh-pages (forced update)
=== Run finished: Fri Sep 25 20:50:17 IST 2026 ===
=== Run started: Fri Sep 25 21:00:17 IST 2026 ===
[gh-pages 7b0a12f] Auto-deploy: 2026-09-25T20:00:17Z
 Date: Tue Sep 15 08:43:09 2026 +0100
 4 files changed, 8563 insertions(+)
 create mode 100644 SwiftScheduleParser.log
 create mode 100644 github-swiftschedule-deploy.log
 create mode 100644 index.html
 create mode 100644 logfile
To github-swiftsched:UCD-HEAP/Swift_Schedule.git
 + 0686941...7b0a12f gh-pages -> gh-pages (forced update)
=== Run finished: Fri Sep 25 21:00:19 IST 2026 ===
=== Run started: Fri Sep 25 21:10:18 IST 2026 ===
[gh-pages 17cfc71] Auto-deploy: 2026-09-25T20:10:18Z
 Date: Tue Sep 15 08:43:09 2026 +0100
 4 files changed, 8574 insertions(+)
 create mode 100644 SwiftScheduleParser.log
 create mode 100644 github-swiftschedule-deploy.log
 create mode 100644 index.html
 create mode 100644 logfile
To github-swiftsched:UCD-HEAP/Swift_Schedule.git
 + 7b0a12f...17cfc71 gh-pages -> gh-pages (forced update)
=== Run finished: Fri Sep 25 21:10:20 IST 2026 ===
=== Run started: Fri Sep 25 21:20:15 IST 2026 ===
[gh-pages 3a70eb2] Auto-deploy: 2026-09-25T20:20:15Z
 Date: Tue Sep 15 08:43:09 2026 +0100
 4 files changed, 8585 insertions(+)
 create mode 100644 SwiftScheduleParser.log
 create mode 100644 github-swiftschedule-deploy.log
 create mode 100644 index.html
 create mode 100644 logfile
To github-swiftsched:UCD-HEAP/Swift_Schedule.git
 + 17cfc71...3a70eb2 gh-pages -> gh-pages (forced update)
=== Run finished: Fri Sep 25 21:20:16 IST 2026 ===
=== Run started: Fri Sep 25 21:30:17 IST 2026 ===
[gh-pages b092f59] Auto-deploy: 2026-09-25T20:30:17Z
 Date: Tue Sep 15 08:43:09 2026 +0100
 4 files changed, 8596 insertions(+)
 create mode 100644 SwiftScheduleParser.log
 create mode 100644 github-swiftschedule-deploy.log
 create mode 100644 index.html
 create mode 100644 logfile
To github-swiftsched:UCD-HEAP/Swift_Schedule.git
 + 3a70eb2...b092f59 gh-pages -> gh-pages (forced update)
=== Run finished: Fri Sep 25 21:30:19 IST 2026 ===
=== Run started: Fri Sep 25 21:40:18 IST 2026 ===
[gh-pages cb4f782] Auto-deploy: 2026-09-25T20:40:18Z
 Date: Tue Sep 15 08:43:09 2026 +0100
 4 files changed, 8607 insertions(+)
 create mode 100644 SwiftScheduleParser.log
 create mode 100644 github-swiftschedule-deploy.log
 create mode 100644 index.html
 create mode 100644 logfile
To github-swiftsched:UCD-HEAP/Swift_Schedule.git
 + b092f59...cb4f782 gh-pages -> gh-pages (forced update)
=== Run finished: Fri Sep 25 21:40:19 IST 2026 ===
=== Run started: Fri Sep 25 21:50:15 IST 2026 ===
[gh-pages 9c66e34] Auto-deploy: 2026-09-25T20:50:15Z
 Date: Tue Sep 15 08:43:09 2026 +0100
 4 files changed, 8618 insertions(+)
 create mode 100644 SwiftScheduleParser.log
 create mode 100644 github-swiftschedule-deploy.log
 create mode 100644 index.html
 create mode 100644 logfile
To github-swiftsched:UCD-HEAP/Swift_Schedule.git
 + cb4f782...9c66e34 gh-pages -> gh-pages (forced update)
=== Run finished: Fri Sep 25 21:50:16 IST 2026 ===
=== Run started: Fri Sep 25 22:00:16 IST 2026 ===
[gh-pages bace333] Auto-deploy: 2026-09-25T21:00:16Z
 Date: Tue Sep 15 08:43:09 2026 +0100
 4 files changed, 8629 insertions(+)
 create mode 100644 SwiftScheduleParser.log
 create mode 100644 github-swiftschedule-deploy.log
 create mode 100644 index.html
 create mode 100644 logfile
To github-swiftsched:UCD-HEAP/Swift_Schedule.git
 + 9c66e34...bace333 gh-pages -> gh-pages (forced update)
=== Run finished: Fri Sep 25 22:00:18 IST 2026 ===
=== Run started: Fri Sep 25 22:10:17 IST 2026 ===
[gh-pages 4150cbd] Auto-deploy: 2026-09-25T21:10:17Z
 Date: Tue Sep 15 08:43:09 2026 +0100
 4 files changed, 8640 insertions(+)
 create mode 100644 SwiftScheduleParser.log
 create mode 100644 github-swiftschedule-deploy.log
 create mode 100644 index.html
 create mode 100644 logfile
To github-swiftsched:UCD-HEAP/Swift_Schedule.git
 + bace333...4150cbd gh-pages -> gh-pages (forced update)
=== Run finished: Fri Sep 25 22:10:19 IST 2026 ===
=== Run started: Fri Sep 25 22:20:15 IST 2026 ===
[gh-pages d214adb] Auto-deploy: 2026-09-25T21:20:15Z
 Date: Tue Sep 15 08:43:09 2026 +0100
 4 files changed, 8651 insertions(+)
 create mode 100644 SwiftScheduleParser.log
 create mode 100644 github-swiftschedule-deploy.log
 create mode 100644 index.html
 create mode 100644 logfile
To github-swiftsched:UCD-HEAP/Swift_Schedule.git
 + 4150cbd...d214adb gh-pages -> gh-pages (forced update)
=== Run finished: Fri Sep 25 22:20:17 IST 2026 ===
=== Run started: Fri Sep 25 22:30:17 IST 2026 ===
[gh-pages d255db4] Auto-deploy: 2026-09-25T21:30:17Z
 Date: Tue Sep 15 08:43:09 2026 +0100
 4 files changed, 8662 insertions(+)
 create mode 100644 SwiftScheduleParser.log
 create mode 100644 github-swiftschedule-deploy.log
 create mode 100644 index.html
 create mode 100644 logfile
To github-swiftsched:UCD-HEAP/Swift_Schedule.git
 + d214adb...d255db4 gh-pages -> gh-pages (forced update)
=== Run finished: Fri Sep 25 22:30:19 IST 2026 ===
=== Run started: Fri Sep 25 22:40:15 IST 2026 ===
[gh-pages 6931ee4] Auto-deploy: 2026-09-25T21:40:15Z
 Date: Tue Sep 15 08:43:09 2026 +0100
 4 files changed, 8673 insertions(+)
 create mode 100644 SwiftScheduleParser.log
 create mode 100644 github-swiftschedule-deploy.log
 create mode 100644 index.html
 create mode 100644 logfile
To github-swiftsched:UCD-HEAP/Swift_Schedule.git
 + d255db4...6931ee4 gh-pages -> gh-pages (forced update)
=== Run finished: Fri Sep 25 22:40:17 IST 2026 ===
=== Run started: Fri Sep 25 22:50:17 IST 2026 ===
[gh-pages 086d931] Auto-deploy: 2026-09-25T21:50:17Z
 Date: Tue Sep 15 08:43:09 2026 +0100
 4 files changed, 8684 insertions(+)
 create mode 100644 SwiftScheduleParser.log
 create mode 100644 github-swiftschedule-deploy.log
 create mode 100644 index.html
 create mode 100644 logfile
To github-swiftsched:UCD-HEAP/Swift_Schedule.git
 + 6931ee4...086d931 gh-pages -> gh-pages (forced update)
=== Run finished: Fri Sep 25 22:50:19 IST 2026 ===
=== Run started: Fri Sep 25 23:00:18 IST 2026 ===
[gh-pages 3d68500] Auto-deploy: 2026-09-25T22:00:18Z
 Date: Tue Sep 15 08:43:09 2026 +0100
 4 files changed, 8695 insertions(+)
 create mode 100644 SwiftScheduleParser.log
 create mode 100644 github-swiftschedule-deploy.log
 create mode 100644 index.html
 create mode 100644 logfile
To github-swiftsched:UCD-HEAP/Swift_Schedule.git
 + 086d931...3d68500 gh-pages -> gh-pages (forced update)
=== Run finished: Fri Sep 25 23:00:20 IST 2026 ===
=== Run started: Fri Sep 25 23:10:15 IST 2026 ===
[gh-pages 1d7bb55] Auto-deploy: 2026-09-25T22:10:15Z
 Date: Tue Sep 15 08:43:09 2026 +0100
 4 files changed, 8706 insertions(+)
 create mode 100644 SwiftScheduleParser.log
 create mode 100644 github-swiftschedule-deploy.log
 create mode 100644 index.html
 create mode 100644 logfile
To github-swiftsched:UCD-HEAP/Swift_Schedule.git
 + 3d68500...1d7bb55 gh-pages -> gh-pages (forced update)
=== Run finished: Fri Sep 25 23:10:17 IST 2026 ===
=== Run started: Fri Sep 25 23:20:18 IST 2026 ===
[gh-pages eaa811b] Auto-deploy: 2026-09-25T22:20:18Z
 Date: Tue Sep 15 08:43:09 2026 +0100
 4 files changed, 8717 insertions(+)
 create mode 100644 SwiftScheduleParser.log
 create mode 100644 github-swiftschedule-deploy.log
 create mode 100644 index.html
 create mode 100644 logfile
To github-swiftsched:UCD-HEAP/Swift_Schedule.git
 + 1d7bb55...eaa811b gh-pages -> gh-pages (forced update)
=== Run finished: Fri Sep 25 23:20:19 IST 2026 ===
=== Run started: Fri Sep 25 23:30:19 IST 2026 ===
[gh-pages d5d3b2e] Auto-deploy: 2026-09-25T22:30:19Z
 Date: Tue Sep 15 08:43:09 2026 +0100
 4 files changed, 8728 insertions(+)
 create mode 100644 SwiftScheduleParser.log
 create mode 100644 github-swiftschedule-deploy.log
 create mode 100644 index.html
 create mode 100644 logfile
To github-swiftsched:UCD-HEAP/Swift_Schedule.git
 + eaa811b...d5d3b2e gh-pages -> gh-pages (forced update)
=== Run finished: Fri Sep 25 23:30:21 IST 2026 ===
=== Run started: Fri Sep 25 23:40:15 IST 2026 ===
[gh-pages bd4aa29] Auto-deploy: 2026-09-25T22:40:15Z
 Date: Tue Sep 15 08:43:09 2026 +0100
 4 files changed, 8739 insertions(+)
 create mode 100644 SwiftScheduleParser.log
 create mode 100644 github-swiftschedule-deploy.log
 create mode 100644 index.html
 create mode 100644 logfile
To github-swiftsched:UCD-HEAP/Swift_Schedule.git
 + d5d3b2e...bd4aa29 gh-pages -> gh-pages (forced update)
=== Run finished: Fri Sep 25 23:40:17 IST 2026 ===
=== Run started: Fri Sep 25 23:50:18 IST 2026 ===
[gh-pages 70ffa62] Auto-deploy: 2026-09-25T22:50:18Z
 Date: Tue Sep 15 08:43:09 2026 +0100
 4 files changed, 8750 insertions(+)
 create mode 100644 SwiftScheduleParser.log
 create mode 100644 github-swiftschedule-deploy.log
 create mode 100644 index.html
 create mode 100644 logfile
To github-swiftsched:UCD-HEAP/Swift_Schedule.git
 + bd4aa29...70ffa62 gh-pages -> gh-pages (forced update)
=== Run finished: Fri Sep 25 23:50:20 IST 2026 ===
=== Run started: Sat Sep 26 00:00:16 IST 2026 ===
[gh-pages f608734] Auto-deploy: 2026-09-25T23:00:16Z
 Date: Tue Sep 15 08:43:09 2026 +0100
 4 files changed, 8761 insertions(+)
 create mode 100644 SwiftScheduleParser.log
 create mode 100644 github-swiftschedule-deploy.log
 create mode 100644 index.html
 create mode 100644 logfile
To github-swiftsched:UCD-HEAP/Swift_Schedule.git
 + 70ffa62...f608734 gh-pages -> gh-pages (forced update)
=== Run finished: Sat Sep 26 00:00:17 IST 2026 ===
=== Run started: Sat Sep 26 00:10:17 IST 2026 ===
[gh-pages 49c5e52] Auto-deploy: 2026-09-25T23:10:17Z
 Date: Tue Sep 15 08:43:09 2026 +0100
 4 files changed, 8772 insertions(+)
 create mode 100644 SwiftScheduleParser.log
 create mode 100644 github-swiftschedule-deploy.log
 create mode 100644 index.html
 create mode 100644 logfile
To github-swiftsched:UCD-HEAP/Swift_Schedule.git
 + f608734...49c5e52 gh-pages -> gh-pages (forced update)
=== Run finished: Sat Sep 26 00:10:19 IST 2026 ===
=== Run started: Sat Sep 26 00:20:15 IST 2026 ===
[gh-pages 431fd67] Auto-deploy: 2026-09-25T23:20:15Z
 Date: Tue Sep 15 08:43:09 2026 +0100
 4 files changed, 8783 insertions(+)
 create mode 100644 SwiftScheduleParser.log
 create mode 100644 github-swiftschedule-deploy.log
 create mode 100644 index.html
 create mode 100644 logfile
To github-swiftsched:UCD-HEAP/Swift_Schedule.git
 + 49c5e52...431fd67 gh-pages -> gh-pages (forced update)
=== Run finished: Sat Sep 26 00:20:17 IST 2026 ===
=== Run started: Sat Sep 26 00:30:17 IST 2026 ===
[gh-pages c4c03d7] Auto-deploy: 2026-09-25T23:30:17Z
 Date: Tue Sep 15 08:43:09 2026 +0100
 4 files changed, 8794 insertions(+)
 create mode 100644 SwiftScheduleParser.log
 create mode 100644 github-swiftschedule-deploy.log
 create mode 100644 index.html
 create mode 100644 logfile
To github-swiftsched:UCD-HEAP/Swift_Schedule.git
 + 431fd67...c4c03d7 gh-pages -> gh-pages (forced update)
=== Run finished: Sat Sep 26 00:30:19 IST 2026 ===
=== Run started: Sat Sep 26 00:40:18 IST 2026 ===
[gh-pages 7e8304a] Auto-deploy: 2026-09-25T23:40:18Z
 Date: Tue Sep 15 08:43:09 2026 +0100
 4 files changed, 8805 insertions(+)
 create mode 100644 SwiftScheduleParser.log
 create mode 100644 github-swiftschedule-deploy.log
 create mode 100644 index.html
 create mode 100644 logfile
To github-swiftsched:UCD-HEAP/Swift_Schedule.git
 + c4c03d7...7e8304a gh-pages -> gh-pages (forced update)
=== Run finished: Sat Sep 26 00:40:20 IST 2026 ===
=== Run started: Sat Sep 26 00:50:16 IST 2026 ===
[gh-pages 6cbda9f] Auto-deploy: 2026-09-25T23:50:16Z
 Date: Tue Sep 15 08:43:09 2026 +0100
 4 files changed, 8816 insertions(+)
 create mode 100644 SwiftScheduleParser.log
 create mode 100644 github-swiftschedule-deploy.log
 create mode 100644 index.html
 create mode 100644 logfile
To github-swiftsched:UCD-HEAP/Swift_Schedule.git
 + 7e8304a...6cbda9f gh-pages -> gh-pages (forced update)
=== Run finished: Sat Sep 26 00:50:18 IST 2026 ===
=== Run started: Sat Sep 26 01:00:18 IST 2026 ===
[gh-pages 278a669] Auto-deploy: 2026-09-26T00:00:18Z
 Date: Tue Sep 15 08:43:09 2026 +0100
 4 files changed, 8819 insertions(+)
 create mode 100644 SwiftScheduleParser.log
 create mode 100644 github-swiftschedule-deploy.log
 create mode 100644 index.html
 create mode 100644 logfile
To github-swiftsched:UCD-HEAP/Swift_Schedule.git
 + 6cbda9f...278a669 gh-pages -> gh-pages (forced update)
=== Run finished: Sat Sep 26 01:00:20 IST 2026 ===
=== Run started: Sat Sep 26 01:10:17 IST 2026 ===
[gh-pages d173296] Auto-deploy: 2026-09-26T00:10:17Z
 Date: Tue Sep 15 08:43:09 2026 +0100
 4 files changed, 8830 insertions(+)
 create mode 100644 SwiftScheduleParser.log
 create mode 100644 github-swiftschedule-deploy.log
 create mode 100644 index.html
 create mode 100644 logfile
To github-swiftsched:UCD-HEAP/Swift_Schedule.git
 + 278a669...d173296 gh-pages -> gh-pages (forced update)
=== Run finished: Sat Sep 26 01:10:18 IST 2026 ===
=== Run started: Sat Sep 26 01:20:18 IST 2026 ===
[gh-pages 5271635] Auto-deploy: 2026-09-26T00:20:19Z
 Date: Tue Sep 15 08:43:09 2026 +0100
 4 files changed, 8841 insertions(+)
 create mode 100644 SwiftScheduleParser.log
 create mode 100644 github-swiftschedule-deploy.log
 create mode 100644 index.html
 create mode 100644 logfile
To github-swiftsched:UCD-HEAP/Swift_Schedule.git
 + d173296...5271635 gh-pages -> gh-pages (forced update)
=== Run finished: Sat Sep 26 01:20:20 IST 2026 ===
=== Run started: Sat Sep 26 01:30:15 IST 2026 ===
[gh-pages aab9ea9] Auto-deploy: 2026-09-26T00:30:15Z
 Date: Tue Sep 15 08:43:09 2026 +0100
 4 files changed, 8852 insertions(+)
 create mode 100644 SwiftScheduleParser.log
 create mode 100644 github-swiftschedule-deploy.log
 create mode 100644 index.html
 create mode 100644 logfile
To github-swiftsched:UCD-HEAP/Swift_Schedule.git
 + 5271635...aab9ea9 gh-pages -> gh-pages (forced update)
=== Run finished: Sat Sep 26 01:30:17 IST 2026 ===
=== Run started: Sat Sep 26 01:40:18 IST 2026 ===
[gh-pages 5c39c0a] Auto-deploy: 2026-09-26T00:40:18Z
 Date: Tue Sep 15 08:43:09 2026 +0100
 4 files changed, 8863 insertions(+)
 create mode 100644 SwiftScheduleParser.log
 create mode 100644 github-swiftschedule-deploy.log
 create mode 100644 index.html
 create mode 100644 logfile
To github-swiftsched:UCD-HEAP/Swift_Schedule.git
 + aab9ea9...5c39c0a gh-pages -> gh-pages (forced update)
=== Run finished: Sat Sep 26 01:40:20 IST 2026 ===
=== Run started: Sat Sep 26 01:50:15 IST 2026 ===
[gh-pages 6edb22f] Auto-deploy: 2026-09-26T00:50:15Z
 Date: Tue Sep 15 08:43:09 2026 +0100
 4 files changed, 8874 insertions(+)
 create mode 100644 SwiftScheduleParser.log
 create mode 100644 github-swiftschedule-deploy.log
 create mode 100644 index.html
 create mode 100644 logfile
To github-swiftsched:UCD-HEAP/Swift_Schedule.git
 + 5c39c0a...6edb22f gh-pages -> gh-pages (forced update)
=== Run finished: Sat Sep 26 01:50:16 IST 2026 ===
=== Run started: Sat Sep 26 02:00:17 IST 2026 ===
[gh-pages 5aa9f5c] Auto-deploy: 2026-09-26T01:00:17Z
 Date: Tue Sep 15 08:43:09 2026 +0100
 4 files changed, 8885 insertions(+)
 create mode 100644 SwiftScheduleParser.log
 create mode 100644 github-swiftschedule-deploy.log
 create mode 100644 index.html
 create mode 100644 logfile
To github-swiftsched:UCD-HEAP/Swift_Schedule.git
 + 6edb22f...5aa9f5c gh-pages -> gh-pages (forced update)
=== Run finished: Sat Sep 26 02:00:19 IST 2026 ===
=== Run started: Sat Sep 26 02:10:17 IST 2026 ===
[gh-pages 8da3ec2] Auto-deploy: 2026-09-26T01:10:17Z
 Date: Tue Sep 15 08:43:09 2026 +0100
 4 files changed, 8896 insertions(+)
 create mode 100644 SwiftScheduleParser.log
 create mode 100644 github-swiftschedule-deploy.log
 create mode 100644 index.html
 create mode 100644 logfile
To github-swiftsched:UCD-HEAP/Swift_Schedule.git
 + 5aa9f5c...8da3ec2 gh-pages -> gh-pages (forced update)
=== Run finished: Sat Sep 26 02:10:19 IST 2026 ===
=== Run started: Sat Sep 26 02:20:15 IST 2026 ===
[gh-pages 7ffb5ca] Auto-deploy: 2026-09-26T01:20:15Z
 Date: Tue Sep 15 08:43:09 2026 +0100
 4 files changed, 8907 insertions(+)
 create mode 100644 SwiftScheduleParser.log
 create mode 100644 github-swiftschedule-deploy.log
 create mode 100644 index.html
 create mode 100644 logfile
To github-swiftsched:UCD-HEAP/Swift_Schedule.git
 + 8da3ec2...7ffb5ca gh-pages -> gh-pages (forced update)
=== Run finished: Sat Sep 26 02:20:17 IST 2026 ===
=== Run started: Sat Sep 26 02:30:18 IST 2026 ===
[gh-pages 4480703] Auto-deploy: 2026-09-26T01:30:18Z
 Date: Tue Sep 15 08:43:09 2026 +0100
 4 files changed, 8918 insertions(+)
 create mode 100644 SwiftScheduleParser.log
 create mode 100644 github-swiftschedule-deploy.log
 create mode 100644 index.html
 create mode 100644 logfile
To github-swiftsched:UCD-HEAP/Swift_Schedule.git
 + 7ffb5ca...4480703 gh-pages -> gh-pages (forced update)
=== Run finished: Sat Sep 26 02:30:20 IST 2026 ===
=== Run started: Sat Sep 26 02:40:15 IST 2026 ===
[gh-pages f2b45dd] Auto-deploy: 2026-09-26T01:40:15Z
 Date: Tue Sep 15 08:43:09 2026 +0100
 4 files changed, 8929 insertions(+)
 create mode 100644 SwiftScheduleParser.log
 create mode 100644 github-swiftschedule-deploy.log
 create mode 100644 index.html
 create mode 100644 logfile
To github-swiftsched:UCD-HEAP/Swift_Schedule.git
 + 4480703...f2b45dd gh-pages -> gh-pages (forced update)
=== Run finished: Sat Sep 26 02:40:17 IST 2026 ===
=== Run started: Sat Sep 26 02:50:17 IST 2026 ===
[gh-pages 934677b] Auto-deploy: 2026-09-26T01:50:17Z
 Date: Tue Sep 15 08:43:09 2026 +0100
 4 files changed, 8940 insertions(+)
 create mode 100644 SwiftScheduleParser.log
 create mode 100644 github-swiftschedule-deploy.log
 create mode 100644 index.html
 create mode 100644 logfile
To github-swiftsched:UCD-HEAP/Swift_Schedule.git
 + f2b45dd...934677b gh-pages -> gh-pages (forced update)
=== Run finished: Sat Sep 26 02:50:19 IST 2026 ===
=== Run started: Sat Sep 26 03:00:16 IST 2026 ===
[gh-pages 50fe647] Auto-deploy: 2026-09-26T02:00:16Z
 Date: Tue Sep 15 08:43:09 2026 +0100
 4 files changed, 8951 insertions(+)
 create mode 100644 SwiftScheduleParser.log
 create mode 100644 github-swiftschedule-deploy.log
 create mode 100644 index.html
 create mode 100644 logfile
To github-swiftsched:UCD-HEAP/Swift_Schedule.git
 + 934677b...50fe647 gh-pages -> gh-pages (forced update)
=== Run finished: Sat Sep 26 03:00:17 IST 2026 ===
=== Run started: Sat Sep 26 03:10:17 IST 2026 ===
[gh-pages ae38b66] Auto-deploy: 2026-09-26T02:10:18Z
 Date: Tue Sep 15 08:43:09 2026 +0100
 4 files changed, 8962 insertions(+)
 create mode 100644 SwiftScheduleParser.log
 create mode 100644 github-swiftschedule-deploy.log
 create mode 100644 index.html
 create mode 100644 logfile
To github-swiftsched:UCD-HEAP/Swift_Schedule.git
 + 50fe647...ae38b66 gh-pages -> gh-pages (forced update)
=== Run finished: Sat Sep 26 03:10:19 IST 2026 ===
=== Run started: Sat Sep 26 03:20:26 IST 2026 ===
[gh-pages 0e67703] Auto-deploy: 2026-09-26T02:20:26Z
 Date: Tue Sep 15 08:43:09 2026 +0100
 4 files changed, 8973 insertions(+)
 create mode 100644 SwiftScheduleParser.log
 create mode 100644 github-swiftschedule-deploy.log
 create mode 100644 index.html
 create mode 100644 logfile
To github-swiftsched:UCD-HEAP/Swift_Schedule.git
 + ae38b66...0e67703 gh-pages -> gh-pages (forced update)
=== Run finished: Sat Sep 26 03:20:28 IST 2026 ===
=== Run started: Sat Sep 26 03:30:15 IST 2026 ===
[gh-pages b6988a7] Auto-deploy: 2026-09-26T02:30:15Z
 Date: Tue Sep 15 08:43:09 2026 +0100
 4 files changed, 8984 insertions(+)
 create mode 100644 SwiftScheduleParser.log
 create mode 100644 github-swiftschedule-deploy.log
 create mode 100644 index.html
 create mode 100644 logfile
To github-swiftsched:UCD-HEAP/Swift_Schedule.git
 + 0e67703...b6988a7 gh-pages -> gh-pages (forced update)
=== Run finished: Sat Sep 26 03:30:17 IST 2026 ===
=== Run started: Sat Sep 26 03:40:18 IST 2026 ===
[gh-pages b7caf3e] Auto-deploy: 2026-09-26T02:40:18Z
 Date: Tue Sep 15 08:43:09 2026 +0100
 4 files changed, 8995 insertions(+)
 create mode 100644 SwiftScheduleParser.log
 create mode 100644 github-swiftschedule-deploy.log
 create mode 100644 index.html
 create mode 100644 logfile
To github-swiftsched:UCD-HEAP/Swift_Schedule.git
 + b6988a7...b7caf3e gh-pages -> gh-pages (forced update)
=== Run finished: Sat Sep 26 03:40:20 IST 2026 ===
=== Run started: Sat Sep 26 03:50:15 IST 2026 ===
[gh-pages d0a88df] Auto-deploy: 2026-09-26T02:50:15Z
 Date: Tue Sep 15 08:43:09 2026 +0100
 4 files changed, 9006 insertions(+)
 create mode 100644 SwiftScheduleParser.log
 create mode 100644 github-swiftschedule-deploy.log
 create mode 100644 index.html
 create mode 100644 logfile
To github-swiftsched:UCD-HEAP/Swift_Schedule.git
 + b7caf3e...d0a88df gh-pages -> gh-pages (forced update)
=== Run finished: Sat Sep 26 03:50:17 IST 2026 ===
=== Run started: Sat Sep 26 04:00:18 IST 2026 ===
[gh-pages a4c4e1c] Auto-deploy: 2026-09-26T03:00:18Z
 Date: Tue Sep 15 08:43:09 2026 +0100
 4 files changed, 9017 insertions(+)
 create mode 100644 SwiftScheduleParser.log
 create mode 100644 github-swiftschedule-deploy.log
 create mode 100644 index.html
 create mode 100644 logfile
To github-swiftsched:UCD-HEAP/Swift_Schedule.git
 + d0a88df...a4c4e1c gh-pages -> gh-pages (forced update)
=== Run finished: Sat Sep 26 04:00:20 IST 2026 ===
=== Run started: Sat Sep 26 04:10:15 IST 2026 ===
[gh-pages e3009fc] Auto-deploy: 2026-09-26T03:10:15Z
 Date: Tue Sep 15 08:43:09 2026 +0100
 4 files changed, 9028 insertions(+)
 create mode 100644 SwiftScheduleParser.log
 create mode 100644 github-swiftschedule-deploy.log
 create mode 100644 index.html
 create mode 100644 logfile
To github-swiftsched:UCD-HEAP/Swift_Schedule.git
 + a4c4e1c...e3009fc gh-pages -> gh-pages (forced update)
=== Run finished: Sat Sep 26 04:10:17 IST 2026 ===
=== Run started: Sat Sep 26 04:20:19 IST 2026 ===
[gh-pages 539fd26] Auto-deploy: 2026-09-26T03:20:19Z
 Date: Tue Sep 15 08:43:09 2026 +0100
 4 files changed, 9039 insertions(+)
 create mode 100644 SwiftScheduleParser.log
 create mode 100644 github-swiftschedule-deploy.log
 create mode 100644 index.html
 create mode 100644 logfile
To github-swiftsched:UCD-HEAP/Swift_Schedule.git
 + e3009fc...539fd26 gh-pages -> gh-pages (forced update)
=== Run finished: Sat Sep 26 04:20:20 IST 2026 ===
=== Run started: Sat Sep 26 04:30:17 IST 2026 ===
[gh-pages 02beb78] Auto-deploy: 2026-09-26T03:30:17Z
 Date: Tue Sep 15 08:43:09 2026 +0100
 4 files changed, 9050 insertions(+)
 create mode 100644 SwiftScheduleParser.log
 create mode 100644 github-swiftschedule-deploy.log
 create mode 100644 index.html
 create mode 100644 logfile
To github-swiftsched:UCD-HEAP/Swift_Schedule.git
 + 539fd26...02beb78 gh-pages -> gh-pages (forced update)
=== Run finished: Sat Sep 26 04:30:18 IST 2026 ===
=== Run started: Sat Sep 26 04:40:17 IST 2026 ===
[gh-pages a77b9e2] Auto-deploy: 2026-09-26T03:40:17Z
 Date: Tue Sep 15 08:43:09 2026 +0100
 4 files changed, 9061 insertions(+)
 create mode 100644 SwiftScheduleParser.log
 create mode 100644 github-swiftschedule-deploy.log
 create mode 100644 index.html
 create mode 100644 logfile
To github-swiftsched:UCD-HEAP/Swift_Schedule.git
 + 02beb78...a77b9e2 gh-pages -> gh-pages (forced update)
=== Run finished: Sat Sep 26 04:40:19 IST 2026 ===
=== Run started: Sat Sep 26 04:50:18 IST 2026 ===
[gh-pages 7af0f07] Auto-deploy: 2026-09-26T03:50:18Z
 Date: Tue Sep 15 08:43:09 2026 +0100
 4 files changed, 9072 insertions(+)
 create mode 100644 SwiftScheduleParser.log
 create mode 100644 github-swiftschedule-deploy.log
 create mode 100644 index.html
 create mode 100644 logfile
To github-swiftsched:UCD-HEAP/Swift_Schedule.git
 + a77b9e2...7af0f07 gh-pages -> gh-pages (forced update)
=== Run finished: Sat Sep 26 04:50:20 IST 2026 ===
=== Run started: Sat Sep 26 05:00:15 IST 2026 ===
[gh-pages 949d00b] Auto-deploy: 2026-09-26T04:00:15Z
 Date: Tue Sep 15 08:43:09 2026 +0100
 4 files changed, 9083 insertions(+)
 create mode 100644 SwiftScheduleParser.log
 create mode 100644 github-swiftschedule-deploy.log
 create mode 100644 index.html
 create mode 100644 logfile
To github-swiftsched:UCD-HEAP/Swift_Schedule.git
 + 7af0f07...949d00b gh-pages -> gh-pages (forced update)
=== Run finished: Sat Sep 26 05:00:17 IST 2026 ===
=== Run started: Sat Sep 26 05:10:18 IST 2026 ===
[gh-pages 49a7f39] Auto-deploy: 2026-09-26T04:10:18Z
 Date: Tue Sep 15 08:43:09 2026 +0100
 4 files changed, 9094 insertions(+)
 create mode 100644 SwiftScheduleParser.log
 create mode 100644 github-swiftschedule-deploy.log
 create mode 100644 index.html
 create mode 100644 logfile
To github-swiftsched:UCD-HEAP/Swift_Schedule.git
 + 949d00b...49a7f39 gh-pages -> gh-pages (forced update)
=== Run finished: Sat Sep 26 05:10:19 IST 2026 ===
=== Run started: Sat Sep 26 05:20:18 IST 2026 ===
[gh-pages b80b870] Auto-deploy: 2026-09-26T04:20:18Z
 Date: Tue Sep 15 08:43:09 2026 +0100
 4 files changed, 9105 insertions(+)
 create mode 100644 SwiftScheduleParser.log
 create mode 100644 github-swiftschedule-deploy.log
 create mode 100644 index.html
 create mode 100644 logfile
To github-swiftsched:UCD-HEAP/Swift_Schedule.git
 + 49a7f39...b80b870 gh-pages -> gh-pages (forced update)
=== Run finished: Sat Sep 26 05:20:20 IST 2026 ===
=== Run started: Sat Sep 26 05:30:16 IST 2026 ===
[gh-pages e9089ac] Auto-deploy: 2026-09-26T04:30:16Z
 Date: Tue Sep 15 08:43:09 2026 +0100
 4 files changed, 9116 insertions(+)
 create mode 100644 SwiftScheduleParser.log
 create mode 100644 github-swiftschedule-deploy.log
 create mode 100644 index.html
 create mode 100644 logfile
To github-swiftsched:UCD-HEAP/Swift_Schedule.git
 + b80b870...e9089ac gh-pages -> gh-pages (forced update)
=== Run finished: Sat Sep 26 05:30:17 IST 2026 ===
=== Run started: Sat Sep 26 05:40:18 IST 2026 ===
[gh-pages 4077750] Auto-deploy: 2026-09-26T04:40:18Z
 Date: Tue Sep 15 08:43:09 2026 +0100
 4 files changed, 9127 insertions(+)
 create mode 100644 SwiftScheduleParser.log
 create mode 100644 github-swiftschedule-deploy.log
 create mode 100644 index.html
 create mode 100644 logfile
To github-swiftsched:UCD-HEAP/Swift_Schedule.git
 + e9089ac...4077750 gh-pages -> gh-pages (forced update)
=== Run finished: Sat Sep 26 05:40:19 IST 2026 ===
=== Run started: Sat Sep 26 05:50:15 IST 2026 ===
[gh-pages 2a63109] Auto-deploy: 2026-09-26T04:50:15Z
 Date: Tue Sep 15 08:43:09 2026 +0100
 4 files changed, 9138 insertions(+)
 create mode 100644 SwiftScheduleParser.log
 create mode 100644 github-swiftschedule-deploy.log
 create mode 100644 index.html
 create mode 100644 logfile
To github-swiftsched:UCD-HEAP/Swift_Schedule.git
 + 4077750...2a63109 gh-pages -> gh-pages (forced update)
=== Run finished: Sat Sep 26 05:50:17 IST 2026 ===
=== Run started: Sat Sep 26 06:00:18 IST 2026 ===
[gh-pages f369c14] Auto-deploy: 2026-09-26T05:00:18Z
 Date: Tue Sep 15 08:43:09 2026 +0100
 4 files changed, 9149 insertions(+)
 create mode 100644 SwiftScheduleParser.log
 create mode 100644 github-swiftschedule-deploy.log
 create mode 100644 index.html
 create mode 100644 logfile
To github-swiftsched:UCD-HEAP/Swift_Schedule.git
 + 2a63109...f369c14 gh-pages -> gh-pages (forced update)
=== Run finished: Sat Sep 26 06:00:20 IST 2026 ===
=== Run started: Sat Sep 26 06:10:17 IST 2026 ===
[gh-pages e816a4a] Auto-deploy: 2026-09-26T05:10:17Z
 Date: Tue Sep 15 08:43:09 2026 +0100
 4 files changed, 9160 insertions(+)
 create mode 100644 SwiftScheduleParser.log
 create mode 100644 github-swiftschedule-deploy.log
 create mode 100644 index.html
 create mode 100644 logfile
To github-swiftsched:UCD-HEAP/Swift_Schedule.git
 + f369c14...e816a4a gh-pages -> gh-pages (forced update)
=== Run finished: Sat Sep 26 06:10:19 IST 2026 ===
=== Run started: Sat Sep 26 06:20:16 IST 2026 ===
[gh-pages f08b74f] Auto-deploy: 2026-09-26T05:20:16Z
 Date: Tue Sep 15 08:43:09 2026 +0100
 4 files changed, 9171 insertions(+)
 create mode 100644 SwiftScheduleParser.log
 create mode 100644 github-swiftschedule-deploy.log
 create mode 100644 index.html
 create mode 100644 logfile
To github-swiftsched:UCD-HEAP/Swift_Schedule.git
 + e816a4a...f08b74f gh-pages -> gh-pages (forced update)
=== Run finished: Sat Sep 26 06:20:18 IST 2026 ===
=== Run started: Sat Sep 26 06:30:18 IST 2026 ===
[gh-pages 2b87732] Auto-deploy: 2026-09-26T05:30:18Z
 Date: Tue Sep 15 08:43:09 2026 +0100
 4 files changed, 9182 insertions(+)
 create mode 100644 SwiftScheduleParser.log
 create mode 100644 github-swiftschedule-deploy.log
 create mode 100644 index.html
 create mode 100644 logfile
To github-swiftsched:UCD-HEAP/Swift_Schedule.git
 + f08b74f...2b87732 gh-pages -> gh-pages (forced update)
=== Run finished: Sat Sep 26 06:30:19 IST 2026 ===
=== Run started: Sat Sep 26 06:40:17 IST 2026 ===
[gh-pages b596d91] Auto-deploy: 2026-09-26T05:40:17Z
 Date: Tue Sep 15 08:43:09 2026 +0100
 4 files changed, 9193 insertions(+)
 create mode 100644 SwiftScheduleParser.log
 create mode 100644 github-swiftschedule-deploy.log
 create mode 100644 index.html
 create mode 100644 logfile
To github-swiftsched:UCD-HEAP/Swift_Schedule.git
 + 2b87732...b596d91 gh-pages -> gh-pages (forced update)
=== Run finished: Sat Sep 26 06:40:18 IST 2026 ===
=== Run started: Sat Sep 26 06:50:16 IST 2026 ===
[gh-pages 60b2d0f] Auto-deploy: 2026-09-26T05:50:16Z
 Date: Tue Sep 15 08:43:09 2026 +0100
 4 files changed, 9204 insertions(+)
 create mode 100644 SwiftScheduleParser.log
 create mode 100644 github-swiftschedule-deploy.log
 create mode 100644 index.html
 create mode 100644 logfile
To github-swiftsched:UCD-HEAP/Swift_Schedule.git
 + b596d91...60b2d0f gh-pages -> gh-pages (forced update)
=== Run finished: Sat Sep 26 06:50:18 IST 2026 ===
=== Run started: Sat Sep 26 07:00:17 IST 2026 ===
[gh-pages c468bb3] Auto-deploy: 2026-09-26T06:00:17Z
 Date: Tue Sep 15 08:43:09 2026 +0100
 4 files changed, 9215 insertions(+)
 create mode 100644 SwiftScheduleParser.log
 create mode 100644 github-swiftschedule-deploy.log
 create mode 100644 index.html
 create mode 100644 logfile
To github-swiftsched:UCD-HEAP/Swift_Schedule.git
 + 60b2d0f...c468bb3 gh-pages -> gh-pages (forced update)
=== Run finished: Sat Sep 26 07:00:19 IST 2026 ===
=== Run started: Sat Sep 26 07:10:15 IST 2026 ===
[gh-pages 05e57a6] Auto-deploy: 2026-09-26T06:10:15Z
 Date: Tue Sep 15 08:43:09 2026 +0100
 4 files changed, 9226 insertions(+)
 create mode 100644 SwiftScheduleParser.log
 create mode 100644 github-swiftschedule-deploy.log
 create mode 100644 index.html
 create mode 100644 logfile
To github-swiftsched:UCD-HEAP/Swift_Schedule.git
 + c468bb3...05e57a6 gh-pages -> gh-pages (forced update)
=== Run finished: Sat Sep 26 07:10:17 IST 2026 ===
=== Run started: Sat Sep 26 07:20:17 IST 2026 ===
[gh-pages d5f3010] Auto-deploy: 2026-09-26T06:20:17Z
 Date: Tue Sep 15 08:43:09 2026 +0100
 4 files changed, 9237 insertions(+)
 create mode 100644 SwiftScheduleParser.log
 create mode 100644 github-swiftschedule-deploy.log
 create mode 100644 index.html
 create mode 100644 logfile
To github-swiftsched:UCD-HEAP/Swift_Schedule.git
 + 05e57a6...d5f3010 gh-pages -> gh-pages (forced update)
=== Run finished: Sat Sep 26 07:20:19 IST 2026 ===
=== Run started: Sat Sep 26 07:30:18 IST 2026 ===
[gh-pages 21d1e05] Auto-deploy: 2026-09-26T06:30:18Z
 Date: Tue Sep 15 08:43:09 2026 +0100
 4 files changed, 9248 insertions(+)
 create mode 100644 SwiftScheduleParser.log
 create mode 100644 github-swiftschedule-deploy.log
 create mode 100644 index.html
 create mode 100644 logfile
To github-swiftsched:UCD-HEAP/Swift_Schedule.git
 + d5f3010...21d1e05 gh-pages -> gh-pages (forced update)
=== Run finished: Sat Sep 26 07:30:20 IST 2026 ===
=== Run started: Sat Sep 26 07:40:15 IST 2026 ===
[gh-pages 2dd3ff0] Auto-deploy: 2026-09-26T06:40:15Z
 Date: Tue Sep 15 08:43:09 2026 +0100
 4 files changed, 9259 insertions(+)
 create mode 100644 SwiftScheduleParser.log
 create mode 100644 github-swiftschedule-deploy.log
 create mode 100644 index.html
 create mode 100644 logfile
To github-swiftsched:UCD-HEAP/Swift_Schedule.git
 + 21d1e05...2dd3ff0 gh-pages -> gh-pages (forced update)
=== Run finished: Sat Sep 26 07:40:17 IST 2026 ===
=== Run started: Sat Sep 26 07:50:18 IST 2026 ===
[gh-pages 45f279d] Auto-deploy: 2026-09-26T06:50:18Z
 Date: Tue Sep 15 08:43:09 2026 +0100
 4 files changed, 9270 insertions(+)
 create mode 100644 SwiftScheduleParser.log
 create mode 100644 github-swiftschedule-deploy.log
 create mode 100644 index.html
 create mode 100644 logfile
To github-swiftsched:UCD-HEAP/Swift_Schedule.git
 + 2dd3ff0...45f279d gh-pages -> gh-pages (forced update)
=== Run finished: Sat Sep 26 07:50:20 IST 2026 ===
=== Run started: Sat Sep 26 08:00:15 IST 2026 ===
[gh-pages f871938] Auto-deploy: 2026-09-26T07:00:15Z
 Date: Tue Sep 15 08:43:09 2026 +0100
 4 files changed, 9281 insertions(+)
 create mode 100644 SwiftScheduleParser.log
 create mode 100644 github-swiftschedule-deploy.log
 create mode 100644 index.html
 create mode 100644 logfile
To github-swiftsched:UCD-HEAP/Swift_Schedule.git
 + 45f279d...f871938 gh-pages -> gh-pages (forced update)
=== Run finished: Sat Sep 26 08:00:17 IST 2026 ===
=== Run started: Sat Sep 26 08:10:17 IST 2026 ===
[gh-pages 9eca3fb] Auto-deploy: 2026-09-26T07:10:17Z
 Date: Tue Sep 15 08:43:09 2026 +0100
 4 files changed, 9292 insertions(+)
 create mode 100644 SwiftScheduleParser.log
 create mode 100644 github-swiftschedule-deploy.log
 create mode 100644 index.html
 create mode 100644 logfile
To github-swiftsched:UCD-HEAP/Swift_Schedule.git
 + f871938...9eca3fb gh-pages -> gh-pages (forced update)
=== Run finished: Sat Sep 26 08:10:19 IST 2026 ===
=== Run started: Sat Sep 26 08:20:16 IST 2026 ===
[gh-pages a03fe85] Auto-deploy: 2026-09-26T07:20:16Z
 Date: Tue Sep 15 08:43:09 2026 +0100
 4 files changed, 9303 insertions(+)
 create mode 100644 SwiftScheduleParser.log
 create mode 100644 github-swiftschedule-deploy.log
 create mode 100644 index.html
 create mode 100644 logfile
To github-swiftsched:UCD-HEAP/Swift_Schedule.git
 + 9eca3fb...a03fe85 gh-pages -> gh-pages (forced update)
=== Run finished: Sat Sep 26 08:20:18 IST 2026 ===
=== Run started: Sat Sep 26 08:30:17 IST 2026 ===
[gh-pages ff324be] Auto-deploy: 2026-09-26T07:30:17Z
 Date: Tue Sep 15 08:43:09 2026 +0100
 4 files changed, 9314 insertions(+)
 create mode 100644 SwiftScheduleParser.log
 create mode 100644 github-swiftschedule-deploy.log
 create mode 100644 index.html
 create mode 100644 logfile
To github-swiftsched:UCD-HEAP/Swift_Schedule.git
 + a03fe85...ff324be gh-pages -> gh-pages (forced update)
=== Run finished: Sat Sep 26 08:30:19 IST 2026 ===
=== Run started: Sat Sep 26 08:40:18 IST 2026 ===
[gh-pages b01ac46] Auto-deploy: 2026-09-26T07:40:18Z
 Date: Tue Sep 15 08:43:09 2026 +0100
 4 files changed, 9325 insertions(+)
 create mode 100644 SwiftScheduleParser.log
 create mode 100644 github-swiftschedule-deploy.log
 create mode 100644 index.html
 create mode 100644 logfile
To github-swiftsched:UCD-HEAP/Swift_Schedule.git
 + ff324be...b01ac46 gh-pages -> gh-pages (forced update)
=== Run finished: Sat Sep 26 08:40:20 IST 2026 ===
=== Run started: Sat Sep 26 08:50:15 IST 2026 ===
[gh-pages da75fe4] Auto-deploy: 2026-09-26T07:50:15Z
 Date: Tue Sep 15 08:43:09 2026 +0100
 4 files changed, 9336 insertions(+)
 create mode 100644 SwiftScheduleParser.log
 create mode 100644 github-swiftschedule-deploy.log
 create mode 100644 index.html
 create mode 100644 logfile
To github-swiftsched:UCD-HEAP/Swift_Schedule.git
 + b01ac46...da75fe4 gh-pages -> gh-pages (forced update)
=== Run finished: Sat Sep 26 08:50:17 IST 2026 ===
=== Run started: Sat Sep 26 09:00:18 IST 2026 ===
[gh-pages 1496036] Auto-deploy: 2026-09-26T08:00:18Z
 Date: Tue Sep 15 08:43:09 2026 +0100
 4 files changed, 9347 insertions(+)
 create mode 100644 SwiftScheduleParser.log
 create mode 100644 github-swiftschedule-deploy.log
 create mode 100644 index.html
 create mode 100644 logfile
To github-swiftsched:UCD-HEAP/Swift_Schedule.git
 + da75fe4...1496036 gh-pages -> gh-pages (forced update)
=== Run finished: Sat Sep 26 09:00:20 IST 2026 ===
=== Run started: Sat Sep 26 09:10:15 IST 2026 ===
[gh-pages 85e055a] Auto-deploy: 2026-09-26T08:10:15Z
 Date: Tue Sep 15 08:43:09 2026 +0100
 4 files changed, 9358 insertions(+)
 create mode 100644 SwiftScheduleParser.log
 create mode 100644 github-swiftschedule-deploy.log
 create mode 100644 index.html
 create mode 100644 logfile
To github-swiftsched:UCD-HEAP/Swift_Schedule.git
 + 1496036...85e055a gh-pages -> gh-pages (forced update)
=== Run finished: Sat Sep 26 09:10:17 IST 2026 ===
=== Run started: Sat Sep 26 09:20:18 IST 2026 ===
[gh-pages 0235574] Auto-deploy: 2026-09-26T08:20:18Z
 Date: Tue Sep 15 08:43:09 2026 +0100
 4 files changed, 9369 insertions(+)
 create mode 100644 SwiftScheduleParser.log
 create mode 100644 github-swiftschedule-deploy.log
 create mode 100644 index.html
 create mode 100644 logfile
To github-swiftsched:UCD-HEAP/Swift_Schedule.git
 + 85e055a...0235574 gh-pages -> gh-pages (forced update)
=== Run finished: Sat Sep 26 09:20:20 IST 2026 ===
=== Run started: Sat Sep 26 09:30:15 IST 2026 ===
[gh-pages 27e4145] Auto-deploy: 2026-09-26T08:30:15Z
 Date: Tue Sep 15 08:43:09 2026 +0100
 4 files changed, 9380 insertions(+)
 create mode 100644 SwiftScheduleParser.log
 create mode 100644 github-swiftschedule-deploy.log
 create mode 100644 index.html
 create mode 100644 logfile
To github-swiftsched:UCD-HEAP/Swift_Schedule.git
 + 0235574...27e4145 gh-pages -> gh-pages (forced update)
=== Run finished: Sat Sep 26 09:30:17 IST 2026 ===
=== Run started: Sat Sep 26 09:40:18 IST 2026 ===
[gh-pages 1a815e0] Auto-deploy: 2026-09-26T08:40:18Z
 Date: Tue Sep 15 08:43:09 2026 +0100
 4 files changed, 9391 insertions(+)
 create mode 100644 SwiftScheduleParser.log
 create mode 100644 github-swiftschedule-deploy.log
 create mode 100644 index.html
 create mode 100644 logfile
To github-swiftsched:UCD-HEAP/Swift_Schedule.git
 + 27e4145...1a815e0 gh-pages -> gh-pages (forced update)
=== Run finished: Sat Sep 26 09:40:19 IST 2026 ===
=== Run started: Sat Sep 26 09:50:15 IST 2026 ===
[gh-pages 6bf65ca] Auto-deploy: 2026-09-26T08:50:15Z
 Date: Tue Sep 15 08:43:09 2026 +0100
 4 files changed, 9402 insertions(+)
 create mode 100644 SwiftScheduleParser.log
 create mode 100644 github-swiftschedule-deploy.log
 create mode 100644 index.html
 create mode 100644 logfile
To github-swiftsched:UCD-HEAP/Swift_Schedule.git
 + 1a815e0...6bf65ca gh-pages -> gh-pages (forced update)
=== Run finished: Sat Sep 26 09:50:16 IST 2026 ===
=== Run started: Sat Sep 26 10:00:17 IST 2026 ===
[gh-pages f636b3f] Auto-deploy: 2026-09-26T09:00:17Z
 Date: Tue Sep 15 08:43:09 2026 +0100
 4 files changed, 9413 insertions(+)
 create mode 100644 SwiftScheduleParser.log
 create mode 100644 github-swiftschedule-deploy.log
 create mode 100644 index.html
 create mode 100644 logfile
To github-swiftsched:UCD-HEAP/Swift_Schedule.git
 + 6bf65ca...f636b3f gh-pages -> gh-pages (forced update)
=== Run finished: Sat Sep 26 10:00:19 IST 2026 ===
=== Run started: Sat Sep 26 10:10:15 IST 2026 ===
[gh-pages 3bb1e1b] Auto-deploy: 2026-09-26T09:10:15Z
 Date: Tue Sep 15 08:43:09 2026 +0100
 4 files changed, 9424 insertions(+)
 create mode 100644 SwiftScheduleParser.log
 create mode 100644 github-swiftschedule-deploy.log
 create mode 100644 index.html
 create mode 100644 logfile
To github-swiftsched:UCD-HEAP/Swift_Schedule.git
 + f636b3f...3bb1e1b gh-pages -> gh-pages (forced update)
=== Run finished: Sat Sep 26 10:10:17 IST 2026 ===
=== Run started: Sat Sep 26 10:20:17 IST 2026 ===
[gh-pages ca3b337] Auto-deploy: 2026-09-26T09:20:17Z
 Date: Tue Sep 15 08:43:09 2026 +0100
 4 files changed, 9435 insertions(+)
 create mode 100644 SwiftScheduleParser.log
 create mode 100644 github-swiftschedule-deploy.log
 create mode 100644 index.html
 create mode 100644 logfile
To github-swiftsched:UCD-HEAP/Swift_Schedule.git
 + 3bb1e1b...ca3b337 gh-pages -> gh-pages (forced update)
=== Run finished: Sat Sep 26 10:20:19 IST 2026 ===
=== Run started: Sat Sep 26 10:30:18 IST 2026 ===
[gh-pages 173cbd0] Auto-deploy: 2026-09-26T09:30:18Z
 Date: Tue Sep 15 08:43:09 2026 +0100
 4 files changed, 9446 insertions(+)
 create mode 100644 SwiftScheduleParser.log
 create mode 100644 github-swiftschedule-deploy.log
 create mode 100644 index.html
 create mode 100644 logfile
To github-swiftsched:UCD-HEAP/Swift_Schedule.git
 + ca3b337...173cbd0 gh-pages -> gh-pages (forced update)
=== Run finished: Sat Sep 26 10:30:19 IST 2026 ===
=== Run started: Sat Sep 26 10:40:18 IST 2026 ===
[gh-pages dd8ebdd] Auto-deploy: 2026-09-26T09:40:18Z
 Date: Tue Sep 15 08:43:09 2026 +0100
 4 files changed, 9457 insertions(+)
 create mode 100644 SwiftScheduleParser.log
 create mode 100644 github-swiftschedule-deploy.log
 create mode 100644 index.html
 create mode 100644 logfile
To github-swiftsched:UCD-HEAP/Swift_Schedule.git
 + 173cbd0...dd8ebdd gh-pages -> gh-pages (forced update)
=== Run finished: Sat Sep 26 10:40:20 IST 2026 ===
=== Run started: Sat Sep 26 10:50:15 IST 2026 ===
[gh-pages 844e267] Auto-deploy: 2026-09-26T09:50:15Z
 Date: Tue Sep 15 08:43:09 2026 +0100
 4 files changed, 9468 insertions(+)
 create mode 100644 SwiftScheduleParser.log
 create mode 100644 github-swiftschedule-deploy.log
 create mode 100644 index.html
 create mode 100644 logfile
To github-swiftsched:UCD-HEAP/Swift_Schedule.git
 + dd8ebdd...844e267 gh-pages -> gh-pages (forced update)
=== Run finished: Sat Sep 26 10:50:17 IST 2026 ===
=== Run started: Sat Sep 26 11:00:18 IST 2026 ===
[gh-pages c31b28b] Auto-deploy: 2026-09-26T10:00:18Z
 Date: Tue Sep 15 08:43:09 2026 +0100
 4 files changed, 9479 insertions(+)
 create mode 100644 SwiftScheduleParser.log
 create mode 100644 github-swiftschedule-deploy.log
 create mode 100644 index.html
 create mode 100644 logfile
To github-swiftsched:UCD-HEAP/Swift_Schedule.git
 + 844e267...c31b28b gh-pages -> gh-pages (forced update)
=== Run finished: Sat Sep 26 11:00:20 IST 2026 ===
=== Run started: Sat Sep 26 11:10:15 IST 2026 ===
[gh-pages d7e0a1a] Auto-deploy: 2026-09-26T10:10:15Z
 Date: Tue Sep 15 08:43:09 2026 +0100
 4 files changed, 9490 insertions(+)
 create mode 100644 SwiftScheduleParser.log
 create mode 100644 github-swiftschedule-deploy.log
 create mode 100644 index.html
 create mode 100644 logfile
To github-swiftsched:UCD-HEAP/Swift_Schedule.git
 + c31b28b...d7e0a1a gh-pages -> gh-pages (forced update)
=== Run finished: Sat Sep 26 11:10:17 IST 2026 ===
=== Run started: Sat Sep 26 11:20:18 IST 2026 ===
[gh-pages c032766] Auto-deploy: 2026-09-26T10:20:18Z
 Date: Tue Sep 15 08:43:09 2026 +0100
 4 files changed, 9501 insertions(+)
 create mode 100644 SwiftScheduleParser.log
 create mode 100644 github-swiftschedule-deploy.log
 create mode 100644 index.html
 create mode 100644 logfile
To github-swiftsched:UCD-HEAP/Swift_Schedule.git
 + d7e0a1a...c032766 gh-pages -> gh-pages (forced update)
=== Run finished: Sat Sep 26 11:20:19 IST 2026 ===
=== Run started: Sat Sep 26 11:30:19 IST 2026 ===
[gh-pages 74209e1] Auto-deploy: 2026-09-26T10:30:19Z
 Date: Tue Sep 15 08:43:09 2026 +0100
 4 files changed, 9512 insertions(+)
 create mode 100644 SwiftScheduleParser.log
 create mode 100644 github-swiftschedule-deploy.log
 create mode 100644 index.html
 create mode 100644 logfile
To github-swiftsched:UCD-HEAP/Swift_Schedule.git
 + c032766...74209e1 gh-pages -> gh-pages (forced update)
=== Run finished: Sat Sep 26 11:30:21 IST 2026 ===
=== Run started: Sat Sep 26 11:40:15 IST 2026 ===
[gh-pages d5f1886] Auto-deploy: 2026-09-26T10:40:15Z
 Date: Tue Sep 15 08:43:09 2026 +0100
 4 files changed, 9523 insertions(+)
 create mode 100644 SwiftScheduleParser.log
 create mode 100644 github-swiftschedule-deploy.log
 create mode 100644 index.html
 create mode 100644 logfile
To github-swiftsched:UCD-HEAP/Swift_Schedule.git
 + 74209e1...d5f1886 gh-pages -> gh-pages (forced update)
=== Run finished: Sat Sep 26 11:40:16 IST 2026 ===
=== Run started: Sat Sep 26 11:50:18 IST 2026 ===
[gh-pages a5a9a0c] Auto-deploy: 2026-09-26T10:50:18Z
 Date: Tue Sep 15 08:43:09 2026 +0100
 4 files changed, 9534 insertions(+)
 create mode 100644 SwiftScheduleParser.log
 create mode 100644 github-swiftschedule-deploy.log
 create mode 100644 index.html
 create mode 100644 logfile
To github-swiftsched:UCD-HEAP/Swift_Schedule.git
 + d5f1886...a5a9a0c gh-pages -> gh-pages (forced update)
=== Run finished: Sat Sep 26 11:50:19 IST 2026 ===
=== Run started: Sat Sep 26 12:00:18 IST 2026 ===
[gh-pages 84426c7] Auto-deploy: 2026-09-26T11:00:18Z
 Date: Tue Sep 15 08:43:09 2026 +0100
 4 files changed, 9545 insertions(+)
 create mode 100644 SwiftScheduleParser.log
 create mode 100644 github-swiftschedule-deploy.log
 create mode 100644 index.html
 create mode 100644 logfile
To github-swiftsched:UCD-HEAP/Swift_Schedule.git
 + a5a9a0c...84426c7 gh-pages -> gh-pages (forced update)
=== Run finished: Sat Sep 26 12:00:20 IST 2026 ===
=== Run started: Sat Sep 26 12:10:15 IST 2026 ===
[gh-pages ceab888] Auto-deploy: 2026-09-26T11:10:15Z
 Date: Tue Sep 15 08:43:09 2026 +0100
 4 files changed, 9556 insertions(+)
 create mode 100644 SwiftScheduleParser.log
 create mode 100644 github-swiftschedule-deploy.log
 create mode 100644 index.html
 create mode 100644 logfile
To github-swiftsched:UCD-HEAP/Swift_Schedule.git
 + 84426c7...ceab888 gh-pages -> gh-pages (forced update)
=== Run finished: Sat Sep 26 12:10:16 IST 2026 ===
=== Run started: Sat Sep 26 12:20:17 IST 2026 ===
[gh-pages c5caa7d] Auto-deploy: 2026-09-26T11:20:17Z
 Date: Tue Sep 15 08:43:09 2026 +0100
 4 files changed, 9567 insertions(+)
 create mode 100644 SwiftScheduleParser.log
 create mode 100644 github-swiftschedule-deploy.log
 create mode 100644 index.html
 create mode 100644 logfile
To github-swiftsched:UCD-HEAP/Swift_Schedule.git
 + ceab888...c5caa7d gh-pages -> gh-pages (forced update)
=== Run finished: Sat Sep 26 12:20:19 IST 2026 ===
=== Run started: Sat Sep 26 12:30:18 IST 2026 ===
[gh-pages 2619892] Auto-deploy: 2026-09-26T11:30:18Z
 Date: Tue Sep 15 08:43:09 2026 +0100
 4 files changed, 9578 insertions(+)
 create mode 100644 SwiftScheduleParser.log
 create mode 100644 github-swiftschedule-deploy.log
 create mode 100644 index.html
 create mode 100644 logfile
To github-swiftsched:UCD-HEAP/Swift_Schedule.git
 + c5caa7d...2619892 gh-pages -> gh-pages (forced update)
=== Run finished: Sat Sep 26 12:30:19 IST 2026 ===
=== Run started: Sat Sep 26 12:40:15 IST 2026 ===
[gh-pages e57765d] Auto-deploy: 2026-09-26T11:40:15Z
 Date: Tue Sep 15 08:43:09 2026 +0100
 4 files changed, 9589 insertions(+)
 create mode 100644 SwiftScheduleParser.log
 create mode 100644 github-swiftschedule-deploy.log
 create mode 100644 index.html
 create mode 100644 logfile
To github-swiftsched:UCD-HEAP/Swift_Schedule.git
 + 2619892...e57765d gh-pages -> gh-pages (forced update)
=== Run finished: Sat Sep 26 12:40:17 IST 2026 ===
=== Run started: Sat Sep 26 12:50:18 IST 2026 ===
[gh-pages 2d8ce90] Auto-deploy: 2026-09-26T11:50:18Z
 Date: Tue Sep 15 08:43:09 2026 +0100
 4 files changed, 9600 insertions(+)
 create mode 100644 SwiftScheduleParser.log
 create mode 100644 github-swiftschedule-deploy.log
 create mode 100644 index.html
 create mode 100644 logfile
To github-swiftsched:UCD-HEAP/Swift_Schedule.git
 + e57765d...2d8ce90 gh-pages -> gh-pages (forced update)
=== Run finished: Sat Sep 26 12:50:19 IST 2026 ===
=== Run started: Sat Sep 26 13:00:15 IST 2026 ===
[gh-pages 86c0566] Auto-deploy: 2026-09-26T12:00:15Z
 Date: Tue Sep 15 08:43:09 2026 +0100
 4 files changed, 9611 insertions(+)
 create mode 100644 SwiftScheduleParser.log
 create mode 100644 github-swiftschedule-deploy.log
 create mode 100644 index.html
 create mode 100644 logfile
To github-swiftsched:UCD-HEAP/Swift_Schedule.git
 + 2d8ce90...86c0566 gh-pages -> gh-pages (forced update)
=== Run finished: Sat Sep 26 13:00:17 IST 2026 ===
=== Run started: Sat Sep 26 13:10:17 IST 2026 ===
[gh-pages ec70c1f] Auto-deploy: 2026-09-26T12:10:17Z
 Date: Tue Sep 15 08:43:09 2026 +0100
 4 files changed, 9622 insertions(+)
 create mode 100644 SwiftScheduleParser.log
 create mode 100644 github-swiftschedule-deploy.log
 create mode 100644 index.html
 create mode 100644 logfile
To github-swiftsched:UCD-HEAP/Swift_Schedule.git
 + 86c0566...ec70c1f gh-pages -> gh-pages (forced update)
=== Run finished: Sat Sep 26 13:10:18 IST 2026 ===
=== Run started: Sat Sep 26 13:20:15 IST 2026 ===
[gh-pages 8a171ee] Auto-deploy: 2026-09-26T12:20:15Z
 Date: Tue Sep 15 08:43:09 2026 +0100
 4 files changed, 9633 insertions(+)
 create mode 100644 SwiftScheduleParser.log
 create mode 100644 github-swiftschedule-deploy.log
 create mode 100644 index.html
 create mode 100644 logfile
To github-swiftsched:UCD-HEAP/Swift_Schedule.git
 + ec70c1f...8a171ee gh-pages -> gh-pages (forced update)
=== Run finished: Sat Sep 26 13:20:17 IST 2026 ===
=== Run started: Sat Sep 26 13:30:18 IST 2026 ===
[gh-pages ab163e1] Auto-deploy: 2026-09-26T12:30:18Z
 Date: Tue Sep 15 08:43:09 2026 +0100
 4 files changed, 9644 insertions(+)
 create mode 100644 SwiftScheduleParser.log
 create mode 100644 github-swiftschedule-deploy.log
 create mode 100644 index.html
 create mode 100644 logfile
To github-swiftsched:UCD-HEAP/Swift_Schedule.git
 + 8a171ee...ab163e1 gh-pages -> gh-pages (forced update)
=== Run finished: Sat Sep 26 13:30:20 IST 2026 ===
=== Run started: Sat Sep 26 13:40:18 IST 2026 ===
[gh-pages 621d6eb] Auto-deploy: 2026-09-26T12:40:18Z
 Date: Tue Sep 15 08:43:09 2026 +0100
 4 files changed, 9655 insertions(+)
 create mode 100644 SwiftScheduleParser.log
 create mode 100644 github-swiftschedule-deploy.log
 create mode 100644 index.html
 create mode 100644 logfile
To github-swiftsched:UCD-HEAP/Swift_Schedule.git
 + ab163e1...621d6eb gh-pages -> gh-pages (forced update)
=== Run finished: Sat Sep 26 13:40:20 IST 2026 ===
=== Run started: Sat Sep 26 13:50:15 IST 2026 ===
[gh-pages 449b1b4] Auto-deploy: 2026-09-26T12:50:15Z
 Date: Tue Sep 15 08:43:09 2026 +0100
 4 files changed, 9666 insertions(+)
 create mode 100644 SwiftScheduleParser.log
 create mode 100644 github-swiftschedule-deploy.log
 create mode 100644 index.html
 create mode 100644 logfile
To github-swiftsched:UCD-HEAP/Swift_Schedule.git
 + 621d6eb...449b1b4 gh-pages -> gh-pages (forced update)
=== Run finished: Sat Sep 26 13:50:17 IST 2026 ===
=== Run started: Sat Sep 26 14:00:18 IST 2026 ===
[gh-pages 265c0ff] Auto-deploy: 2026-09-26T13:00:18Z
 Date: Tue Sep 15 08:43:09 2026 +0100
 4 files changed, 9677 insertions(+)
 create mode 100644 SwiftScheduleParser.log
 create mode 100644 github-swiftschedule-deploy.log
 create mode 100644 index.html
 create mode 100644 logfile
To github-swiftsched:UCD-HEAP/Swift_Schedule.git
 + 449b1b4...265c0ff gh-pages -> gh-pages (forced update)
=== Run finished: Sat Sep 26 14:00:19 IST 2026 ===
=== Run started: Sat Sep 26 14:10:16 IST 2026 ===
[gh-pages 3f4676c] Auto-deploy: 2026-09-26T13:10:16Z
 Date: Tue Sep 15 08:43:09 2026 +0100
 4 files changed, 9688 insertions(+)
 create mode 100644 SwiftScheduleParser.log
 create mode 100644 github-swiftschedule-deploy.log
 create mode 100644 index.html
 create mode 100644 logfile
To github-swiftsched:UCD-HEAP/Swift_Schedule.git
 + 265c0ff...3f4676c gh-pages -> gh-pages (forced update)
=== Run finished: Sat Sep 26 14:10:18 IST 2026 ===
=== Run started: Sat Sep 26 14:20:17 IST 2026 ===
[gh-pages 1e7a778] Auto-deploy: 2026-09-26T13:20:17Z
 Date: Tue Sep 15 08:43:09 2026 +0100
 4 files changed, 9699 insertions(+)
 create mode 100644 SwiftScheduleParser.log
 create mode 100644 github-swiftschedule-deploy.log
 create mode 100644 index.html
 create mode 100644 logfile
To github-swiftsched:UCD-HEAP/Swift_Schedule.git
 + 3f4676c...1e7a778 gh-pages -> gh-pages (forced update)
=== Run finished: Sat Sep 26 14:20:18 IST 2026 ===
=== Run started: Sat Sep 26 14:30:17 IST 2026 ===
[gh-pages a307409] Auto-deploy: 2026-09-26T13:30:17Z
 Date: Tue Sep 15 08:43:09 2026 +0100
 4 files changed, 9710 insertions(+)
 create mode 100644 SwiftScheduleParser.log
 create mode 100644 github-swiftschedule-deploy.log
 create mode 100644 index.html
 create mode 100644 logfile
To github-swiftsched:UCD-HEAP/Swift_Schedule.git
 + 1e7a778...a307409 gh-pages -> gh-pages (forced update)
=== Run finished: Sat Sep 26 14:30:19 IST 2026 ===
=== Run started: Sat Sep 26 14:40:18 IST 2026 ===
[gh-pages 8f76ecc] Auto-deploy: 2026-09-26T13:40:18Z
 Date: Tue Sep 15 08:43:09 2026 +0100
 4 files changed, 9721 insertions(+)
 create mode 100644 SwiftScheduleParser.log
 create mode 100644 github-swiftschedule-deploy.log
 create mode 100644 index.html
 create mode 100644 logfile
To github-swiftsched:UCD-HEAP/Swift_Schedule.git
 + a307409...8f76ecc gh-pages -> gh-pages (forced update)
=== Run finished: Sat Sep 26 14:40:20 IST 2026 ===
=== Run started: Sat Sep 26 14:50:15 IST 2026 ===
[gh-pages ed5a50f] Auto-deploy: 2026-09-26T13:50:15Z
 Date: Tue Sep 15 08:43:09 2026 +0100
 4 files changed, 9732 insertions(+)
 create mode 100644 SwiftScheduleParser.log
 create mode 100644 github-swiftschedule-deploy.log
 create mode 100644 index.html
 create mode 100644 logfile
To github-swiftsched:UCD-HEAP/Swift_Schedule.git
 + 8f76ecc...ed5a50f gh-pages -> gh-pages (forced update)
=== Run finished: Sat Sep 26 14:50:17 IST 2026 ===
=== Run started: Sat Sep 26 15:00:17 IST 2026 ===
[gh-pages 9364385] Auto-deploy: 2026-09-26T14:00:17Z
 Date: Tue Sep 15 08:43:09 2026 +0100
 4 files changed, 9743 insertions(+)
 create mode 100644 SwiftScheduleParser.log
 create mode 100644 github-swiftschedule-deploy.log
 create mode 100644 index.html
 create mode 100644 logfile
To github-swiftsched:UCD-HEAP/Swift_Schedule.git
 + ed5a50f...9364385 gh-pages -> gh-pages (forced update)
=== Run finished: Sat Sep 26 15:00:19 IST 2026 ===
=== Run started: Sat Sep 26 15:10:15 IST 2026 ===
[gh-pages df39343] Auto-deploy: 2026-09-26T14:10:15Z
 Date: Tue Sep 15 08:43:09 2026 +0100
 4 files changed, 9754 insertions(+)
 create mode 100644 SwiftScheduleParser.log
 create mode 100644 github-swiftschedule-deploy.log
 create mode 100644 index.html
 create mode 100644 logfile
To github-swiftsched:UCD-HEAP/Swift_Schedule.git
 + 9364385...df39343 gh-pages -> gh-pages (forced update)
=== Run finished: Sat Sep 26 15:10:17 IST 2026 ===
=== Run started: Sat Sep 26 15:20:18 IST 2026 ===
[gh-pages c1e52f4] Auto-deploy: 2026-09-26T14:20:18Z
 Date: Tue Sep 15 08:43:09 2026 +0100
 4 files changed, 9765 insertions(+)
 create mode 100644 SwiftScheduleParser.log
 create mode 100644 github-swiftschedule-deploy.log
 create mode 100644 index.html
 create mode 100644 logfile
To github-swiftsched:UCD-HEAP/Swift_Schedule.git
 + df39343...c1e52f4 gh-pages -> gh-pages (forced update)
=== Run finished: Sat Sep 26 15:20:19 IST 2026 ===
=== Run started: Sat Sep 26 15:30:15 IST 2026 ===
[gh-pages fe34764] Auto-deploy: 2026-09-26T14:30:15Z
 Date: Tue Sep 15 08:43:09 2026 +0100
 4 files changed, 9776 insertions(+)
 create mode 100644 SwiftScheduleParser.log
 create mode 100644 github-swiftschedule-deploy.log
 create mode 100644 index.html
 create mode 100644 logfile
To github-swiftsched:UCD-HEAP/Swift_Schedule.git
 + c1e52f4...fe34764 gh-pages -> gh-pages (forced update)
=== Run finished: Sat Sep 26 15:30:17 IST 2026 ===
=== Run started: Sat Sep 26 15:40:18 IST 2026 ===
[gh-pages bed7c4d] Auto-deploy: 2026-09-26T14:40:18Z
 Date: Tue Sep 15 08:43:09 2026 +0100
 4 files changed, 9787 insertions(+)
 create mode 100644 SwiftScheduleParser.log
 create mode 100644 github-swiftschedule-deploy.log
 create mode 100644 index.html
 create mode 100644 logfile
To github-swiftsched:UCD-HEAP/Swift_Schedule.git
 + fe34764...bed7c4d gh-pages -> gh-pages (forced update)
=== Run finished: Sat Sep 26 15:40:19 IST 2026 ===
=== Run started: Sat Sep 26 15:50:15 IST 2026 ===
[gh-pages 45dcafe] Auto-deploy: 2026-09-26T14:50:15Z
 Date: Tue Sep 15 08:43:09 2026 +0100
 4 files changed, 9798 insertions(+)
 create mode 100644 SwiftScheduleParser.log
 create mode 100644 github-swiftschedule-deploy.log
 create mode 100644 index.html
 create mode 100644 logfile
To github-swiftsched:UCD-HEAP/Swift_Schedule.git
 + bed7c4d...45dcafe gh-pages -> gh-pages (forced update)
=== Run finished: Sat Sep 26 15:50:17 IST 2026 ===
=== Run started: Sat Sep 26 16:00:18 IST 2026 ===
[gh-pages 9e27f1b] Auto-deploy: 2026-09-26T15:00:18Z
 Date: Tue Sep 15 08:43:09 2026 +0100
 4 files changed, 9809 insertions(+)
 create mode 100644 SwiftScheduleParser.log
 create mode 100644 github-swiftschedule-deploy.log
 create mode 100644 index.html
 create mode 100644 logfile
To github-swiftsched:UCD-HEAP/Swift_Schedule.git
 + 45dcafe...9e27f1b gh-pages -> gh-pages (forced update)
=== Run finished: Sat Sep 26 16:00:20 IST 2026 ===
=== Run started: Sat Sep 26 16:10:15 IST 2026 ===
[gh-pages 6e2236a] Auto-deploy: 2026-09-26T15:10:15Z
 Date: Tue Sep 15 08:43:09 2026 +0100
 4 files changed, 9820 insertions(+)
 create mode 100644 SwiftScheduleParser.log
 create mode 100644 github-swiftschedule-deploy.log
 create mode 100644 index.html
 create mode 100644 logfile
To github-swiftsched:UCD-HEAP/Swift_Schedule.git
 + 9e27f1b...6e2236a gh-pages -> gh-pages (forced update)
=== Run finished: Sat Sep 26 16:10:17 IST 2026 ===
=== Run started: Sat Sep 26 16:20:18 IST 2026 ===
[gh-pages 20c1a88] Auto-deploy: 2026-09-26T15:20:18Z
 Date: Tue Sep 15 08:43:09 2026 +0100
 4 files changed, 9831 insertions(+)
 create mode 100644 SwiftScheduleParser.log
 create mode 100644 github-swiftschedule-deploy.log
 create mode 100644 index.html
 create mode 100644 logfile
To github-swiftsched:UCD-HEAP/Swift_Schedule.git
 + 6e2236a...20c1a88 gh-pages -> gh-pages (forced update)
=== Run finished: Sat Sep 26 16:20:20 IST 2026 ===
=== Run started: Sat Sep 26 16:30:15 IST 2026 ===
[gh-pages ecb5c53] Auto-deploy: 2026-09-26T15:30:15Z
 Date: Tue Sep 15 08:43:09 2026 +0100
 4 files changed, 9842 insertions(+)
 create mode 100644 SwiftScheduleParser.log
 create mode 100644 github-swiftschedule-deploy.log
 create mode 100644 index.html
 create mode 100644 logfile
To github-swiftsched:UCD-HEAP/Swift_Schedule.git
 + 20c1a88...ecb5c53 gh-pages -> gh-pages (forced update)
=== Run finished: Sat Sep 26 16:30:17 IST 2026 ===
=== Run started: Sat Sep 26 16:40:18 IST 2026 ===
[gh-pages 04ecfce] Auto-deploy: 2026-09-26T15:40:18Z
 Date: Tue Sep 15 08:43:09 2026 +0100
 4 files changed, 9853 insertions(+)
 create mode 100644 SwiftScheduleParser.log
 create mode 100644 github-swiftschedule-deploy.log
 create mode 100644 index.html
 create mode 100644 logfile
To github-swiftsched:UCD-HEAP/Swift_Schedule.git
 + ecb5c53...04ecfce gh-pages -> gh-pages (forced update)
=== Run finished: Sat Sep 26 16:40:20 IST 2026 ===
=== Run started: Sat Sep 26 16:50:15 IST 2026 ===
[gh-pages f3f622e] Auto-deploy: 2026-09-26T15:50:15Z
 Date: Tue Sep 15 08:43:09 2026 +0100
 4 files changed, 9864 insertions(+)
 create mode 100644 SwiftScheduleParser.log
 create mode 100644 github-swiftschedule-deploy.log
 create mode 100644 index.html
 create mode 100644 logfile
To github-swiftsched:UCD-HEAP/Swift_Schedule.git
 + 04ecfce...f3f622e gh-pages -> gh-pages (forced update)
=== Run finished: Sat Sep 26 16:50:17 IST 2026 ===
=== Run started: Sat Sep 26 17:00:18 IST 2026 ===
[gh-pages 8162c7f] Auto-deploy: 2026-09-26T16:00:18Z
 Date: Tue Sep 15 08:43:09 2026 +0100
 4 files changed, 9875 insertions(+)
 create mode 100644 SwiftScheduleParser.log
 create mode 100644 github-swiftschedule-deploy.log
 create mode 100644 index.html
 create mode 100644 logfile
To github-swiftsched:UCD-HEAP/Swift_Schedule.git
 + f3f622e...8162c7f gh-pages -> gh-pages (forced update)
=== Run finished: Sat Sep 26 17:00:20 IST 2026 ===
=== Run started: Sat Sep 26 17:10:15 IST 2026 ===
[gh-pages 84549fa] Auto-deploy: 2026-09-26T16:10:15Z
 Date: Tue Sep 15 08:43:09 2026 +0100
 4 files changed, 9886 insertions(+)
 create mode 100644 SwiftScheduleParser.log
 create mode 100644 github-swiftschedule-deploy.log
 create mode 100644 index.html
 create mode 100644 logfile
To github-swiftsched:UCD-HEAP/Swift_Schedule.git
 + 8162c7f...84549fa gh-pages -> gh-pages (forced update)
=== Run finished: Sat Sep 26 17:10:17 IST 2026 ===
=== Run started: Sat Sep 26 17:20:16 IST 2026 ===
[gh-pages 4f6791b] Auto-deploy: 2026-09-26T16:20:16Z
 Date: Tue Sep 15 08:43:09 2026 +0100
 4 files changed, 9897 insertions(+)
 create mode 100644 SwiftScheduleParser.log
 create mode 100644 github-swiftschedule-deploy.log
 create mode 100644 index.html
 create mode 100644 logfile
To github-swiftsched:UCD-HEAP/Swift_Schedule.git
 + 84549fa...4f6791b gh-pages -> gh-pages (forced update)
=== Run finished: Sat Sep 26 17:20:18 IST 2026 ===
=== Run started: Sat Sep 26 17:30:17 IST 2026 ===
[gh-pages 7d958a4] Auto-deploy: 2026-09-26T16:30:17Z
 Date: Tue Sep 15 08:43:09 2026 +0100
 4 files changed, 9908 insertions(+)
 create mode 100644 SwiftScheduleParser.log
 create mode 100644 github-swiftschedule-deploy.log
 create mode 100644 index.html
 create mode 100644 logfile
To github-swiftsched:UCD-HEAP/Swift_Schedule.git
 + 4f6791b...7d958a4 gh-pages -> gh-pages (forced update)
=== Run finished: Sat Sep 26 17:30:19 IST 2026 ===
=== Run started: Sat Sep 26 17:40:15 IST 2026 ===
[gh-pages fef766d] Auto-deploy: 2026-09-26T16:40:15Z
 Date: Tue Sep 15 08:43:09 2026 +0100
 4 files changed, 9919 insertions(+)
 create mode 100644 SwiftScheduleParser.log
 create mode 100644 github-swiftschedule-deploy.log
 create mode 100644 index.html
 create mode 100644 logfile
To github-swiftsched:UCD-HEAP/Swift_Schedule.git
 + 7d958a4...fef766d gh-pages -> gh-pages (forced update)
=== Run finished: Sat Sep 26 17:40:17 IST 2026 ===
=== Run started: Sat Sep 26 17:50:18 IST 2026 ===
[gh-pages 6e9eeab] Auto-deploy: 2026-09-26T16:50:18Z
 Date: Tue Sep 15 08:43:09 2026 +0100
 4 files changed, 9930 insertions(+)
 create mode 100644 SwiftScheduleParser.log
 create mode 100644 github-swiftschedule-deploy.log
 create mode 100644 index.html
 create mode 100644 logfile
To github-swiftsched:UCD-HEAP/Swift_Schedule.git
 + fef766d...6e9eeab gh-pages -> gh-pages (forced update)
=== Run finished: Sat Sep 26 17:50:20 IST 2026 ===
=== Run started: Sat Sep 26 18:00:16 IST 2026 ===
[gh-pages 264b317] Auto-deploy: 2026-09-26T17:00:16Z
 Date: Tue Sep 15 08:43:09 2026 +0100
 4 files changed, 9941 insertions(+)
 create mode 100644 SwiftScheduleParser.log
 create mode 100644 github-swiftschedule-deploy.log
 create mode 100644 index.html
 create mode 100644 logfile
To github-swiftsched:UCD-HEAP/Swift_Schedule.git
 + 6e9eeab...264b317 gh-pages -> gh-pages (forced update)
=== Run finished: Sat Sep 26 18:00:17 IST 2026 ===
=== Run started: Sat Sep 26 18:10:17 IST 2026 ===
[gh-pages 51b85b2] Auto-deploy: 2026-09-26T17:10:17Z
 Date: Tue Sep 15 08:43:09 2026 +0100
 4 files changed, 9952 insertions(+)
 create mode 100644 SwiftScheduleParser.log
 create mode 100644 github-swiftschedule-deploy.log
 create mode 100644 index.html
 create mode 100644 logfile
To github-swiftsched:UCD-HEAP/Swift_Schedule.git
 + 264b317...51b85b2 gh-pages -> gh-pages (forced update)
=== Run finished: Sat Sep 26 18:10:19 IST 2026 ===
=== Run started: Sat Sep 26 18:20:18 IST 2026 ===
[gh-pages bb81204] Auto-deploy: 2026-09-26T17:20:18Z
 Date: Tue Sep 15 08:43:09 2026 +0100
 4 files changed, 9963 insertions(+)
 create mode 100644 SwiftScheduleParser.log
 create mode 100644 github-swiftschedule-deploy.log
 create mode 100644 index.html
 create mode 100644 logfile
To github-swiftsched:UCD-HEAP/Swift_Schedule.git
 + 51b85b2...bb81204 gh-pages -> gh-pages (forced update)
=== Run finished: Sat Sep 26 18:20:20 IST 2026 ===
=== Run started: Sat Sep 26 18:30:15 IST 2026 ===
[gh-pages 4f67ef7] Auto-deploy: 2026-09-26T17:30:15Z
 Date: Tue Sep 15 08:43:09 2026 +0100
 4 files changed, 9974 insertions(+)
 create mode 100644 SwiftScheduleParser.log
 create mode 100644 github-swiftschedule-deploy.log
 create mode 100644 index.html
 create mode 100644 logfile
To github-swiftsched:UCD-HEAP/Swift_Schedule.git
 + bb81204...4f67ef7 gh-pages -> gh-pages (forced update)
=== Run finished: Sat Sep 26 18:30:17 IST 2026 ===
=== Run started: Sat Sep 26 18:40:20 IST 2026 ===
[gh-pages 4db2300] Auto-deploy: 2026-09-26T17:40:20Z
 Date: Tue Sep 15 08:43:09 2026 +0100
 4 files changed, 9985 insertions(+)
 create mode 100644 SwiftScheduleParser.log
 create mode 100644 github-swiftschedule-deploy.log
 create mode 100644 index.html
 create mode 100644 logfile
To github-swiftsched:UCD-HEAP/Swift_Schedule.git
 + 4f67ef7...4db2300 gh-pages -> gh-pages (forced update)
=== Run finished: Sat Sep 26 18:40:21 IST 2026 ===
=== Run started: Sat Sep 26 18:50:16 IST 2026 ===
[gh-pages 3c3ea74] Auto-deploy: 2026-09-26T17:50:16Z
 Date: Tue Sep 15 08:43:09 2026 +0100
 4 files changed, 9996 insertions(+)
 create mode 100644 SwiftScheduleParser.log
 create mode 100644 github-swiftschedule-deploy.log
 create mode 100644 index.html
 create mode 100644 logfile
To github-swiftsched:UCD-HEAP/Swift_Schedule.git
 + 4db2300...3c3ea74 gh-pages -> gh-pages (forced update)
=== Run finished: Sat Sep 26 18:50:17 IST 2026 ===
=== Run started: Sat Sep 26 19:00:17 IST 2026 ===
[gh-pages b0d8497] Auto-deploy: 2026-09-26T18:00:17Z
 Date: Tue Sep 15 08:43:09 2026 +0100
 4 files changed, 10007 insertions(+)
 create mode 100644 SwiftScheduleParser.log
 create mode 100644 github-swiftschedule-deploy.log
 create mode 100644 index.html
 create mode 100644 logfile
To github-swiftsched:UCD-HEAP/Swift_Schedule.git
 + 3c3ea74...b0d8497 gh-pages -> gh-pages (forced update)
=== Run finished: Sat Sep 26 19:00:19 IST 2026 ===
=== Run started: Sat Sep 26 19:10:15 IST 2026 ===
[gh-pages 9ed3a45] Auto-deploy: 2026-09-26T18:10:15Z
 Date: Tue Sep 15 08:43:09 2026 +0100
 4 files changed, 10018 insertions(+)
 create mode 100644 SwiftScheduleParser.log
 create mode 100644 github-swiftschedule-deploy.log
 create mode 100644 index.html
 create mode 100644 logfile
To github-swiftsched:UCD-HEAP/Swift_Schedule.git
 + b0d8497...9ed3a45 gh-pages -> gh-pages (forced update)
=== Run finished: Sat Sep 26 19:10:17 IST 2026 ===
=== Run started: Sat Sep 26 19:20:18 IST 2026 ===
[gh-pages 20e4f96] Auto-deploy: 2026-09-26T18:20:18Z
 Date: Tue Sep 15 08:43:09 2026 +0100
 4 files changed, 10029 insertions(+)
 create mode 100644 SwiftScheduleParser.log
 create mode 100644 github-swiftschedule-deploy.log
 create mode 100644 index.html
 create mode 100644 logfile
To github-swiftsched:UCD-HEAP/Swift_Schedule.git
 + 9ed3a45...20e4f96 gh-pages -> gh-pages (forced update)
=== Run finished: Sat Sep 26 19:20:19 IST 2026 ===
=== Run started: Sat Sep 26 19:30:15 IST 2026 ===
[gh-pages ddd94a4] Auto-deploy: 2026-09-26T18:30:15Z
 Date: Tue Sep 15 08:43:09 2026 +0100
 4 files changed, 10040 insertions(+)
 create mode 100644 SwiftScheduleParser.log
 create mode 100644 github-swiftschedule-deploy.log
 create mode 100644 index.html
 create mode 100644 logfile
To github-swiftsched:UCD-HEAP/Swift_Schedule.git
 + 20e4f96...ddd94a4 gh-pages -> gh-pages (forced update)
=== Run finished: Sat Sep 26 19:30:16 IST 2026 ===
=== Run started: Sat Sep 26 19:40:17 IST 2026 ===
[gh-pages 2cea876] Auto-deploy: 2026-09-26T18:40:17Z
 Date: Tue Sep 15 08:43:09 2026 +0100
 4 files changed, 10051 insertions(+)
 create mode 100644 SwiftScheduleParser.log
 create mode 100644 github-swiftschedule-deploy.log
 create mode 100644 index.html
 create mode 100644 logfile
To github-swiftsched:UCD-HEAP/Swift_Schedule.git
 + ddd94a4...2cea876 gh-pages -> gh-pages (forced update)
=== Run finished: Sat Sep 26 19:40:19 IST 2026 ===
=== Run started: Sat Sep 26 19:50:18 IST 2026 ===
[gh-pages 91cced5] Auto-deploy: 2026-09-26T18:50:18Z
 Date: Tue Sep 15 08:43:09 2026 +0100
 4 files changed, 10062 insertions(+)
 create mode 100644 SwiftScheduleParser.log
 create mode 100644 github-swiftschedule-deploy.log
 create mode 100644 index.html
 create mode 100644 logfile
To github-swiftsched:UCD-HEAP/Swift_Schedule.git
 + 2cea876...91cced5 gh-pages -> gh-pages (forced update)
=== Run finished: Sat Sep 26 19:50:20 IST 2026 ===
=== Run started: Sat Sep 26 20:00:15 IST 2026 ===
[gh-pages 21ce11e] Auto-deploy: 2026-09-26T19:00:15Z
 Date: Tue Sep 15 08:43:09 2026 +0100
 4 files changed, 10073 insertions(+)
 create mode 100644 SwiftScheduleParser.log
 create mode 100644 github-swiftschedule-deploy.log
 create mode 100644 index.html
 create mode 100644 logfile
To github-swiftsched:UCD-HEAP/Swift_Schedule.git
 + 91cced5...21ce11e gh-pages -> gh-pages (forced update)
=== Run finished: Sat Sep 26 20:00:16 IST 2026 ===
=== Run started: Sat Sep 26 20:10:17 IST 2026 ===
[gh-pages 636227c] Auto-deploy: 2026-09-26T19:10:17Z
 Date: Tue Sep 15 08:43:09 2026 +0100
 4 files changed, 10084 insertions(+)
 create mode 100644 SwiftScheduleParser.log
 create mode 100644 github-swiftschedule-deploy.log
 create mode 100644 index.html
 create mode 100644 logfile
To github-swiftsched:UCD-HEAP/Swift_Schedule.git
 + 21ce11e...636227c gh-pages -> gh-pages (forced update)
=== Run finished: Sat Sep 26 20:10:19 IST 2026 ===
=== Run started: Sat Sep 26 20:20:15 IST 2026 ===
[gh-pages 992ab45] Auto-deploy: 2026-09-26T19:20:16Z
 Date: Tue Sep 15 08:43:09 2026 +0100
 4 files changed, 10095 insertions(+)
 create mode 100644 SwiftScheduleParser.log
 create mode 100644 github-swiftschedule-deploy.log
 create mode 100644 index.html
 create mode 100644 logfile
To github-swiftsched:UCD-HEAP/Swift_Schedule.git
 + 636227c...992ab45 gh-pages -> gh-pages (forced update)
=== Run finished: Sat Sep 26 20:20:17 IST 2026 ===
=== Run started: Sat Sep 26 20:30:18 IST 2026 ===
[gh-pages 48515ec] Auto-deploy: 2026-09-26T19:30:18Z
 Date: Tue Sep 15 08:43:09 2026 +0100
 4 files changed, 10106 insertions(+)
 create mode 100644 SwiftScheduleParser.log
 create mode 100644 github-swiftschedule-deploy.log
 create mode 100644 index.html
 create mode 100644 logfile
To github-swiftsched:UCD-HEAP/Swift_Schedule.git
 + 992ab45...48515ec gh-pages -> gh-pages (forced update)
=== Run finished: Sat Sep 26 20:30:20 IST 2026 ===
=== Run started: Sat Sep 26 20:40:16 IST 2026 ===
[gh-pages bcf40cb] Auto-deploy: 2026-09-26T19:40:16Z
 Date: Tue Sep 15 08:43:09 2026 +0100
 4 files changed, 10117 insertions(+)
 create mode 100644 SwiftScheduleParser.log
 create mode 100644 github-swiftschedule-deploy.log
 create mode 100644 index.html
 create mode 100644 logfile
To github-swiftsched:UCD-HEAP/Swift_Schedule.git
 + 48515ec...bcf40cb gh-pages -> gh-pages (forced update)
=== Run finished: Sat Sep 26 20:40:17 IST 2026 ===
=== Run started: Sat Sep 26 20:50:18 IST 2026 ===
[gh-pages 0ace0bf] Auto-deploy: 2026-09-26T19:50:18Z
 Date: Tue Sep 15 08:43:09 2026 +0100
 4 files changed, 10128 insertions(+)
 create mode 100644 SwiftScheduleParser.log
 create mode 100644 github-swiftschedule-deploy.log
 create mode 100644 index.html
 create mode 100644 logfile
To github-swiftsched:UCD-HEAP/Swift_Schedule.git
 + bcf40cb...0ace0bf gh-pages -> gh-pages (forced update)
=== Run finished: Sat Sep 26 20:50:19 IST 2026 ===
=== Run started: Sat Sep 26 21:00:15 IST 2026 ===
[gh-pages ed55c13] Auto-deploy: 2026-09-26T20:00:15Z
 Date: Tue Sep 15 08:43:09 2026 +0100
 4 files changed, 10139 insertions(+)
 create mode 100644 SwiftScheduleParser.log
 create mode 100644 github-swiftschedule-deploy.log
 create mode 100644 index.html
 create mode 100644 logfile
To github-swiftsched:UCD-HEAP/Swift_Schedule.git
 + 0ace0bf...ed55c13 gh-pages -> gh-pages (forced update)
=== Run finished: Sat Sep 26 21:00:16 IST 2026 ===
=== Run started: Sat Sep 26 21:10:18 IST 2026 ===
[gh-pages d5b54f8] Auto-deploy: 2026-09-26T20:10:18Z
 Date: Tue Sep 15 08:43:09 2026 +0100
 4 files changed, 10150 insertions(+)
 create mode 100644 SwiftScheduleParser.log
 create mode 100644 github-swiftschedule-deploy.log
 create mode 100644 index.html
 create mode 100644 logfile
To github-swiftsched:UCD-HEAP/Swift_Schedule.git
 + ed55c13...d5b54f8 gh-pages -> gh-pages (forced update)
=== Run finished: Sat Sep 26 21:10:20 IST 2026 ===
=== Run started: Sat Sep 26 21:20:15 IST 2026 ===
[gh-pages 5b91489] Auto-deploy: 2026-09-26T20:20:15Z
 Date: Tue Sep 15 08:43:09 2026 +0100
 4 files changed, 10161 insertions(+)
 create mode 100644 SwiftScheduleParser.log
 create mode 100644 github-swiftschedule-deploy.log
 create mode 100644 index.html
 create mode 100644 logfile
To github-swiftsched:UCD-HEAP/Swift_Schedule.git
 + d5b54f8...5b91489 gh-pages -> gh-pages (forced update)
=== Run finished: Sat Sep 26 21:20:17 IST 2026 ===
=== Run started: Sat Sep 26 21:30:18 IST 2026 ===
[gh-pages ecdff44] Auto-deploy: 2026-09-26T20:30:18Z
 Date: Tue Sep 15 08:43:09 2026 +0100
 4 files changed, 10172 insertions(+)
 create mode 100644 SwiftScheduleParser.log
 create mode 100644 github-swiftschedule-deploy.log
 create mode 100644 index.html
 create mode 100644 logfile
To github-swiftsched:UCD-HEAP/Swift_Schedule.git
 + 5b91489...ecdff44 gh-pages -> gh-pages (forced update)
=== Run finished: Sat Sep 26 21:30:20 IST 2026 ===
=== Run started: Sat Sep 26 21:40:15 IST 2026 ===
[gh-pages 86a151a] Auto-deploy: 2026-09-26T20:40:15Z
 Date: Tue Sep 15 08:43:09 2026 +0100
 4 files changed, 10183 insertions(+)
 create mode 100644 SwiftScheduleParser.log
 create mode 100644 github-swiftschedule-deploy.log
 create mode 100644 index.html
 create mode 100644 logfile
To github-swiftsched:UCD-HEAP/Swift_Schedule.git
 + ecdff44...86a151a gh-pages -> gh-pages (forced update)
=== Run finished: Sat Sep 26 21:40:16 IST 2026 ===
=== Run started: Sat Sep 26 21:50:17 IST 2026 ===
[gh-pages 07c67c1] Auto-deploy: 2026-09-26T20:50:17Z
 Date: Tue Sep 15 08:43:09 2026 +0100
 4 files changed, 10194 insertions(+)
 create mode 100644 SwiftScheduleParser.log
 create mode 100644 github-swiftschedule-deploy.log
 create mode 100644 index.html
 create mode 100644 logfile
To github-swiftsched:UCD-HEAP/Swift_Schedule.git
 + 86a151a...07c67c1 gh-pages -> gh-pages (forced update)
=== Run finished: Sat Sep 26 21:50:19 IST 2026 ===
=== Run started: Sat Sep 26 22:00:15 IST 2026 ===
[gh-pages 13ee4df] Auto-deploy: 2026-09-26T21:00:15Z
 Date: Tue Sep 15 08:43:09 2026 +0100
 4 files changed, 10205 insertions(+)
 create mode 100644 SwiftScheduleParser.log
 create mode 100644 github-swiftschedule-deploy.log
 create mode 100644 index.html
 create mode 100644 logfile
To github-swiftsched:UCD-HEAP/Swift_Schedule.git
 + 07c67c1...13ee4df gh-pages -> gh-pages (forced update)
=== Run finished: Sat Sep 26 22:00:17 IST 2026 ===
=== Run started: Sat Sep 26 22:10:18 IST 2026 ===
[gh-pages 4c3be82] Auto-deploy: 2026-09-26T21:10:18Z
 Date: Tue Sep 15 08:43:09 2026 +0100
 4 files changed, 10216 insertions(+)
 create mode 100644 SwiftScheduleParser.log
 create mode 100644 github-swiftschedule-deploy.log
 create mode 100644 index.html
 create mode 100644 logfile
To github-swiftsched:UCD-HEAP/Swift_Schedule.git
 + 13ee4df...4c3be82 gh-pages -> gh-pages (forced update)
=== Run finished: Sat Sep 26 22:10:19 IST 2026 ===
=== Run started: Sat Sep 26 22:20:16 IST 2026 ===
[gh-pages de1d5a5] Auto-deploy: 2026-09-26T21:20:16Z
 Date: Tue Sep 15 08:43:09 2026 +0100
 4 files changed, 10227 insertions(+)
 create mode 100644 SwiftScheduleParser.log
 create mode 100644 github-swiftschedule-deploy.log
 create mode 100644 index.html
 create mode 100644 logfile
To github-swiftsched:UCD-HEAP/Swift_Schedule.git
 + 4c3be82...de1d5a5 gh-pages -> gh-pages (forced update)
=== Run finished: Sat Sep 26 22:20:17 IST 2026 ===
=== Run started: Sat Sep 26 22:30:17 IST 2026 ===
[gh-pages e48def3] Auto-deploy: 2026-09-26T21:30:17Z
 Date: Tue Sep 15 08:43:09 2026 +0100
 4 files changed, 10238 insertions(+)
 create mode 100644 SwiftScheduleParser.log
 create mode 100644 github-swiftschedule-deploy.log
 create mode 100644 index.html
 create mode 100644 logfile
To github-swiftsched:UCD-HEAP/Swift_Schedule.git
 + de1d5a5...e48def3 gh-pages -> gh-pages (forced update)
=== Run finished: Sat Sep 26 22:30:19 IST 2026 ===
=== Run started: Sat Sep 26 22:40:15 IST 2026 ===
[gh-pages cfb45e0] Auto-deploy: 2026-09-26T21:40:15Z
 Date: Tue Sep 15 08:43:09 2026 +0100
 4 files changed, 10249 insertions(+)
 create mode 100644 SwiftScheduleParser.log
 create mode 100644 github-swiftschedule-deploy.log
 create mode 100644 index.html
 create mode 100644 logfile
To github-swiftsched:UCD-HEAP/Swift_Schedule.git
 + e48def3...cfb45e0 gh-pages -> gh-pages (forced update)
=== Run finished: Sat Sep 26 22:40:17 IST 2026 ===
=== Run started: Sat Sep 26 22:50:17 IST 2026 ===
[gh-pages f36e3e8] Auto-deploy: 2026-09-26T21:50:17Z
 Date: Tue Sep 15 08:43:09 2026 +0100
 4 files changed, 10260 insertions(+)
 create mode 100644 SwiftScheduleParser.log
 create mode 100644 github-swiftschedule-deploy.log
 create mode 100644 index.html
 create mode 100644 logfile
To github-swiftsched:UCD-HEAP/Swift_Schedule.git
 + cfb45e0...f36e3e8 gh-pages -> gh-pages (forced update)
=== Run finished: Sat Sep 26 22:50:19 IST 2026 ===
=== Run started: Sat Sep 26 23:00:15 IST 2026 ===
[gh-pages 29d36ac] Auto-deploy: 2026-09-26T22:00:15Z
 Date: Tue Sep 15 08:43:09 2026 +0100
 4 files changed, 10271 insertions(+)
 create mode 100644 SwiftScheduleParser.log
 create mode 100644 github-swiftschedule-deploy.log
 create mode 100644 index.html
 create mode 100644 logfile
To github-swiftsched:UCD-HEAP/Swift_Schedule.git
 + f36e3e8...29d36ac gh-pages -> gh-pages (forced update)
=== Run finished: Sat Sep 26 23:00:17 IST 2026 ===
=== Run started: Sat Sep 26 23:10:18 IST 2026 ===
[gh-pages 53b39a9] Auto-deploy: 2026-09-26T22:10:18Z
 Date: Tue Sep 15 08:43:09 2026 +0100
 4 files changed, 10282 insertions(+)
 create mode 100644 SwiftScheduleParser.log
 create mode 100644 github-swiftschedule-deploy.log
 create mode 100644 index.html
 create mode 100644 logfile
To github-swiftsched:UCD-HEAP/Swift_Schedule.git
 + 29d36ac...53b39a9 gh-pages -> gh-pages (forced update)
=== Run finished: Sat Sep 26 23:10:20 IST 2026 ===
=== Run started: Sat Sep 26 23:20:15 IST 2026 ===
[gh-pages e467ea8] Auto-deploy: 2026-09-26T22:20:15Z
 Date: Tue Sep 15 08:43:09 2026 +0100
 4 files changed, 10293 insertions(+)
 create mode 100644 SwiftScheduleParser.log
 create mode 100644 github-swiftschedule-deploy.log
 create mode 100644 index.html
 create mode 100644 logfile
To github-swiftsched:UCD-HEAP/Swift_Schedule.git
 + 53b39a9...e467ea8 gh-pages -> gh-pages (forced update)
=== Run finished: Sat Sep 26 23:20:17 IST 2026 ===
=== Run started: Sat Sep 26 23:30:17 IST 2026 ===
[gh-pages d90609e] Auto-deploy: 2026-09-26T22:30:17Z
 Date: Tue Sep 15 08:43:09 2026 +0100
 4 files changed, 10304 insertions(+)
 create mode 100644 SwiftScheduleParser.log
 create mode 100644 github-swiftschedule-deploy.log
 create mode 100644 index.html
 create mode 100644 logfile
To github-swiftsched:UCD-HEAP/Swift_Schedule.git
 + e467ea8...d90609e gh-pages -> gh-pages (forced update)
=== Run finished: Sat Sep 26 23:30:19 IST 2026 ===
=== Run started: Sat Sep 26 23:40:18 IST 2026 ===
[gh-pages 7b54e42] Auto-deploy: 2026-09-26T22:40:18Z
 Date: Tue Sep 15 08:43:09 2026 +0100
 4 files changed, 10315 insertions(+)
 create mode 100644 SwiftScheduleParser.log
 create mode 100644 github-swiftschedule-deploy.log
 create mode 100644 index.html
 create mode 100644 logfile
To github-swiftsched:UCD-HEAP/Swift_Schedule.git
 + d90609e...7b54e42 gh-pages -> gh-pages (forced update)
=== Run finished: Sat Sep 26 23:40:20 IST 2026 ===
=== Run started: Sat Sep 26 23:50:15 IST 2026 ===
[gh-pages 3f2844a] Auto-deploy: 2026-09-26T22:50:15Z
 Date: Tue Sep 15 08:43:09 2026 +0100
 4 files changed, 10326 insertions(+)
 create mode 100644 SwiftScheduleParser.log
 create mode 100644 github-swiftschedule-deploy.log
 create mode 100644 index.html
 create mode 100644 logfile
To github-swiftsched:UCD-HEAP/Swift_Schedule.git
 + 7b54e42...3f2844a gh-pages -> gh-pages (forced update)
=== Run finished: Sat Sep 26 23:50:17 IST 2026 ===
=== Run started: Sun Sep 27 00:00:17 IST 2026 ===
[gh-pages ea70d4b] Auto-deploy: 2026-09-26T23:00:17Z
 Date: Tue Sep 15 08:43:09 2026 +0100
 4 files changed, 10337 insertions(+)
 create mode 100644 SwiftScheduleParser.log
 create mode 100644 github-swiftschedule-deploy.log
 create mode 100644 index.html
 create mode 100644 logfile
To github-swiftsched:UCD-HEAP/Swift_Schedule.git
 + 3f2844a...ea70d4b gh-pages -> gh-pages (forced update)
=== Run finished: Sun Sep 27 00:00:19 IST 2026 ===
=== Run started: Sun Sep 27 00:10:15 IST 2026 ===
[gh-pages be900b8] Auto-deploy: 2026-09-26T23:10:15Z
 Date: Tue Sep 15 08:43:09 2026 +0100
 4 files changed, 10348 insertions(+)
 create mode 100644 SwiftScheduleParser.log
 create mode 100644 github-swiftschedule-deploy.log
 create mode 100644 index.html
 create mode 100644 logfile
To github-swiftsched:UCD-HEAP/Swift_Schedule.git
 + ea70d4b...be900b8 gh-pages -> gh-pages (forced update)
=== Run finished: Sun Sep 27 00:10:17 IST 2026 ===
=== Run started: Sun Sep 27 00:20:18 IST 2026 ===
[gh-pages b25706c] Auto-deploy: 2026-09-26T23:20:18Z
 Date: Tue Sep 15 08:43:09 2026 +0100
 4 files changed, 10359 insertions(+)
 create mode 100644 SwiftScheduleParser.log
 create mode 100644 github-swiftschedule-deploy.log
 create mode 100644 index.html
 create mode 100644 logfile
To github-swiftsched:UCD-HEAP/Swift_Schedule.git
 + be900b8...b25706c gh-pages -> gh-pages (forced update)
=== Run finished: Sun Sep 27 00:20:19 IST 2026 ===
=== Run started: Sun Sep 27 00:30:15 IST 2026 ===
[gh-pages c414cd1] Auto-deploy: 2026-09-26T23:30:15Z
 Date: Tue Sep 15 08:43:09 2026 +0100
 4 files changed, 10370 insertions(+)
 create mode 100644 SwiftScheduleParser.log
 create mode 100644 github-swiftschedule-deploy.log
 create mode 100644 index.html
 create mode 100644 logfile
To github-swiftsched:UCD-HEAP/Swift_Schedule.git
 + b25706c...c414cd1 gh-pages -> gh-pages (forced update)
=== Run finished: Sun Sep 27 00:30:16 IST 2026 ===
=== Run started: Sun Sep 27 00:40:18 IST 2026 ===
[gh-pages a2911e3] Auto-deploy: 2026-09-26T23:40:18Z
 Date: Tue Sep 15 08:43:09 2026 +0100
 4 files changed, 10381 insertions(+)
 create mode 100644 SwiftScheduleParser.log
 create mode 100644 github-swiftschedule-deploy.log
 create mode 100644 index.html
 create mode 100644 logfile
To github-swiftsched:UCD-HEAP/Swift_Schedule.git
 + c414cd1...a2911e3 gh-pages -> gh-pages (forced update)
=== Run finished: Sun Sep 27 00:40:20 IST 2026 ===
=== Run started: Sun Sep 27 00:50:15 IST 2026 ===
[gh-pages ad34d5e] Auto-deploy: 2026-09-26T23:50:15Z
 Date: Tue Sep 15 08:43:09 2026 +0100
 4 files changed, 10392 insertions(+)
 create mode 100644 SwiftScheduleParser.log
 create mode 100644 github-swiftschedule-deploy.log
 create mode 100644 index.html
 create mode 100644 logfile
To github-swiftsched:UCD-HEAP/Swift_Schedule.git
 + a2911e3...ad34d5e gh-pages -> gh-pages (forced update)
=== Run finished: Sun Sep 27 00:50:17 IST 2026 ===
=== Run started: Sun Sep 27 01:00:17 IST 2026 ===
[gh-pages e3ffd46] Auto-deploy: 2026-09-27T00:00:17Z
 Date: Tue Sep 15 08:43:09 2026 +0100
 4 files changed, 10349 insertions(+)
 create mode 100644 SwiftScheduleParser.log
 create mode 100644 github-swiftschedule-deploy.log
 create mode 100644 index.html
 create mode 100644 logfile
To github-swiftsched:UCD-HEAP/Swift_Schedule.git
 + ad34d5e...e3ffd46 gh-pages -> gh-pages (forced update)
=== Run finished: Sun Sep 27 01:00:19 IST 2026 ===
=== Run started: Sun Sep 27 01:10:17 IST 2026 ===
[gh-pages b1e985a] Auto-deploy: 2026-09-27T00:10:17Z
 Date: Tue Sep 15 08:43:09 2026 +0100
 4 files changed, 10360 insertions(+)
 create mode 100644 SwiftScheduleParser.log
 create mode 100644 github-swiftschedule-deploy.log
 create mode 100644 index.html
 create mode 100644 logfile
To github-swiftsched:UCD-HEAP/Swift_Schedule.git
 + e3ffd46...b1e985a gh-pages -> gh-pages (forced update)
=== Run finished: Sun Sep 27 01:10:19 IST 2026 ===
=== Run started: Sun Sep 27 01:20:15 IST 2026 ===
[gh-pages 70cd81a] Auto-deploy: 2026-09-27T00:20:15Z
 Date: Tue Sep 15 08:43:09 2026 +0100
 4 files changed, 10371 insertions(+)
 create mode 100644 SwiftScheduleParser.log
 create mode 100644 github-swiftschedule-deploy.log
 create mode 100644 index.html
 create mode 100644 logfile
To github-swiftsched:UCD-HEAP/Swift_Schedule.git
 + b1e985a...70cd81a gh-pages -> gh-pages (forced update)
=== Run finished: Sun Sep 27 01:20:17 IST 2026 ===
=== Run started: Sun Sep 27 01:30:17 IST 2026 ===
[gh-pages 6d65f5d] Auto-deploy: 2026-09-27T00:30:17Z
 Date: Tue Sep 15 08:43:09 2026 +0100
 4 files changed, 10382 insertions(+)
 create mode 100644 SwiftScheduleParser.log
 create mode 100644 github-swiftschedule-deploy.log
 create mode 100644 index.html
 create mode 100644 logfile
To github-swiftsched:UCD-HEAP/Swift_Schedule.git
 + 70cd81a...6d65f5d gh-pages -> gh-pages (forced update)
=== Run finished: Sun Sep 27 01:30:19 IST 2026 ===
=== Run started: Sun Sep 27 01:40:15 IST 2026 ===
[gh-pages 21be75e] Auto-deploy: 2026-09-27T00:40:15Z
 Date: Tue Sep 15 08:43:09 2026 +0100
 4 files changed, 10393 insertions(+)
 create mode 100644 SwiftScheduleParser.log
 create mode 100644 github-swiftschedule-deploy.log
 create mode 100644 index.html
 create mode 100644 logfile
To github-swiftsched:UCD-HEAP/Swift_Schedule.git
 + 6d65f5d...21be75e gh-pages -> gh-pages (forced update)
=== Run finished: Sun Sep 27 01:40:17 IST 2026 ===
=== Run started: Sun Sep 27 01:50:17 IST 2026 ===
[gh-pages 2c94dd1] Auto-deploy: 2026-09-27T00:50:17Z
 Date: Tue Sep 15 08:43:09 2026 +0100
 4 files changed, 10404 insertions(+)
 create mode 100644 SwiftScheduleParser.log
 create mode 100644 github-swiftschedule-deploy.log
 create mode 100644 index.html
 create mode 100644 logfile
To github-swiftsched:UCD-HEAP/Swift_Schedule.git
 + 21be75e...2c94dd1 gh-pages -> gh-pages (forced update)
=== Run finished: Sun Sep 27 01:50:18 IST 2026 ===
=== Run started: Sun Sep 27 02:00:17 IST 2026 ===
[gh-pages e186605] Auto-deploy: 2026-09-27T01:00:17Z
 Date: Tue Sep 15 08:43:09 2026 +0100
 4 files changed, 10415 insertions(+)
 create mode 100644 SwiftScheduleParser.log
 create mode 100644 github-swiftschedule-deploy.log
 create mode 100644 index.html
 create mode 100644 logfile
To github-swiftsched:UCD-HEAP/Swift_Schedule.git
 + 2c94dd1...e186605 gh-pages -> gh-pages (forced update)
=== Run finished: Sun Sep 27 02:00:19 IST 2026 ===
=== Run started: Sun Sep 27 02:10:15 IST 2026 ===
[gh-pages 054b772] Auto-deploy: 2026-09-27T01:10:15Z
 Date: Tue Sep 15 08:43:09 2026 +0100
 4 files changed, 10426 insertions(+)
 create mode 100644 SwiftScheduleParser.log
 create mode 100644 github-swiftschedule-deploy.log
 create mode 100644 index.html
 create mode 100644 logfile
To github-swiftsched:UCD-HEAP/Swift_Schedule.git
 + e186605...054b772 gh-pages -> gh-pages (forced update)
=== Run finished: Sun Sep 27 02:10:17 IST 2026 ===
=== Run started: Sun Sep 27 02:20:16 IST 2026 ===
[gh-pages bcb34f1] Auto-deploy: 2026-09-27T01:20:16Z
 Date: Tue Sep 15 08:43:09 2026 +0100
 4 files changed, 10437 insertions(+)
 create mode 100644 SwiftScheduleParser.log
 create mode 100644 github-swiftschedule-deploy.log
 create mode 100644 index.html
 create mode 100644 logfile
To github-swiftsched:UCD-HEAP/Swift_Schedule.git
 + 054b772...bcb34f1 gh-pages -> gh-pages (forced update)
=== Run finished: Sun Sep 27 02:20:18 IST 2026 ===
=== Run started: Sun Sep 27 02:30:18 IST 2026 ===
[gh-pages 9975baa] Auto-deploy: 2026-09-27T01:30:18Z
 Date: Tue Sep 15 08:43:09 2026 +0100
 4 files changed, 10448 insertions(+)
 create mode 100644 SwiftScheduleParser.log
 create mode 100644 github-swiftschedule-deploy.log
 create mode 100644 index.html
 create mode 100644 logfile
To github-swiftsched:UCD-HEAP/Swift_Schedule.git
 + bcb34f1...9975baa gh-pages -> gh-pages (forced update)
=== Run finished: Sun Sep 27 02:30:20 IST 2026 ===
=== Run started: Sun Sep 27 02:40:15 IST 2026 ===
[gh-pages 398fb63] Auto-deploy: 2026-09-27T01:40:15Z
 Date: Tue Sep 15 08:43:09 2026 +0100
 4 files changed, 10459 insertions(+)
 create mode 100644 SwiftScheduleParser.log
 create mode 100644 github-swiftschedule-deploy.log
 create mode 100644 index.html
 create mode 100644 logfile
To github-swiftsched:UCD-HEAP/Swift_Schedule.git
 + 9975baa...398fb63 gh-pages -> gh-pages (forced update)
=== Run finished: Sun Sep 27 02:40:17 IST 2026 ===
=== Run started: Sun Sep 27 02:50:18 IST 2026 ===
[gh-pages cfeb0df] Auto-deploy: 2026-09-27T01:50:18Z
 Date: Tue Sep 15 08:43:09 2026 +0100
 4 files changed, 10470 insertions(+)
 create mode 100644 SwiftScheduleParser.log
 create mode 100644 github-swiftschedule-deploy.log
 create mode 100644 index.html
 create mode 100644 logfile
To github-swiftsched:UCD-HEAP/Swift_Schedule.git
 + 398fb63...cfeb0df gh-pages -> gh-pages (forced update)
=== Run finished: Sun Sep 27 02:50:19 IST 2026 ===
=== Run started: Sun Sep 27 03:00:18 IST 2026 ===
[gh-pages d4ce424] Auto-deploy: 2026-09-27T02:00:18Z
 Date: Tue Sep 15 08:43:09 2026 +0100
 4 files changed, 10481 insertions(+)
 create mode 100644 SwiftScheduleParser.log
 create mode 100644 github-swiftschedule-deploy.log
 create mode 100644 index.html
 create mode 100644 logfile
To github-swiftsched:UCD-HEAP/Swift_Schedule.git
 + cfeb0df...d4ce424 gh-pages -> gh-pages (forced update)
=== Run finished: Sun Sep 27 03:00:20 IST 2026 ===
=== Run started: Sun Sep 27 03:10:14 IST 2026 ===
[gh-pages 2c97ebb] Auto-deploy: 2026-09-27T02:10:14Z
 Date: Tue Sep 15 08:43:09 2026 +0100
 4 files changed, 10492 insertions(+)
 create mode 100644 SwiftScheduleParser.log
 create mode 100644 github-swiftschedule-deploy.log
 create mode 100644 index.html
 create mode 100644 logfile
To github-swiftsched:UCD-HEAP/Swift_Schedule.git
 + d4ce424...2c97ebb gh-pages -> gh-pages (forced update)
=== Run finished: Sun Sep 27 03:10:16 IST 2026 ===
=== Run started: Sun Sep 27 03:20:18 IST 2026 ===
[gh-pages 4b26e04] Auto-deploy: 2026-09-27T02:20:18Z
 Date: Tue Sep 15 08:43:09 2026 +0100
 4 files changed, 10503 insertions(+)
 create mode 100644 SwiftScheduleParser.log
 create mode 100644 github-swiftschedule-deploy.log
 create mode 100644 index.html
 create mode 100644 logfile
To github-swiftsched:UCD-HEAP/Swift_Schedule.git
 + 2c97ebb...4b26e04 gh-pages -> gh-pages (forced update)
=== Run finished: Sun Sep 27 03:20:19 IST 2026 ===
=== Run started: Sun Sep 27 03:30:16 IST 2026 ===
[gh-pages 9172092] Auto-deploy: 2026-09-27T02:30:16Z
 Date: Tue Sep 15 08:43:09 2026 +0100
 4 files changed, 10514 insertions(+)
 create mode 100644 SwiftScheduleParser.log
 create mode 100644 github-swiftschedule-deploy.log
 create mode 100644 index.html
 create mode 100644 logfile
To github-swiftsched:UCD-HEAP/Swift_Schedule.git
 + 4b26e04...9172092 gh-pages -> gh-pages (forced update)
=== Run finished: Sun Sep 27 03:30:17 IST 2026 ===
=== Run started: Sun Sep 27 03:40:16 IST 2026 ===
[gh-pages b9211b4] Auto-deploy: 2026-09-27T02:40:16Z
 Date: Tue Sep 15 08:43:09 2026 +0100
 4 files changed, 10525 insertions(+)
 create mode 100644 SwiftScheduleParser.log
 create mode 100644 github-swiftschedule-deploy.log
 create mode 100644 index.html
 create mode 100644 logfile
To github-swiftsched:UCD-HEAP/Swift_Schedule.git
 + 9172092...b9211b4 gh-pages -> gh-pages (forced update)
=== Run finished: Sun Sep 27 03:40:17 IST 2026 ===
=== Run started: Sun Sep 27 03:50:18 IST 2026 ===
[gh-pages 23c809d] Auto-deploy: 2026-09-27T02:50:18Z
 Date: Tue Sep 15 08:43:09 2026 +0100
 4 files changed, 10536 insertions(+)
 create mode 100644 SwiftScheduleParser.log
 create mode 100644 github-swiftschedule-deploy.log
 create mode 100644 index.html
 create mode 100644 logfile
To github-swiftsched:UCD-HEAP/Swift_Schedule.git
 + b9211b4...23c809d gh-pages -> gh-pages (forced update)
=== Run finished: Sun Sep 27 03:50:20 IST 2026 ===
=== Run started: Sun Sep 27 04:00:15 IST 2026 ===
[gh-pages d3c1a77] Auto-deploy: 2026-09-27T03:00:15Z
 Date: Tue Sep 15 08:43:09 2026 +0100
 4 files changed, 10547 insertions(+)
 create mode 100644 SwiftScheduleParser.log
 create mode 100644 github-swiftschedule-deploy.log
 create mode 100644 index.html
 create mode 100644 logfile
To github-swiftsched:UCD-HEAP/Swift_Schedule.git
 + 23c809d...d3c1a77 gh-pages -> gh-pages (forced update)
=== Run finished: Sun Sep 27 04:00:17 IST 2026 ===
=== Run started: Sun Sep 27 04:10:17 IST 2026 ===
[gh-pages 616863a] Auto-deploy: 2026-09-27T03:10:17Z
 Date: Tue Sep 15 08:43:09 2026 +0100
 4 files changed, 10558 insertions(+)
 create mode 100644 SwiftScheduleParser.log
 create mode 100644 github-swiftschedule-deploy.log
 create mode 100644 index.html
 create mode 100644 logfile
To github-swiftsched:UCD-HEAP/Swift_Schedule.git
 + d3c1a77...616863a gh-pages -> gh-pages (forced update)
=== Run finished: Sun Sep 27 04:10:18 IST 2026 ===
=== Run started: Sun Sep 27 04:20:18 IST 2026 ===
[gh-pages da19c7b] Auto-deploy: 2026-09-27T03:20:18Z
 Date: Tue Sep 15 08:43:09 2026 +0100
 4 files changed, 10569 insertions(+)
 create mode 100644 SwiftScheduleParser.log
 create mode 100644 github-swiftschedule-deploy.log
 create mode 100644 index.html
 create mode 100644 logfile
To github-swiftsched:UCD-HEAP/Swift_Schedule.git
 + 616863a...da19c7b gh-pages -> gh-pages (forced update)
=== Run finished: Sun Sep 27 04:20:20 IST 2026 ===
=== Run started: Sun Sep 27 04:30:15 IST 2026 ===
[gh-pages fa25551] Auto-deploy: 2026-09-27T03:30:15Z
 Date: Tue Sep 15 08:43:09 2026 +0100
 4 files changed, 10580 insertions(+)
 create mode 100644 SwiftScheduleParser.log
 create mode 100644 github-swiftschedule-deploy.log
 create mode 100644 index.html
 create mode 100644 logfile
To github-swiftsched:UCD-HEAP/Swift_Schedule.git
 + da19c7b...fa25551 gh-pages -> gh-pages (forced update)
=== Run finished: Sun Sep 27 04:30:17 IST 2026 ===
=== Run started: Sun Sep 27 04:40:18 IST 2026 ===
[gh-pages 8fec6ac] Auto-deploy: 2026-09-27T03:40:18Z
 Date: Tue Sep 15 08:43:09 2026 +0100
 4 files changed, 10591 insertions(+)
 create mode 100644 SwiftScheduleParser.log
 create mode 100644 github-swiftschedule-deploy.log
 create mode 100644 index.html
 create mode 100644 logfile
To github-swiftsched:UCD-HEAP/Swift_Schedule.git
 + fa25551...8fec6ac gh-pages -> gh-pages (forced update)
=== Run finished: Sun Sep 27 04:40:19 IST 2026 ===
=== Run started: Sun Sep 27 04:50:18 IST 2026 ===
[gh-pages 0d62f7e] Auto-deploy: 2026-09-27T03:50:18Z
 Date: Tue Sep 15 08:43:09 2026 +0100
 4 files changed, 10602 insertions(+)
 create mode 100644 SwiftScheduleParser.log
 create mode 100644 github-swiftschedule-deploy.log
 create mode 100644 index.html
 create mode 100644 logfile
To github-swiftsched:UCD-HEAP/Swift_Schedule.git
 + 8fec6ac...0d62f7e gh-pages -> gh-pages (forced update)
=== Run finished: Sun Sep 27 04:50:20 IST 2026 ===
=== Run started: Sun Sep 27 05:00:15 IST 2026 ===
[gh-pages e420626] Auto-deploy: 2026-09-27T04:00:15Z
 Date: Tue Sep 15 08:43:09 2026 +0100
 4 files changed, 10613 insertions(+)
 create mode 100644 SwiftScheduleParser.log
 create mode 100644 github-swiftschedule-deploy.log
 create mode 100644 index.html
 create mode 100644 logfile
To github-swiftsched:UCD-HEAP/Swift_Schedule.git
 + 0d62f7e...e420626 gh-pages -> gh-pages (forced update)
=== Run finished: Sun Sep 27 05:00:16 IST 2026 ===
=== Run started: Sun Sep 27 05:10:17 IST 2026 ===
[gh-pages e5edbac] Auto-deploy: 2026-09-27T04:10:17Z
 Date: Tue Sep 15 08:43:09 2026 +0100
 4 files changed, 10624 insertions(+)
 create mode 100644 SwiftScheduleParser.log
 create mode 100644 github-swiftschedule-deploy.log
 create mode 100644 index.html
 create mode 100644 logfile
To github-swiftsched:UCD-HEAP/Swift_Schedule.git
 + e420626...e5edbac gh-pages -> gh-pages (forced update)
=== Run finished: Sun Sep 27 05:10:18 IST 2026 ===
=== Run started: Sun Sep 27 05:20:15 IST 2026 ===
[gh-pages 0ccc117] Auto-deploy: 2026-09-27T04:20:15Z
 Date: Tue Sep 15 08:43:09 2026 +0100
 4 files changed, 10635 insertions(+)
 create mode 100644 SwiftScheduleParser.log
 create mode 100644 github-swiftschedule-deploy.log
 create mode 100644 index.html
 create mode 100644 logfile
To github-swiftsched:UCD-HEAP/Swift_Schedule.git
 + e5edbac...0ccc117 gh-pages -> gh-pages (forced update)
=== Run finished: Sun Sep 27 05:20:17 IST 2026 ===
=== Run started: Sun Sep 27 05:30:18 IST 2026 ===
[gh-pages 64b0933] Auto-deploy: 2026-09-27T04:30:18Z
 Date: Tue Sep 15 08:43:09 2026 +0100
 4 files changed, 10646 insertions(+)
 create mode 100644 SwiftScheduleParser.log
 create mode 100644 github-swiftschedule-deploy.log
 create mode 100644 index.html
 create mode 100644 logfile
To github-swiftsched:UCD-HEAP/Swift_Schedule.git
 + 0ccc117...64b0933 gh-pages -> gh-pages (forced update)
=== Run finished: Sun Sep 27 05:30:19 IST 2026 ===
=== Run started: Sun Sep 27 05:40:16 IST 2026 ===
[gh-pages dd58275] Auto-deploy: 2026-09-27T04:40:17Z
 Date: Tue Sep 15 08:43:09 2026 +0100
 4 files changed, 10657 insertions(+)
 create mode 100644 SwiftScheduleParser.log
 create mode 100644 github-swiftschedule-deploy.log
 create mode 100644 index.html
 create mode 100644 logfile
To github-swiftsched:UCD-HEAP/Swift_Schedule.git
 + 64b0933...dd58275 gh-pages -> gh-pages (forced update)
=== Run finished: Sun Sep 27 05:40:18 IST 2026 ===
=== Run started: Sun Sep 27 05:50:17 IST 2026 ===
[gh-pages a9a29e7] Auto-deploy: 2026-09-27T04:50:17Z
 Date: Tue Sep 15 08:43:09 2026 +0100
 4 files changed, 10668 insertions(+)
 create mode 100644 SwiftScheduleParser.log
 create mode 100644 github-swiftschedule-deploy.log
 create mode 100644 index.html
 create mode 100644 logfile
To github-swiftsched:UCD-HEAP/Swift_Schedule.git
 + dd58275...a9a29e7 gh-pages -> gh-pages (forced update)
=== Run finished: Sun Sep 27 05:50:18 IST 2026 ===
=== Run started: Sun Sep 27 06:00:18 IST 2026 ===
[gh-pages ab78582] Auto-deploy: 2026-09-27T05:00:18Z
 Date: Tue Sep 15 08:43:09 2026 +0100
 4 files changed, 10679 insertions(+)
 create mode 100644 SwiftScheduleParser.log
 create mode 100644 github-swiftschedule-deploy.log
 create mode 100644 index.html
 create mode 100644 logfile
To github-swiftsched:UCD-HEAP/Swift_Schedule.git
 + a9a29e7...ab78582 gh-pages -> gh-pages (forced update)
=== Run finished: Sun Sep 27 06:00:19 IST 2026 ===
=== Run started: Sun Sep 27 06:10:15 IST 2026 ===
[gh-pages 6d02289] Auto-deploy: 2026-09-27T05:10:16Z
 Date: Tue Sep 15 08:43:09 2026 +0100
 4 files changed, 10690 insertions(+)
 create mode 100644 SwiftScheduleParser.log
 create mode 100644 github-swiftschedule-deploy.log
 create mode 100644 index.html
 create mode 100644 logfile
To github-swiftsched:UCD-HEAP/Swift_Schedule.git
 + ab78582...6d02289 gh-pages -> gh-pages (forced update)
=== Run finished: Sun Sep 27 06:10:17 IST 2026 ===
=== Run started: Sun Sep 27 06:20:19 IST 2026 ===
[gh-pages 24187ec] Auto-deploy: 2026-09-27T05:20:19Z
 Date: Tue Sep 15 08:43:09 2026 +0100
 4 files changed, 10701 insertions(+)
 create mode 100644 SwiftScheduleParser.log
 create mode 100644 github-swiftschedule-deploy.log
 create mode 100644 index.html
 create mode 100644 logfile
To github-swiftsched:UCD-HEAP/Swift_Schedule.git
 + 6d02289...24187ec gh-pages -> gh-pages (forced update)
=== Run finished: Sun Sep 27 06:20:21 IST 2026 ===
=== Run started: Sun Sep 27 06:30:15 IST 2026 ===
[gh-pages 756b72d] Auto-deploy: 2026-09-27T05:30:15Z
 Date: Tue Sep 15 08:43:09 2026 +0100
 4 files changed, 10712 insertions(+)
 create mode 100644 SwiftScheduleParser.log
 create mode 100644 github-swiftschedule-deploy.log
 create mode 100644 index.html
 create mode 100644 logfile
To github-swiftsched:UCD-HEAP/Swift_Schedule.git
 + 24187ec...756b72d gh-pages -> gh-pages (forced update)
=== Run finished: Sun Sep 27 06:30:17 IST 2026 ===
=== Run started: Sun Sep 27 06:40:18 IST 2026 ===
[gh-pages 05461f9] Auto-deploy: 2026-09-27T05:40:18Z
 Date: Tue Sep 15 08:43:09 2026 +0100
 4 files changed, 10723 insertions(+)
 create mode 100644 SwiftScheduleParser.log
 create mode 100644 github-swiftschedule-deploy.log
 create mode 100644 index.html
 create mode 100644 logfile
To github-swiftsched:UCD-HEAP/Swift_Schedule.git
 + 756b72d...05461f9 gh-pages -> gh-pages (forced update)
=== Run finished: Sun Sep 27 06:40:20 IST 2026 ===
=== Run started: Sun Sep 27 06:50:16 IST 2026 ===
[gh-pages 0c9d2b3] Auto-deploy: 2026-09-27T05:50:16Z
 Date: Tue Sep 15 08:43:09 2026 +0100
 4 files changed, 10734 insertions(+)
 create mode 100644 SwiftScheduleParser.log
 create mode 100644 github-swiftschedule-deploy.log
 create mode 100644 index.html
 create mode 100644 logfile
To github-swiftsched:UCD-HEAP/Swift_Schedule.git
 + 05461f9...0c9d2b3 gh-pages -> gh-pages (forced update)
=== Run finished: Sun Sep 27 06:50:18 IST 2026 ===
=== Run started: Sun Sep 27 07:00:18 IST 2026 ===
[gh-pages 3ee07ed] Auto-deploy: 2026-09-27T06:00:18Z
 Date: Tue Sep 15 08:43:09 2026 +0100
 4 files changed, 10745 insertions(+)
 create mode 100644 SwiftScheduleParser.log
 create mode 100644 github-swiftschedule-deploy.log
 create mode 100644 index.html
 create mode 100644 logfile
To github-swiftsched:UCD-HEAP/Swift_Schedule.git
 + 0c9d2b3...3ee07ed gh-pages -> gh-pages (forced update)
=== Run finished: Sun Sep 27 07:00:20 IST 2026 ===
=== Run started: Sun Sep 27 07:10:16 IST 2026 ===
[gh-pages 78ce16f] Auto-deploy: 2026-09-27T06:10:16Z
 Date: Tue Sep 15 08:43:09 2026 +0100
 4 files changed, 10756 insertions(+)
 create mode 100644 SwiftScheduleParser.log
 create mode 100644 github-swiftschedule-deploy.log
 create mode 100644 index.html
 create mode 100644 logfile
To github-swiftsched:UCD-HEAP/Swift_Schedule.git
 + 3ee07ed...78ce16f gh-pages -> gh-pages (forced update)
=== Run finished: Sun Sep 27 07:10:17 IST 2026 ===
=== Run started: Sun Sep 27 07:20:18 IST 2026 ===
[gh-pages bfd01e4] Auto-deploy: 2026-09-27T06:20:18Z
 Date: Tue Sep 15 08:43:09 2026 +0100
 4 files changed, 10767 insertions(+)
 create mode 100644 SwiftScheduleParser.log
 create mode 100644 github-swiftschedule-deploy.log
 create mode 100644 index.html
 create mode 100644 logfile
To github-swiftsched:UCD-HEAP/Swift_Schedule.git
 + 78ce16f...bfd01e4 gh-pages -> gh-pages (forced update)
=== Run finished: Sun Sep 27 07:20:20 IST 2026 ===
=== Run started: Sun Sep 27 07:30:18 IST 2026 ===
[gh-pages c00caf0] Auto-deploy: 2026-09-27T06:30:19Z
 Date: Tue Sep 15 08:43:09 2026 +0100
 4 files changed, 10778 insertions(+)
 create mode 100644 SwiftScheduleParser.log
 create mode 100644 github-swiftschedule-deploy.log
 create mode 100644 index.html
 create mode 100644 logfile
To github-swiftsched:UCD-HEAP/Swift_Schedule.git
 + bfd01e4...c00caf0 gh-pages -> gh-pages (forced update)
=== Run finished: Sun Sep 27 07:30:20 IST 2026 ===
=== Run started: Sun Sep 27 07:40:19 IST 2026 ===
[gh-pages 6ba6fb9] Auto-deploy: 2026-09-27T06:40:19Z
 Date: Tue Sep 15 08:43:09 2026 +0100
 4 files changed, 10789 insertions(+)
 create mode 100644 SwiftScheduleParser.log
 create mode 100644 github-swiftschedule-deploy.log
 create mode 100644 index.html
 create mode 100644 logfile
To github-swiftsched:UCD-HEAP/Swift_Schedule.git
 + c00caf0...6ba6fb9 gh-pages -> gh-pages (forced update)
=== Run finished: Sun Sep 27 07:40:20 IST 2026 ===
=== Run started: Sun Sep 27 07:50:16 IST 2026 ===
[gh-pages 9fd3504] Auto-deploy: 2026-09-27T06:50:16Z
 Date: Tue Sep 15 08:43:09 2026 +0100
 4 files changed, 10800 insertions(+)
 create mode 100644 SwiftScheduleParser.log
 create mode 100644 github-swiftschedule-deploy.log
 create mode 100644 index.html
 create mode 100644 logfile
To github-swiftsched:UCD-HEAP/Swift_Schedule.git
 + 6ba6fb9...9fd3504 gh-pages -> gh-pages (forced update)
=== Run finished: Sun Sep 27 07:50:18 IST 2026 ===
=== Run started: Sun Sep 27 08:00:18 IST 2026 ===
[gh-pages 62e129d] Auto-deploy: 2026-09-27T07:00:18Z
 Date: Tue Sep 15 08:43:09 2026 +0100
 4 files changed, 10811 insertions(+)
 create mode 100644 SwiftScheduleParser.log
 create mode 100644 github-swiftschedule-deploy.log
 create mode 100644 index.html
 create mode 100644 logfile
To github-swiftsched:UCD-HEAP/Swift_Schedule.git
 + 9fd3504...62e129d gh-pages -> gh-pages (forced update)
=== Run finished: Sun Sep 27 08:00:20 IST 2026 ===
=== Run started: Sun Sep 27 08:10:18 IST 2026 ===
[gh-pages 11aa7d9] Auto-deploy: 2026-09-27T07:10:18Z
 Date: Tue Sep 15 08:43:09 2026 +0100
 4 files changed, 10822 insertions(+)
 create mode 100644 SwiftScheduleParser.log
 create mode 100644 github-swiftschedule-deploy.log
 create mode 100644 index.html
 create mode 100644 logfile
To github-swiftsched:UCD-HEAP/Swift_Schedule.git
 + 62e129d...11aa7d9 gh-pages -> gh-pages (forced update)
=== Run finished: Sun Sep 27 08:10:20 IST 2026 ===
=== Run started: Sun Sep 27 08:20:16 IST 2026 ===
[gh-pages ea266fc] Auto-deploy: 2026-09-27T07:20:16Z
 Date: Tue Sep 15 08:43:09 2026 +0100
 4 files changed, 10833 insertions(+)
 create mode 100644 SwiftScheduleParser.log
 create mode 100644 github-swiftschedule-deploy.log
 create mode 100644 index.html
 create mode 100644 logfile
To github-swiftsched:UCD-HEAP/Swift_Schedule.git
 + 11aa7d9...ea266fc gh-pages -> gh-pages (forced update)
=== Run finished: Sun Sep 27 08:20:17 IST 2026 ===
=== Run started: Sun Sep 27 08:30:19 IST 2026 ===
[gh-pages b6676c8] Auto-deploy: 2026-09-27T07:30:19Z
 Date: Tue Sep 15 08:43:09 2026 +0100
 4 files changed, 10844 insertions(+)
 create mode 100644 SwiftScheduleParser.log
 create mode 100644 github-swiftschedule-deploy.log
 create mode 100644 index.html
 create mode 100644 logfile
To github-swiftsched:UCD-HEAP/Swift_Schedule.git
 + ea266fc...b6676c8 gh-pages -> gh-pages (forced update)
=== Run finished: Sun Sep 27 08:30:21 IST 2026 ===
=== Run started: Sun Sep 27 08:40:16 IST 2026 ===
[gh-pages bf20657] Auto-deploy: 2026-09-27T07:40:16Z
 Date: Tue Sep 15 08:43:09 2026 +0100
 4 files changed, 10855 insertions(+)
 create mode 100644 SwiftScheduleParser.log
 create mode 100644 github-swiftschedule-deploy.log
 create mode 100644 index.html
 create mode 100644 logfile
To github-swiftsched:UCD-HEAP/Swift_Schedule.git
 + b6676c8...bf20657 gh-pages -> gh-pages (forced update)
=== Run finished: Sun Sep 27 08:40:18 IST 2026 ===
=== Run started: Sun Sep 27 08:50:18 IST 2026 ===
[gh-pages 7b070ae] Auto-deploy: 2026-09-27T07:50:18Z
 Date: Tue Sep 15 08:43:09 2026 +0100
 4 files changed, 10866 insertions(+)
 create mode 100644 SwiftScheduleParser.log
 create mode 100644 github-swiftschedule-deploy.log
 create mode 100644 index.html
 create mode 100644 logfile
To github-swiftsched:UCD-HEAP/Swift_Schedule.git
 + bf20657...7b070ae gh-pages -> gh-pages (forced update)
=== Run finished: Sun Sep 27 08:50:19 IST 2026 ===
=== Run started: Sun Sep 27 09:00:19 IST 2026 ===
[gh-pages bb76bc9] Auto-deploy: 2026-09-27T08:00:19Z
 Date: Tue Sep 15 08:43:09 2026 +0100
 4 files changed, 10877 insertions(+)
 create mode 100644 SwiftScheduleParser.log
 create mode 100644 github-swiftschedule-deploy.log
 create mode 100644 index.html
 create mode 100644 logfile
To github-swiftsched:UCD-HEAP/Swift_Schedule.git
 + 7b070ae...bb76bc9 gh-pages -> gh-pages (forced update)
=== Run finished: Sun Sep 27 09:00:20 IST 2026 ===
=== Run started: Sun Sep 27 09:10:16 IST 2026 ===
[gh-pages ff90dbf] Auto-deploy: 2026-09-27T08:10:16Z
 Date: Tue Sep 15 08:43:09 2026 +0100
 4 files changed, 10888 insertions(+)
 create mode 100644 SwiftScheduleParser.log
 create mode 100644 github-swiftschedule-deploy.log
 create mode 100644 index.html
 create mode 100644 logfile
To github-swiftsched:UCD-HEAP/Swift_Schedule.git
 + bb76bc9...ff90dbf gh-pages -> gh-pages (forced update)
=== Run finished: Sun Sep 27 09:10:17 IST 2026 ===
=== Run started: Sun Sep 27 09:20:18 IST 2026 ===
[gh-pages 6947ae9] Auto-deploy: 2026-09-27T08:20:18Z
 Date: Tue Sep 15 08:43:09 2026 +0100
 4 files changed, 10899 insertions(+)
 create mode 100644 SwiftScheduleParser.log
 create mode 100644 github-swiftschedule-deploy.log
 create mode 100644 index.html
 create mode 100644 logfile
To github-swiftsched:UCD-HEAP/Swift_Schedule.git
 + ff90dbf...6947ae9 gh-pages -> gh-pages (forced update)
=== Run finished: Sun Sep 27 09:20:20 IST 2026 ===
=== Run started: Sun Sep 27 09:30:16 IST 2026 ===
[gh-pages 9119d7e] Auto-deploy: 2026-09-27T08:30:16Z
 Date: Tue Sep 15 08:43:09 2026 +0100
 4 files changed, 10910 insertions(+)
 create mode 100644 SwiftScheduleParser.log
 create mode 100644 github-swiftschedule-deploy.log
 create mode 100644 index.html
 create mode 100644 logfile
To github-swiftsched:UCD-HEAP/Swift_Schedule.git
 + 6947ae9...9119d7e gh-pages -> gh-pages (forced update)
=== Run finished: Sun Sep 27 09:30:17 IST 2026 ===
=== Run started: Sun Sep 27 09:40:18 IST 2026 ===
[gh-pages 70b6881] Auto-deploy: 2026-09-27T08:40:18Z
 Date: Tue Sep 15 08:43:09 2026 +0100
 4 files changed, 10921 insertions(+)
 create mode 100644 SwiftScheduleParser.log
 create mode 100644 github-swiftschedule-deploy.log
 create mode 100644 index.html
 create mode 100644 logfile
To github-swiftsched:UCD-HEAP/Swift_Schedule.git
 + 9119d7e...70b6881 gh-pages -> gh-pages (forced update)
=== Run finished: Sun Sep 27 09:40:20 IST 2026 ===
=== Run started: Sun Sep 27 09:50:16 IST 2026 ===
[gh-pages 52df188] Auto-deploy: 2026-09-27T08:50:16Z
 Date: Tue Sep 15 08:43:09 2026 +0100
 4 files changed, 10932 insertions(+)
 create mode 100644 SwiftScheduleParser.log
 create mode 100644 github-swiftschedule-deploy.log
 create mode 100644 index.html
 create mode 100644 logfile
To github-swiftsched:UCD-HEAP/Swift_Schedule.git
 + 70b6881...52df188 gh-pages -> gh-pages (forced update)
=== Run finished: Sun Sep 27 09:50:18 IST 2026 ===
=== Run started: Sun Sep 27 10:00:18 IST 2026 ===
[gh-pages a0ccefa] Auto-deploy: 2026-09-27T09:00:18Z
 Date: Tue Sep 15 08:43:09 2026 +0100
 4 files changed, 10943 insertions(+)
 create mode 100644 SwiftScheduleParser.log
 create mode 100644 github-swiftschedule-deploy.log
 create mode 100644 index.html
 create mode 100644 logfile
To github-swiftsched:UCD-HEAP/Swift_Schedule.git
 + 52df188...a0ccefa gh-pages -> gh-pages (forced update)
=== Run finished: Sun Sep 27 10:00:20 IST 2026 ===
=== Run started: Sun Sep 27 10:10:17 IST 2026 ===
[gh-pages 3f54984] Auto-deploy: 2026-09-27T09:10:17Z
 Date: Tue Sep 15 08:43:09 2026 +0100
 4 files changed, 10954 insertions(+)
 create mode 100644 SwiftScheduleParser.log
 create mode 100644 github-swiftschedule-deploy.log
 create mode 100644 index.html
 create mode 100644 logfile
To github-swiftsched:UCD-HEAP/Swift_Schedule.git
 + a0ccefa...3f54984 gh-pages -> gh-pages (forced update)
=== Run finished: Sun Sep 27 10:10:18 IST 2026 ===
=== Run started: Sun Sep 27 10:20:16 IST 2026 ===
[gh-pages 7456484] Auto-deploy: 2026-09-27T09:20:16Z
 Date: Tue Sep 15 08:43:09 2026 +0100
 4 files changed, 10965 insertions(+)
 create mode 100644 SwiftScheduleParser.log
 create mode 100644 github-swiftschedule-deploy.log
 create mode 100644 index.html
 create mode 100644 logfile
To github-swiftsched:UCD-HEAP/Swift_Schedule.git
 + 3f54984...7456484 gh-pages -> gh-pages (forced update)
=== Run finished: Sun Sep 27 10:20:18 IST 2026 ===
=== Run started: Sun Sep 27 10:30:17 IST 2026 ===
[gh-pages 4a21c62] Auto-deploy: 2026-09-27T09:30:17Z
 Date: Tue Sep 15 08:43:09 2026 +0100
 4 files changed, 10976 insertions(+)
 create mode 100644 SwiftScheduleParser.log
 create mode 100644 github-swiftschedule-deploy.log
 create mode 100644 index.html
 create mode 100644 logfile
To github-swiftsched:UCD-HEAP/Swift_Schedule.git
 + 7456484...4a21c62 gh-pages -> gh-pages (forced update)
=== Run finished: Sun Sep 27 10:30:19 IST 2026 ===
=== Run started: Sun Sep 27 10:40:19 IST 2026 ===
[gh-pages d17b187] Auto-deploy: 2026-09-27T09:40:19Z
 Date: Tue Sep 15 08:43:09 2026 +0100
 4 files changed, 10987 insertions(+)
 create mode 100644 SwiftScheduleParser.log
 create mode 100644 github-swiftschedule-deploy.log
 create mode 100644 index.html
 create mode 100644 logfile
To github-swiftsched:UCD-HEAP/Swift_Schedule.git
 + 4a21c62...d17b187 gh-pages -> gh-pages (forced update)
=== Run finished: Sun Sep 27 10:40:21 IST 2026 ===
=== Run started: Sun Sep 27 10:50:15 IST 2026 ===
[gh-pages 70e4ea7] Auto-deploy: 2026-09-27T09:50:15Z
 Date: Tue Sep 15 08:43:09 2026 +0100
 4 files changed, 10998 insertions(+)
 create mode 100644 SwiftScheduleParser.log
 create mode 100644 github-swiftschedule-deploy.log
 create mode 100644 index.html
 create mode 100644 logfile
To github-swiftsched:UCD-HEAP/Swift_Schedule.git
 + d17b187...70e4ea7 gh-pages -> gh-pages (forced update)
=== Run finished: Sun Sep 27 10:50:17 IST 2026 ===
=== Run started: Sun Sep 27 11:00:18 IST 2026 ===
[gh-pages 497caf5] Auto-deploy: 2026-09-27T10:00:18Z
 Date: Tue Sep 15 08:43:09 2026 +0100
 4 files changed, 11009 insertions(+)
 create mode 100644 SwiftScheduleParser.log
 create mode 100644 github-swiftschedule-deploy.log
 create mode 100644 index.html
 create mode 100644 logfile
To github-swiftsched:UCD-HEAP/Swift_Schedule.git
 + 70e4ea7...497caf5 gh-pages -> gh-pages (forced update)
=== Run finished: Sun Sep 27 11:00:20 IST 2026 ===
=== Run started: Sun Sep 27 11:10:16 IST 2026 ===
[gh-pages 8a126c2] Auto-deploy: 2026-09-27T10:10:16Z
 Date: Tue Sep 15 08:43:09 2026 +0100
 4 files changed, 11020 insertions(+)
 create mode 100644 SwiftScheduleParser.log
 create mode 100644 github-swiftschedule-deploy.log
 create mode 100644 index.html
 create mode 100644 logfile
To github-swiftsched:UCD-HEAP/Swift_Schedule.git
 + 497caf5...8a126c2 gh-pages -> gh-pages (forced update)
=== Run finished: Sun Sep 27 11:10:18 IST 2026 ===
=== Run started: Sun Sep 27 11:20:17 IST 2026 ===
[gh-pages fbcfad5] Auto-deploy: 2026-09-27T10:20:17Z
 Date: Tue Sep 15 08:43:09 2026 +0100
 4 files changed, 11031 insertions(+)
 create mode 100644 SwiftScheduleParser.log
 create mode 100644 github-swiftschedule-deploy.log
 create mode 100644 index.html
 create mode 100644 logfile
To github-swiftsched:UCD-HEAP/Swift_Schedule.git
 + 8a126c2...fbcfad5 gh-pages -> gh-pages (forced update)
=== Run finished: Sun Sep 27 11:20:19 IST 2026 ===
=== Run started: Sun Sep 27 11:30:17 IST 2026 ===
[gh-pages 29ead57] Auto-deploy: 2026-09-27T10:30:17Z
 Date: Tue Sep 15 08:43:09 2026 +0100
 4 files changed, 11042 insertions(+)
 create mode 100644 SwiftScheduleParser.log
 create mode 100644 github-swiftschedule-deploy.log
 create mode 100644 index.html
 create mode 100644 logfile
To github-swiftsched:UCD-HEAP/Swift_Schedule.git
 + fbcfad5...29ead57 gh-pages -> gh-pages (forced update)
=== Run finished: Sun Sep 27 11:30:19 IST 2026 ===
=== Run started: Sun Sep 27 11:40:17 IST 2026 ===
[gh-pages ae0e682] Auto-deploy: 2026-09-27T10:40:17Z
 Date: Tue Sep 15 08:43:09 2026 +0100
 4 files changed, 11053 insertions(+)
 create mode 100644 SwiftScheduleParser.log
 create mode 100644 github-swiftschedule-deploy.log
 create mode 100644 index.html
 create mode 100644 logfile
To github-swiftsched:UCD-HEAP/Swift_Schedule.git
 + 29ead57...ae0e682 gh-pages -> gh-pages (forced update)
=== Run finished: Sun Sep 27 11:40:19 IST 2026 ===
=== Run started: Sun Sep 27 11:50:18 IST 2026 ===
[gh-pages 7aba5d1] Auto-deploy: 2026-09-27T10:50:18Z
 Date: Tue Sep 15 08:43:09 2026 +0100
 4 files changed, 11064 insertions(+)
 create mode 100644 SwiftScheduleParser.log
 create mode 100644 github-swiftschedule-deploy.log
 create mode 100644 index.html
 create mode 100644 logfile
To github-swiftsched:UCD-HEAP/Swift_Schedule.git
 + ae0e682...7aba5d1 gh-pages -> gh-pages (forced update)
=== Run finished: Sun Sep 27 11:50:19 IST 2026 ===
=== Run started: Sun Sep 27 12:00:19 IST 2026 ===
[gh-pages 654acf4] Auto-deploy: 2026-09-27T11:00:19Z
 Date: Tue Sep 15 08:43:09 2026 +0100
 4 files changed, 11075 insertions(+)
 create mode 100644 SwiftScheduleParser.log
 create mode 100644 github-swiftschedule-deploy.log
 create mode 100644 index.html
 create mode 100644 logfile
To github-swiftsched:UCD-HEAP/Swift_Schedule.git
 + 7aba5d1...654acf4 gh-pages -> gh-pages (forced update)
=== Run finished: Sun Sep 27 12:00:20 IST 2026 ===
=== Run started: Sun Sep 27 12:10:16 IST 2026 ===
[gh-pages f414479] Auto-deploy: 2026-09-27T11:10:16Z
 Date: Tue Sep 15 08:43:09 2026 +0100
 4 files changed, 11086 insertions(+)
 create mode 100644 SwiftScheduleParser.log
 create mode 100644 github-swiftschedule-deploy.log
 create mode 100644 index.html
 create mode 100644 logfile
To github-swiftsched:UCD-HEAP/Swift_Schedule.git
 + 654acf4...f414479 gh-pages -> gh-pages (forced update)
=== Run finished: Sun Sep 27 12:10:18 IST 2026 ===
=== Run started: Sun Sep 27 12:20:19 IST 2026 ===
[gh-pages 4ada2ce] Auto-deploy: 2026-09-27T11:20:19Z
 Date: Tue Sep 15 08:43:09 2026 +0100
 4 files changed, 11097 insertions(+)
 create mode 100644 SwiftScheduleParser.log
 create mode 100644 github-swiftschedule-deploy.log
 create mode 100644 index.html
 create mode 100644 logfile
To github-swiftsched:UCD-HEAP/Swift_Schedule.git
 + f414479...4ada2ce gh-pages -> gh-pages (forced update)
=== Run finished: Sun Sep 27 12:20:20 IST 2026 ===
=== Run started: Sun Sep 27 12:30:19 IST 2026 ===
[gh-pages 3bbf699] Auto-deploy: 2026-09-27T11:30:19Z
 Date: Tue Sep 15 08:43:09 2026 +0100
 4 files changed, 11108 insertions(+)
 create mode 100644 SwiftScheduleParser.log
 create mode 100644 github-swiftschedule-deploy.log
 create mode 100644 index.html
 create mode 100644 logfile
To github-swiftsched:UCD-HEAP/Swift_Schedule.git
 + 4ada2ce...3bbf699 gh-pages -> gh-pages (forced update)
=== Run finished: Sun Sep 27 12:30:21 IST 2026 ===
=== Run started: Sun Sep 27 12:40:16 IST 2026 ===
[gh-pages b5a106b] Auto-deploy: 2026-09-27T11:40:16Z
 Date: Tue Sep 15 08:43:09 2026 +0100
 4 files changed, 11119 insertions(+)
 create mode 100644 SwiftScheduleParser.log
 create mode 100644 github-swiftschedule-deploy.log
 create mode 100644 index.html
 create mode 100644 logfile
To github-swiftsched:UCD-HEAP/Swift_Schedule.git
 + 3bbf699...b5a106b gh-pages -> gh-pages (forced update)
=== Run finished: Sun Sep 27 12:40:18 IST 2026 ===
=== Run started: Sun Sep 27 12:50:18 IST 2026 ===
[gh-pages a77d0cd] Auto-deploy: 2026-09-27T11:50:18Z
 Date: Tue Sep 15 08:43:09 2026 +0100
 4 files changed, 11130 insertions(+)
 create mode 100644 SwiftScheduleParser.log
 create mode 100644 github-swiftschedule-deploy.log
 create mode 100644 index.html
 create mode 100644 logfile
To github-swiftsched:UCD-HEAP/Swift_Schedule.git
 + b5a106b...a77d0cd gh-pages -> gh-pages (forced update)
=== Run finished: Sun Sep 27 12:50:20 IST 2026 ===
=== Run started: Sun Sep 27 13:00:18 IST 2026 ===
[gh-pages 7cbad4e] Auto-deploy: 2026-09-27T12:00:18Z
 Date: Tue Sep 15 08:43:09 2026 +0100
 4 files changed, 11141 insertions(+)
 create mode 100644 SwiftScheduleParser.log
 create mode 100644 github-swiftschedule-deploy.log
 create mode 100644 index.html
 create mode 100644 logfile
To github-swiftsched:UCD-HEAP/Swift_Schedule.git
 + a77d0cd...7cbad4e gh-pages -> gh-pages (forced update)
=== Run finished: Sun Sep 27 13:00:20 IST 2026 ===
=== Run started: Sun Sep 27 13:10:16 IST 2026 ===
[gh-pages 99db832] Auto-deploy: 2026-09-27T12:10:16Z
 Date: Tue Sep 15 08:43:09 2026 +0100
 4 files changed, 11152 insertions(+)
 create mode 100644 SwiftScheduleParser.log
 create mode 100644 github-swiftschedule-deploy.log
 create mode 100644 index.html
 create mode 100644 logfile
To github-swiftsched:UCD-HEAP/Swift_Schedule.git
 + 7cbad4e...99db832 gh-pages -> gh-pages (forced update)
=== Run finished: Sun Sep 27 13:10:18 IST 2026 ===
=== Run started: Sun Sep 27 13:20:17 IST 2026 ===
[gh-pages b76662e] Auto-deploy: 2026-09-27T12:20:17Z
 Date: Tue Sep 15 08:43:09 2026 +0100
 4 files changed, 11163 insertions(+)
 create mode 100644 SwiftScheduleParser.log
 create mode 100644 github-swiftschedule-deploy.log
 create mode 100644 index.html
 create mode 100644 logfile
To github-swiftsched:UCD-HEAP/Swift_Schedule.git
 + 99db832...b76662e gh-pages -> gh-pages (forced update)
=== Run finished: Sun Sep 27 13:20:19 IST 2026 ===
=== Run started: Sun Sep 27 13:30:16 IST 2026 ===
[gh-pages 5b8f646] Auto-deploy: 2026-09-27T12:30:16Z
 Date: Tue Sep 15 08:43:09 2026 +0100
 4 files changed, 11174 insertions(+)
 create mode 100644 SwiftScheduleParser.log
 create mode 100644 github-swiftschedule-deploy.log
 create mode 100644 index.html
 create mode 100644 logfile
To github-swiftsched:UCD-HEAP/Swift_Schedule.git
 + b76662e...5b8f646 gh-pages -> gh-pages (forced update)
=== Run finished: Sun Sep 27 13:30:18 IST 2026 ===
=== Run started: Sun Sep 27 13:40:17 IST 2026 ===
[gh-pages b44f744] Auto-deploy: 2026-09-27T12:40:17Z
 Date: Tue Sep 15 08:43:09 2026 +0100
 4 files changed, 11185 insertions(+)
 create mode 100644 SwiftScheduleParser.log
 create mode 100644 github-swiftschedule-deploy.log
 create mode 100644 index.html
 create mode 100644 logfile
To github-swiftsched:UCD-HEAP/Swift_Schedule.git
 + 5b8f646...b44f744 gh-pages -> gh-pages (forced update)
=== Run finished: Sun Sep 27 13:40:18 IST 2026 ===
=== Run started: Sun Sep 27 13:50:18 IST 2026 ===
[gh-pages 49af33c] Auto-deploy: 2026-09-27T12:50:18Z
 Date: Tue Sep 15 08:43:09 2026 +0100
 4 files changed, 11196 insertions(+)
 create mode 100644 SwiftScheduleParser.log
 create mode 100644 github-swiftschedule-deploy.log
 create mode 100644 index.html
 create mode 100644 logfile
To github-swiftsched:UCD-HEAP/Swift_Schedule.git
 + b44f744...49af33c gh-pages -> gh-pages (forced update)
=== Run finished: Sun Sep 27 13:50:19 IST 2026 ===
=== Run started: Sun Sep 27 14:00:18 IST 2026 ===
[gh-pages ffd9313] Auto-deploy: 2026-09-27T13:00:18Z
 Date: Tue Sep 15 08:43:09 2026 +0100
 4 files changed, 11207 insertions(+)
 create mode 100644 SwiftScheduleParser.log
 create mode 100644 github-swiftschedule-deploy.log
 create mode 100644 index.html
 create mode 100644 logfile
To github-swiftsched:UCD-HEAP/Swift_Schedule.git
 + 49af33c...ffd9313 gh-pages -> gh-pages (forced update)
=== Run finished: Sun Sep 27 14:00:20 IST 2026 ===
=== Run started: Sun Sep 27 14:10:16 IST 2026 ===
[gh-pages 2c8ae6d] Auto-deploy: 2026-09-27T13:10:16Z
 Date: Tue Sep 15 08:43:09 2026 +0100
 4 files changed, 11218 insertions(+)
 create mode 100644 SwiftScheduleParser.log
 create mode 100644 github-swiftschedule-deploy.log
 create mode 100644 index.html
 create mode 100644 logfile
To github-swiftsched:UCD-HEAP/Swift_Schedule.git
 + ffd9313...2c8ae6d gh-pages -> gh-pages (forced update)
=== Run finished: Sun Sep 27 14:10:17 IST 2026 ===
=== Run started: Sun Sep 27 14:20:18 IST 2026 ===
[gh-pages 86eed86] Auto-deploy: 2026-09-27T13:20:18Z
 Date: Tue Sep 15 08:43:09 2026 +0100
 4 files changed, 11229 insertions(+)
 create mode 100644 SwiftScheduleParser.log
 create mode 100644 github-swiftschedule-deploy.log
 create mode 100644 index.html
 create mode 100644 logfile
To github-swiftsched:UCD-HEAP/Swift_Schedule.git
 + 2c8ae6d...86eed86 gh-pages -> gh-pages (forced update)
=== Run finished: Sun Sep 27 14:20:20 IST 2026 ===
=== Run started: Sun Sep 27 14:30:15 IST 2026 ===
[gh-pages 2f5b8cf] Auto-deploy: 2026-09-27T13:30:16Z
 Date: Tue Sep 15 08:43:09 2026 +0100
 4 files changed, 11240 insertions(+)
 create mode 100644 SwiftScheduleParser.log
 create mode 100644 github-swiftschedule-deploy.log
 create mode 100644 index.html
 create mode 100644 logfile
To github-swiftsched:UCD-HEAP/Swift_Schedule.git
 + 86eed86...2f5b8cf gh-pages -> gh-pages (forced update)
=== Run finished: Sun Sep 27 14:30:17 IST 2026 ===
=== Run started: Sun Sep 27 14:40:18 IST 2026 ===
[gh-pages a5bffc0] Auto-deploy: 2026-09-27T13:40:18Z
 Date: Tue Sep 15 08:43:09 2026 +0100
 4 files changed, 11251 insertions(+)
 create mode 100644 SwiftScheduleParser.log
 create mode 100644 github-swiftschedule-deploy.log
 create mode 100644 index.html
 create mode 100644 logfile
To github-swiftsched:UCD-HEAP/Swift_Schedule.git
 + 2f5b8cf...a5bffc0 gh-pages -> gh-pages (forced update)
=== Run finished: Sun Sep 27 14:40:20 IST 2026 ===
=== Run started: Sun Sep 27 14:50:16 IST 2026 ===
[gh-pages f827810] Auto-deploy: 2026-09-27T13:50:16Z
 Date: Tue Sep 15 08:43:09 2026 +0100
 4 files changed, 11262 insertions(+)
 create mode 100644 SwiftScheduleParser.log
 create mode 100644 github-swiftschedule-deploy.log
 create mode 100644 index.html
 create mode 100644 logfile
To github-swiftsched:UCD-HEAP/Swift_Schedule.git
 + a5bffc0...f827810 gh-pages -> gh-pages (forced update)
=== Run finished: Sun Sep 27 14:50:18 IST 2026 ===
=== Run started: Sun Sep 27 15:00:17 IST 2026 ===
[gh-pages 0660e6c] Auto-deploy: 2026-09-27T14:00:17Z
 Date: Tue Sep 15 08:43:09 2026 +0100
 4 files changed, 11273 insertions(+)
 create mode 100644 SwiftScheduleParser.log
 create mode 100644 github-swiftschedule-deploy.log
 create mode 100644 index.html
 create mode 100644 logfile
To github-swiftsched:UCD-HEAP/Swift_Schedule.git
 + f827810...0660e6c gh-pages -> gh-pages (forced update)
=== Run finished: Sun Sep 27 15:00:19 IST 2026 ===
=== Run started: Sun Sep 27 15:10:15 IST 2026 ===
[gh-pages 3c84563] Auto-deploy: 2026-09-27T14:10:15Z
 Date: Tue Sep 15 08:43:09 2026 +0100
 4 files changed, 11284 insertions(+)
 create mode 100644 SwiftScheduleParser.log
 create mode 100644 github-swiftschedule-deploy.log
 create mode 100644 index.html
 create mode 100644 logfile
To github-swiftsched:UCD-HEAP/Swift_Schedule.git
 + 0660e6c...3c84563 gh-pages -> gh-pages (forced update)
=== Run finished: Sun Sep 27 15:10:17 IST 2026 ===
=== Run started: Sun Sep 27 15:20:16 IST 2026 ===
[gh-pages 38db60e] Auto-deploy: 2026-09-27T14:20:16Z
 Date: Tue Sep 15 08:43:09 2026 +0100
 4 files changed, 11295 insertions(+)
 create mode 100644 SwiftScheduleParser.log
 create mode 100644 github-swiftschedule-deploy.log
 create mode 100644 index.html
 create mode 100644 logfile
To github-swiftsched:UCD-HEAP/Swift_Schedule.git
 + 3c84563...38db60e gh-pages -> gh-pages (forced update)
=== Run finished: Sun Sep 27 15:20:18 IST 2026 ===
=== Run started: Sun Sep 27 15:30:18 IST 2026 ===
[gh-pages 61edf07] Auto-deploy: 2026-09-27T14:30:18Z
 Date: Tue Sep 15 08:43:09 2026 +0100
 4 files changed, 11306 insertions(+)
 create mode 100644 SwiftScheduleParser.log
 create mode 100644 github-swiftschedule-deploy.log
 create mode 100644 index.html
 create mode 100644 logfile
To github-swiftsched:UCD-HEAP/Swift_Schedule.git
 + 38db60e...61edf07 gh-pages -> gh-pages (forced update)
=== Run finished: Sun Sep 27 15:30:19 IST 2026 ===
=== Run started: Sun Sep 27 15:40:15 IST 2026 ===
[gh-pages 205e16b] Auto-deploy: 2026-09-27T14:40:15Z
 Date: Tue Sep 15 08:43:09 2026 +0100
 4 files changed, 11317 insertions(+)
 create mode 100644 SwiftScheduleParser.log
 create mode 100644 github-swiftschedule-deploy.log
 create mode 100644 index.html
 create mode 100644 logfile
To github-swiftsched:UCD-HEAP/Swift_Schedule.git
 + 61edf07...205e16b gh-pages -> gh-pages (forced update)
=== Run finished: Sun Sep 27 15:40:16 IST 2026 ===
=== Run started: Sun Sep 27 15:50:17 IST 2026 ===
[gh-pages b5d3e19] Auto-deploy: 2026-09-27T14:50:17Z
 Date: Tue Sep 15 08:43:09 2026 +0100
 4 files changed, 11328 insertions(+)
 create mode 100644 SwiftScheduleParser.log
 create mode 100644 github-swiftschedule-deploy.log
 create mode 100644 index.html
 create mode 100644 logfile
To github-swiftsched:UCD-HEAP/Swift_Schedule.git
 + 205e16b...b5d3e19 gh-pages -> gh-pages (forced update)
=== Run finished: Sun Sep 27 15:50:19 IST 2026 ===
=== Run started: Sun Sep 27 16:00:15 IST 2026 ===
[gh-pages 716af1b] Auto-deploy: 2026-09-27T15:00:15Z
 Date: Tue Sep 15 08:43:09 2026 +0100
 4 files changed, 11339 insertions(+)
 create mode 100644 SwiftScheduleParser.log
 create mode 100644 github-swiftschedule-deploy.log
 create mode 100644 index.html
 create mode 100644 logfile
To github-swiftsched:UCD-HEAP/Swift_Schedule.git
 + b5d3e19...716af1b gh-pages -> gh-pages (forced update)
=== Run finished: Sun Sep 27 16:00:17 IST 2026 ===
=== Run started: Sun Sep 27 16:10:17 IST 2026 ===
[gh-pages 43a4d8b] Auto-deploy: 2026-09-27T15:10:17Z
 Date: Tue Sep 15 08:43:09 2026 +0100
 4 files changed, 11350 insertions(+)
 create mode 100644 SwiftScheduleParser.log
 create mode 100644 github-swiftschedule-deploy.log
 create mode 100644 index.html
 create mode 100644 logfile
To github-swiftsched:UCD-HEAP/Swift_Schedule.git
 + 716af1b...43a4d8b gh-pages -> gh-pages (forced update)
=== Run finished: Sun Sep 27 16:10:19 IST 2026 ===
=== Run started: Sun Sep 27 16:20:16 IST 2026 ===
[gh-pages 7fe5a8f] Auto-deploy: 2026-09-27T15:20:16Z
 Date: Tue Sep 15 08:43:09 2026 +0100
 4 files changed, 11361 insertions(+)
 create mode 100644 SwiftScheduleParser.log
 create mode 100644 github-swiftschedule-deploy.log
 create mode 100644 index.html
 create mode 100644 logfile
To github-swiftsched:UCD-HEAP/Swift_Schedule.git
 + 43a4d8b...7fe5a8f gh-pages -> gh-pages (forced update)
=== Run finished: Sun Sep 27 16:20:18 IST 2026 ===
=== Run started: Sun Sep 27 16:30:15 IST 2026 ===
[gh-pages 3c4545b] Auto-deploy: 2026-09-27T15:30:15Z
 Date: Tue Sep 15 08:43:09 2026 +0100
 4 files changed, 11372 insertions(+)
 create mode 100644 SwiftScheduleParser.log
 create mode 100644 github-swiftschedule-deploy.log
 create mode 100644 index.html
 create mode 100644 logfile
To github-swiftsched:UCD-HEAP/Swift_Schedule.git
 + 7fe5a8f...3c4545b gh-pages -> gh-pages (forced update)
=== Run finished: Sun Sep 27 16:30:17 IST 2026 ===
=== Run started: Sun Sep 27 16:40:15 IST 2026 ===
[gh-pages 8763f63] Auto-deploy: 2026-09-27T15:40:16Z
 Date: Tue Sep 15 08:43:09 2026 +0100
 4 files changed, 11383 insertions(+)
 create mode 100644 SwiftScheduleParser.log
 create mode 100644 github-swiftschedule-deploy.log
 create mode 100644 index.html
 create mode 100644 logfile
To github-swiftsched:UCD-HEAP/Swift_Schedule.git
 + 3c4545b...8763f63 gh-pages -> gh-pages (forced update)
=== Run finished: Sun Sep 27 16:40:17 IST 2026 ===
=== Run started: Sun Sep 27 16:50:18 IST 2026 ===
[gh-pages 207405f] Auto-deploy: 2026-09-27T15:50:18Z
 Date: Tue Sep 15 08:43:09 2026 +0100
 4 files changed, 11394 insertions(+)
 create mode 100644 SwiftScheduleParser.log
 create mode 100644 github-swiftschedule-deploy.log
 create mode 100644 index.html
 create mode 100644 logfile
To github-swiftsched:UCD-HEAP/Swift_Schedule.git
 + 8763f63...207405f gh-pages -> gh-pages (forced update)
=== Run finished: Sun Sep 27 16:50:20 IST 2026 ===
=== Run started: Sun Sep 27 17:00:15 IST 2026 ===
[gh-pages a6910c1] Auto-deploy: 2026-09-27T16:00:15Z
 Date: Tue Sep 15 08:43:09 2026 +0100
 4 files changed, 11405 insertions(+)
 create mode 100644 SwiftScheduleParser.log
 create mode 100644 github-swiftschedule-deploy.log
 create mode 100644 index.html
 create mode 100644 logfile
To github-swiftsched:UCD-HEAP/Swift_Schedule.git
 + 207405f...a6910c1 gh-pages -> gh-pages (forced update)
=== Run finished: Sun Sep 27 17:00:17 IST 2026 ===
=== Run started: Sun Sep 27 17:10:17 IST 2026 ===
[gh-pages 0c7193e] Auto-deploy: 2026-09-27T16:10:17Z
 Date: Tue Sep 15 08:43:09 2026 +0100
 4 files changed, 11416 insertions(+)
 create mode 100644 SwiftScheduleParser.log
 create mode 100644 github-swiftschedule-deploy.log
 create mode 100644 index.html
 create mode 100644 logfile
To github-swiftsched:UCD-HEAP/Swift_Schedule.git
 + a6910c1...0c7193e gh-pages -> gh-pages (forced update)
=== Run finished: Sun Sep 27 17:10:19 IST 2026 ===
=== Run started: Sun Sep 27 17:20:15 IST 2026 ===
[gh-pages 81ffc94] Auto-deploy: 2026-09-27T16:20:15Z
 Date: Tue Sep 15 08:43:09 2026 +0100
 4 files changed, 11427 insertions(+)
 create mode 100644 SwiftScheduleParser.log
 create mode 100644 github-swiftschedule-deploy.log
 create mode 100644 index.html
 create mode 100644 logfile
To github-swiftsched:UCD-HEAP/Swift_Schedule.git
 + 0c7193e...81ffc94 gh-pages -> gh-pages (forced update)
=== Run finished: Sun Sep 27 17:20:17 IST 2026 ===
=== Run started: Sun Sep 27 17:30:17 IST 2026 ===
[gh-pages 77b5bb3] Auto-deploy: 2026-09-27T16:30:17Z
 Date: Tue Sep 15 08:43:09 2026 +0100
 4 files changed, 11438 insertions(+)
 create mode 100644 SwiftScheduleParser.log
 create mode 100644 github-swiftschedule-deploy.log
 create mode 100644 index.html
 create mode 100644 logfile
To github-swiftsched:UCD-HEAP/Swift_Schedule.git
 + 81ffc94...77b5bb3 gh-pages -> gh-pages (forced update)
=== Run finished: Sun Sep 27 17:30:19 IST 2026 ===
=== Run started: Sun Sep 27 17:40:18 IST 2026 ===
[gh-pages 672aa3e] Auto-deploy: 2026-09-27T16:40:18Z
 Date: Tue Sep 15 08:43:09 2026 +0100
 4 files changed, 11449 insertions(+)
 create mode 100644 SwiftScheduleParser.log
 create mode 100644 github-swiftschedule-deploy.log
 create mode 100644 index.html
 create mode 100644 logfile
To github-swiftsched:UCD-HEAP/Swift_Schedule.git
 + 77b5bb3...672aa3e gh-pages -> gh-pages (forced update)
=== Run finished: Sun Sep 27 17:40:19 IST 2026 ===
=== Run started: Sun Sep 27 17:50:14 IST 2026 ===
[gh-pages a601bba] Auto-deploy: 2026-09-27T16:50:14Z
 Date: Tue Sep 15 08:43:09 2026 +0100
 4 files changed, 11460 insertions(+)
 create mode 100644 SwiftScheduleParser.log
 create mode 100644 github-swiftschedule-deploy.log
 create mode 100644 index.html
 create mode 100644 logfile
To github-swiftsched:UCD-HEAP/Swift_Schedule.git
 + 672aa3e...a601bba gh-pages -> gh-pages (forced update)
=== Run finished: Sun Sep 27 17:50:16 IST 2026 ===
=== Run started: Sun Sep 27 18:00:17 IST 2026 ===
[gh-pages 1da1f88] Auto-deploy: 2026-09-27T17:00:17Z
 Date: Tue Sep 15 08:43:09 2026 +0100
 4 files changed, 11471 insertions(+)
 create mode 100644 SwiftScheduleParser.log
 create mode 100644 github-swiftschedule-deploy.log
 create mode 100644 index.html
 create mode 100644 logfile
To github-swiftsched:UCD-HEAP/Swift_Schedule.git
 + a601bba...1da1f88 gh-pages -> gh-pages (forced update)
=== Run finished: Sun Sep 27 18:00:19 IST 2026 ===
=== Run started: Sun Sep 27 18:10:15 IST 2026 ===
[gh-pages 134ffec] Auto-deploy: 2026-09-27T17:10:15Z
 Date: Tue Sep 15 08:43:09 2026 +0100
 4 files changed, 11482 insertions(+)
 create mode 100644 SwiftScheduleParser.log
 create mode 100644 github-swiftschedule-deploy.log
 create mode 100644 index.html
 create mode 100644 logfile
To github-swiftsched:UCD-HEAP/Swift_Schedule.git
 + 1da1f88...134ffec gh-pages -> gh-pages (forced update)
=== Run finished: Sun Sep 27 18:10:17 IST 2026 ===
=== Run started: Sun Sep 27 18:20:17 IST 2026 ===
[gh-pages 06fe751] Auto-deploy: 2026-09-27T17:20:17Z
 Date: Tue Sep 15 08:43:09 2026 +0100
 4 files changed, 11493 insertions(+)
 create mode 100644 SwiftScheduleParser.log
 create mode 100644 github-swiftschedule-deploy.log
 create mode 100644 index.html
 create mode 100644 logfile
To github-swiftsched:UCD-HEAP/Swift_Schedule.git
 + 134ffec...06fe751 gh-pages -> gh-pages (forced update)
=== Run finished: Sun Sep 27 18:20:19 IST 2026 ===
=== Run started: Sun Sep 27 18:30:16 IST 2026 ===
[gh-pages d076764] Auto-deploy: 2026-09-27T17:30:16Z
 Date: Tue Sep 15 08:43:09 2026 +0100
 4 files changed, 11504 insertions(+)
 create mode 100644 SwiftScheduleParser.log
 create mode 100644 github-swiftschedule-deploy.log
 create mode 100644 index.html
 create mode 100644 logfile
To github-swiftsched:UCD-HEAP/Swift_Schedule.git
 + 06fe751...d076764 gh-pages -> gh-pages (forced update)
=== Run finished: Sun Sep 27 18:30:17 IST 2026 ===
=== Run started: Sun Sep 27 18:40:18 IST 2026 ===
[gh-pages d7a6ac2] Auto-deploy: 2026-09-27T17:40:18Z
 Date: Tue Sep 15 08:43:09 2026 +0100
 4 files changed, 11515 insertions(+)
 create mode 100644 SwiftScheduleParser.log
 create mode 100644 github-swiftschedule-deploy.log
 create mode 100644 index.html
 create mode 100644 logfile
To github-swiftsched:UCD-HEAP/Swift_Schedule.git
 + d076764...d7a6ac2 gh-pages -> gh-pages (forced update)
=== Run finished: Sun Sep 27 18:40:20 IST 2026 ===
=== Run started: Sun Sep 27 18:50:15 IST 2026 ===
[gh-pages e976c50] Auto-deploy: 2026-09-27T17:50:15Z
 Date: Tue Sep 15 08:43:09 2026 +0100
 4 files changed, 11526 insertions(+)
 create mode 100644 SwiftScheduleParser.log
 create mode 100644 github-swiftschedule-deploy.log
 create mode 100644 index.html
 create mode 100644 logfile
To github-swiftsched:UCD-HEAP/Swift_Schedule.git
 + d7a6ac2...e976c50 gh-pages -> gh-pages (forced update)
=== Run finished: Sun Sep 27 18:50:17 IST 2026 ===
=== Run started: Sun Sep 27 19:00:16 IST 2026 ===
[gh-pages e7f9675] Auto-deploy: 2026-09-27T18:00:17Z
 Date: Tue Sep 15 08:43:09 2026 +0100
 4 files changed, 11537 insertions(+)
 create mode 100644 SwiftScheduleParser.log
 create mode 100644 github-swiftschedule-deploy.log
 create mode 100644 index.html
 create mode 100644 logfile
To github-swiftsched:UCD-HEAP/Swift_Schedule.git
 + e976c50...e7f9675 gh-pages -> gh-pages (forced update)
=== Run finished: Sun Sep 27 19:00:18 IST 2026 ===
=== Run started: Sun Sep 27 19:10:18 IST 2026 ===
[gh-pages 70cfde5] Auto-deploy: 2026-09-27T18:10:18Z
 Date: Tue Sep 15 08:43:09 2026 +0100
 4 files changed, 11548 insertions(+)
 create mode 100644 SwiftScheduleParser.log
 create mode 100644 github-swiftschedule-deploy.log
 create mode 100644 index.html
 create mode 100644 logfile
To github-swiftsched:UCD-HEAP/Swift_Schedule.git
 + e7f9675...70cfde5 gh-pages -> gh-pages (forced update)
=== Run finished: Sun Sep 27 19:10:20 IST 2026 ===
=== Run started: Sun Sep 27 19:20:15 IST 2026 ===
[gh-pages 57aa234] Auto-deploy: 2026-09-27T18:20:15Z
 Date: Tue Sep 15 08:43:09 2026 +0100
 4 files changed, 11559 insertions(+)
 create mode 100644 SwiftScheduleParser.log
 create mode 100644 github-swiftschedule-deploy.log
 create mode 100644 index.html
 create mode 100644 logfile
To github-swiftsched:UCD-HEAP/Swift_Schedule.git
 + 70cfde5...57aa234 gh-pages -> gh-pages (forced update)
=== Run finished: Sun Sep 27 19:20:17 IST 2026 ===
=== Run started: Sun Sep 27 19:30:17 IST 2026 ===
[gh-pages bd8ec96] Auto-deploy: 2026-09-27T18:30:18Z
 Date: Tue Sep 15 08:43:09 2026 +0100
 4 files changed, 11570 insertions(+)
 create mode 100644 SwiftScheduleParser.log
 create mode 100644 github-swiftschedule-deploy.log
 create mode 100644 index.html
 create mode 100644 logfile
To github-swiftsched:UCD-HEAP/Swift_Schedule.git
 + 57aa234...bd8ec96 gh-pages -> gh-pages (forced update)
=== Run finished: Sun Sep 27 19:30:19 IST 2026 ===
=== Run started: Sun Sep 27 19:40:18 IST 2026 ===
[gh-pages 8a92d15] Auto-deploy: 2026-09-27T18:40:18Z
 Date: Tue Sep 15 08:43:09 2026 +0100
 4 files changed, 11581 insertions(+)
 create mode 100644 SwiftScheduleParser.log
 create mode 100644 github-swiftschedule-deploy.log
 create mode 100644 index.html
 create mode 100644 logfile
To github-swiftsched:UCD-HEAP/Swift_Schedule.git
 + bd8ec96...8a92d15 gh-pages -> gh-pages (forced update)
=== Run finished: Sun Sep 27 19:40:20 IST 2026 ===
=== Run started: Sun Sep 27 19:50:15 IST 2026 ===
[gh-pages c1dd381] Auto-deploy: 2026-09-27T18:50:15Z
 Date: Tue Sep 15 08:43:09 2026 +0100
 4 files changed, 11592 insertions(+)
 create mode 100644 SwiftScheduleParser.log
 create mode 100644 github-swiftschedule-deploy.log
 create mode 100644 index.html
 create mode 100644 logfile
To github-swiftsched:UCD-HEAP/Swift_Schedule.git
 + 8a92d15...c1dd381 gh-pages -> gh-pages (forced update)
=== Run finished: Sun Sep 27 19:50:16 IST 2026 ===
=== Run started: Sun Sep 27 20:00:18 IST 2026 ===
[gh-pages 8b9be2f] Auto-deploy: 2026-09-27T19:00:18Z
 Date: Tue Sep 15 08:43:09 2026 +0100
 4 files changed, 11603 insertions(+)
 create mode 100644 SwiftScheduleParser.log
 create mode 100644 github-swiftschedule-deploy.log
 create mode 100644 index.html
 create mode 100644 logfile
To github-swiftsched:UCD-HEAP/Swift_Schedule.git
 + c1dd381...8b9be2f gh-pages -> gh-pages (forced update)
=== Run finished: Sun Sep 27 20:00:19 IST 2026 ===
=== Run started: Sun Sep 27 20:10:15 IST 2026 ===
[gh-pages e0bc28e] Auto-deploy: 2026-09-27T19:10:15Z
 Date: Tue Sep 15 08:43:09 2026 +0100
 4 files changed, 11614 insertions(+)
 create mode 100644 SwiftScheduleParser.log
 create mode 100644 github-swiftschedule-deploy.log
 create mode 100644 index.html
 create mode 100644 logfile
To github-swiftsched:UCD-HEAP/Swift_Schedule.git
 + 8b9be2f...e0bc28e gh-pages -> gh-pages (forced update)
=== Run finished: Sun Sep 27 20:10:16 IST 2026 ===
=== Run started: Sun Sep 27 20:20:18 IST 2026 ===
[gh-pages e8a0161] Auto-deploy: 2026-09-27T19:20:18Z
 Date: Tue Sep 15 08:43:09 2026 +0100
 4 files changed, 11625 insertions(+)
 create mode 100644 SwiftScheduleParser.log
 create mode 100644 github-swiftschedule-deploy.log
 create mode 100644 index.html
 create mode 100644 logfile
To github-swiftsched:UCD-HEAP/Swift_Schedule.git
 + e0bc28e...e8a0161 gh-pages -> gh-pages (forced update)
=== Run finished: Sun Sep 27 20:20:20 IST 2026 ===
=== Run started: Sun Sep 27 20:30:15 IST 2026 ===
[gh-pages a18a267] Auto-deploy: 2026-09-27T19:30:15Z
 Date: Tue Sep 15 08:43:09 2026 +0100
 4 files changed, 11636 insertions(+)
 create mode 100644 SwiftScheduleParser.log
 create mode 100644 github-swiftschedule-deploy.log
 create mode 100644 index.html
 create mode 100644 logfile
To github-swiftsched:UCD-HEAP/Swift_Schedule.git
 + e8a0161...a18a267 gh-pages -> gh-pages (forced update)
=== Run finished: Sun Sep 27 20:30:17 IST 2026 ===
=== Run started: Sun Sep 27 20:40:18 IST 2026 ===
[gh-pages 267b894] Auto-deploy: 2026-09-27T19:40:18Z
 Date: Tue Sep 15 08:43:09 2026 +0100
 4 files changed, 11647 insertions(+)
 create mode 100644 SwiftScheduleParser.log
 create mode 100644 github-swiftschedule-deploy.log
 create mode 100644 index.html
 create mode 100644 logfile
To github-swiftsched:UCD-HEAP/Swift_Schedule.git
 + a18a267...267b894 gh-pages -> gh-pages (forced update)
=== Run finished: Sun Sep 27 20:40:20 IST 2026 ===
=== Run started: Sun Sep 27 20:50:15 IST 2026 ===
[gh-pages fb48937] Auto-deploy: 2026-09-27T19:50:15Z
 Date: Tue Sep 15 08:43:09 2026 +0100
 4 files changed, 11658 insertions(+)
 create mode 100644 SwiftScheduleParser.log
 create mode 100644 github-swiftschedule-deploy.log
 create mode 100644 index.html
 create mode 100644 logfile
To github-swiftsched:UCD-HEAP/Swift_Schedule.git
 + 267b894...fb48937 gh-pages -> gh-pages (forced update)
=== Run finished: Sun Sep 27 20:50:16 IST 2026 ===
=== Run started: Sun Sep 27 21:00:17 IST 2026 ===
[gh-pages 863526c] Auto-deploy: 2026-09-27T20:00:17Z
 Date: Tue Sep 15 08:43:09 2026 +0100
 4 files changed, 11669 insertions(+)
 create mode 100644 SwiftScheduleParser.log
 create mode 100644 github-swiftschedule-deploy.log
 create mode 100644 index.html
 create mode 100644 logfile
To github-swiftsched:UCD-HEAP/Swift_Schedule.git
 + fb48937...863526c gh-pages -> gh-pages (forced update)
=== Run finished: Sun Sep 27 21:00:19 IST 2026 ===
=== Run started: Sun Sep 27 21:10:15 IST 2026 ===
[gh-pages da04beb] Auto-deploy: 2026-09-27T20:10:15Z
 Date: Tue Sep 15 08:43:09 2026 +0100
 4 files changed, 11680 insertions(+)
 create mode 100644 SwiftScheduleParser.log
 create mode 100644 github-swiftschedule-deploy.log
 create mode 100644 index.html
 create mode 100644 logfile
To github-swiftsched:UCD-HEAP/Swift_Schedule.git
 + 863526c...da04beb gh-pages -> gh-pages (forced update)
=== Run finished: Sun Sep 27 21:10:17 IST 2026 ===
=== Run started: Sun Sep 27 21:20:17 IST 2026 ===
[gh-pages 17a830d] Auto-deploy: 2026-09-27T20:20:17Z
 Date: Tue Sep 15 08:43:09 2026 +0100
 4 files changed, 11691 insertions(+)
 create mode 100644 SwiftScheduleParser.log
 create mode 100644 github-swiftschedule-deploy.log
 create mode 100644 index.html
 create mode 100644 logfile
To github-swiftsched:UCD-HEAP/Swift_Schedule.git
 + da04beb...17a830d gh-pages -> gh-pages (forced update)
=== Run finished: Sun Sep 27 21:20:18 IST 2026 ===
=== Run started: Sun Sep 27 21:30:16 IST 2026 ===
[gh-pages f98140c] Auto-deploy: 2026-09-27T20:30:16Z
 Date: Tue Sep 15 08:43:09 2026 +0100
 4 files changed, 11702 insertions(+)
 create mode 100644 SwiftScheduleParser.log
 create mode 100644 github-swiftschedule-deploy.log
 create mode 100644 index.html
 create mode 100644 logfile
To github-swiftsched:UCD-HEAP/Swift_Schedule.git
 + 17a830d...f98140c gh-pages -> gh-pages (forced update)
=== Run finished: Sun Sep 27 21:30:18 IST 2026 ===
=== Run started: Sun Sep 27 21:40:15 IST 2026 ===
[gh-pages cc9fd63] Auto-deploy: 2026-09-27T20:40:15Z
 Date: Tue Sep 15 08:43:09 2026 +0100
 4 files changed, 11713 insertions(+)
 create mode 100644 SwiftScheduleParser.log
 create mode 100644 github-swiftschedule-deploy.log
 create mode 100644 index.html
 create mode 100644 logfile
To github-swiftsched:UCD-HEAP/Swift_Schedule.git
 + f98140c...cc9fd63 gh-pages -> gh-pages (forced update)
=== Run finished: Sun Sep 27 21:40:17 IST 2026 ===
=== Run started: Sun Sep 27 21:50:17 IST 2026 ===
[gh-pages e725125] Auto-deploy: 2026-09-27T20:50:17Z
 Date: Tue Sep 15 08:43:09 2026 +0100
 4 files changed, 11724 insertions(+)
 create mode 100644 SwiftScheduleParser.log
 create mode 100644 github-swiftschedule-deploy.log
 create mode 100644 index.html
 create mode 100644 logfile
To github-swiftsched:UCD-HEAP/Swift_Schedule.git
 + cc9fd63...e725125 gh-pages -> gh-pages (forced update)
=== Run finished: Sun Sep 27 21:50:19 IST 2026 ===
=== Run started: Sun Sep 27 22:00:17 IST 2026 ===
[gh-pages ee8cc2b] Auto-deploy: 2026-09-27T21:00:17Z
 Date: Tue Sep 15 08:43:09 2026 +0100
 4 files changed, 11735 insertions(+)
 create mode 100644 SwiftScheduleParser.log
 create mode 100644 github-swiftschedule-deploy.log
 create mode 100644 index.html
 create mode 100644 logfile
To github-swiftsched:UCD-HEAP/Swift_Schedule.git
 + e725125...ee8cc2b gh-pages -> gh-pages (forced update)
=== Run finished: Sun Sep 27 22:00:18 IST 2026 ===
=== Run started: Sun Sep 27 22:10:18 IST 2026 ===
[gh-pages 69569a3] Auto-deploy: 2026-09-27T21:10:18Z
 Date: Tue Sep 15 08:43:09 2026 +0100
 4 files changed, 11746 insertions(+)
 create mode 100644 SwiftScheduleParser.log
 create mode 100644 github-swiftschedule-deploy.log
 create mode 100644 index.html
 create mode 100644 logfile
To github-swiftsched:UCD-HEAP/Swift_Schedule.git
 + ee8cc2b...69569a3 gh-pages -> gh-pages (forced update)
=== Run finished: Sun Sep 27 22:10:20 IST 2026 ===
=== Run started: Sun Sep 27 22:20:15 IST 2026 ===
[gh-pages a931310] Auto-deploy: 2026-09-27T21:20:15Z
 Date: Tue Sep 15 08:43:09 2026 +0100
 4 files changed, 11757 insertions(+)
 create mode 100644 SwiftScheduleParser.log
 create mode 100644 github-swiftschedule-deploy.log
 create mode 100644 index.html
 create mode 100644 logfile
To github-swiftsched:UCD-HEAP/Swift_Schedule.git
 + 69569a3...a931310 gh-pages -> gh-pages (forced update)
=== Run finished: Sun Sep 27 22:20:16 IST 2026 ===
=== Run started: Sun Sep 27 22:30:18 IST 2026 ===
[gh-pages 1c12154] Auto-deploy: 2026-09-27T21:30:18Z
 Date: Tue Sep 15 08:43:09 2026 +0100
 4 files changed, 11768 insertions(+)
 create mode 100644 SwiftScheduleParser.log
 create mode 100644 github-swiftschedule-deploy.log
 create mode 100644 index.html
 create mode 100644 logfile
To github-swiftsched:UCD-HEAP/Swift_Schedule.git
 + a931310...1c12154 gh-pages -> gh-pages (forced update)
=== Run finished: Sun Sep 27 22:30:20 IST 2026 ===
=== Run started: Sun Sep 27 22:40:15 IST 2026 ===
[gh-pages d0fd38f] Auto-deploy: 2026-09-27T21:40:15Z
 Date: Tue Sep 15 08:43:09 2026 +0100
 4 files changed, 11779 insertions(+)
 create mode 100644 SwiftScheduleParser.log
 create mode 100644 github-swiftschedule-deploy.log
 create mode 100644 index.html
 create mode 100644 logfile
To github-swiftsched:UCD-HEAP/Swift_Schedule.git
 + 1c12154...d0fd38f gh-pages -> gh-pages (forced update)
=== Run finished: Sun Sep 27 22:40:16 IST 2026 ===
=== Run started: Sun Sep 27 22:50:17 IST 2026 ===
[gh-pages 7b389e2] Auto-deploy: 2026-09-27T21:50:17Z
 Date: Tue Sep 15 08:43:09 2026 +0100
 4 files changed, 11790 insertions(+)
 create mode 100644 SwiftScheduleParser.log
 create mode 100644 github-swiftschedule-deploy.log
 create mode 100644 index.html
 create mode 100644 logfile
To github-swiftsched:UCD-HEAP/Swift_Schedule.git
 + d0fd38f...7b389e2 gh-pages -> gh-pages (forced update)
=== Run finished: Sun Sep 27 22:50:18 IST 2026 ===
=== Run started: Sun Sep 27 23:00:17 IST 2026 ===
[gh-pages e21a963] Auto-deploy: 2026-09-27T22:00:17Z
 Date: Tue Sep 15 08:43:09 2026 +0100
 4 files changed, 11801 insertions(+)
 create mode 100644 SwiftScheduleParser.log
 create mode 100644 github-swiftschedule-deploy.log
 create mode 100644 index.html
 create mode 100644 logfile
To github-swiftsched:UCD-HEAP/Swift_Schedule.git
 + 7b389e2...e21a963 gh-pages -> gh-pages (forced update)
=== Run finished: Sun Sep 27 23:00:19 IST 2026 ===
=== Run started: Sun Sep 27 23:10:15 IST 2026 ===
[gh-pages 122d61e] Auto-deploy: 2026-09-27T22:10:15Z
 Date: Tue Sep 15 08:43:09 2026 +0100
 4 files changed, 11812 insertions(+)
 create mode 100644 SwiftScheduleParser.log
 create mode 100644 github-swiftschedule-deploy.log
 create mode 100644 index.html
 create mode 100644 logfile
To github-swiftsched:UCD-HEAP/Swift_Schedule.git
 + e21a963...122d61e gh-pages -> gh-pages (forced update)
=== Run finished: Sun Sep 27 23:10:17 IST 2026 ===
=== Run started: Sun Sep 27 23:20:17 IST 2026 ===
[gh-pages ebd4d16] Auto-deploy: 2026-09-27T22:20:17Z
 Date: Tue Sep 15 08:43:09 2026 +0100
 4 files changed, 11823 insertions(+)
 create mode 100644 SwiftScheduleParser.log
 create mode 100644 github-swiftschedule-deploy.log
 create mode 100644 index.html
 create mode 100644 logfile
To github-swiftsched:UCD-HEAP/Swift_Schedule.git
 + 122d61e...ebd4d16 gh-pages -> gh-pages (forced update)
=== Run finished: Sun Sep 27 23:20:18 IST 2026 ===
=== Run started: Sun Sep 27 23:30:15 IST 2026 ===
[gh-pages abdf09f] Auto-deploy: 2026-09-27T22:30:15Z
 Date: Tue Sep 15 08:43:09 2026 +0100
 4 files changed, 11834 insertions(+)
 create mode 100644 SwiftScheduleParser.log
 create mode 100644 github-swiftschedule-deploy.log
 create mode 100644 index.html
 create mode 100644 logfile
To github-swiftsched:UCD-HEAP/Swift_Schedule.git
 + ebd4d16...abdf09f gh-pages -> gh-pages (forced update)
=== Run finished: Sun Sep 27 23:30:16 IST 2026 ===
=== Run started: Sun Sep 27 23:40:17 IST 2026 ===
[gh-pages 3c1929e] Auto-deploy: 2026-09-27T22:40:17Z
 Date: Tue Sep 15 08:43:09 2026 +0100
 4 files changed, 11845 insertions(+)
 create mode 100644 SwiftScheduleParser.log
 create mode 100644 github-swiftschedule-deploy.log
 create mode 100644 index.html
 create mode 100644 logfile
To github-swiftsched:UCD-HEAP/Swift_Schedule.git
 + abdf09f...3c1929e gh-pages -> gh-pages (forced update)
=== Run finished: Sun Sep 27 23:40:19 IST 2026 ===
=== Run started: Sun Sep 27 23:50:15 IST 2026 ===
[gh-pages 6b3af1f] Auto-deploy: 2026-09-27T22:50:15Z
 Date: Tue Sep 15 08:43:09 2026 +0100
 4 files changed, 11856 insertions(+)
 create mode 100644 SwiftScheduleParser.log
 create mode 100644 github-swiftschedule-deploy.log
 create mode 100644 index.html
 create mode 100644 logfile
To github-swiftsched:UCD-HEAP/Swift_Schedule.git
 + 3c1929e...6b3af1f gh-pages -> gh-pages (forced update)
=== Run finished: Sun Sep 27 23:50:17 IST 2026 ===
=== Run started: Mon Sep 28 00:00:17 IST 2026 ===
[gh-pages 8bc308d] Auto-deploy: 2026-09-27T23:00:17Z
 Date: Tue Sep 15 08:43:09 2026 +0100
 4 files changed, 11867 insertions(+)
 create mode 100644 SwiftScheduleParser.log
 create mode 100644 github-swiftschedule-deploy.log
 create mode 100644 index.html
 create mode 100644 logfile
To github-swiftsched:UCD-HEAP/Swift_Schedule.git
 + 6b3af1f...8bc308d gh-pages -> gh-pages (forced update)
=== Run finished: Mon Sep 28 00:00:19 IST 2026 ===
=== Run started: Mon Sep 28 00:10:16 IST 2026 ===
[gh-pages 56a5218] Auto-deploy: 2026-09-27T23:10:16Z
 Date: Tue Sep 15 08:43:09 2026 +0100
 4 files changed, 11878 insertions(+)
 create mode 100644 SwiftScheduleParser.log
 create mode 100644 github-swiftschedule-deploy.log
 create mode 100644 index.html
 create mode 100644 logfile
To github-swiftsched:UCD-HEAP/Swift_Schedule.git
 + 8bc308d...56a5218 gh-pages -> gh-pages (forced update)
=== Run finished: Mon Sep 28 00:10:17 IST 2026 ===
=== Run started: Mon Sep 28 00:20:18 IST 2026 ===
[gh-pages 2df50dc] Auto-deploy: 2026-09-27T23:20:18Z
 Date: Tue Sep 15 08:43:09 2026 +0100
 4 files changed, 11889 insertions(+)
 create mode 100644 SwiftScheduleParser.log
 create mode 100644 github-swiftschedule-deploy.log
 create mode 100644 index.html
 create mode 100644 logfile
To github-swiftsched:UCD-HEAP/Swift_Schedule.git
 + 56a5218...2df50dc gh-pages -> gh-pages (forced update)
=== Run finished: Mon Sep 28 00:20:19 IST 2026 ===
=== Run started: Mon Sep 28 00:30:15 IST 2026 ===
[gh-pages f71d684] Auto-deploy: 2026-09-27T23:30:15Z
 Date: Tue Sep 15 08:43:09 2026 +0100
 4 files changed, 11900 insertions(+)
 create mode 100644 SwiftScheduleParser.log
 create mode 100644 github-swiftschedule-deploy.log
 create mode 100644 index.html
 create mode 100644 logfile
To github-swiftsched:UCD-HEAP/Swift_Schedule.git
 + 2df50dc...f71d684 gh-pages -> gh-pages (forced update)
=== Run finished: Mon Sep 28 00:30:16 IST 2026 ===
=== Run started: Mon Sep 28 00:40:18 IST 2026 ===
[gh-pages 24b5be3] Auto-deploy: 2026-09-27T23:40:18Z
 Date: Tue Sep 15 08:43:09 2026 +0100
 4 files changed, 11911 insertions(+)
 create mode 100644 SwiftScheduleParser.log
 create mode 100644 github-swiftschedule-deploy.log
 create mode 100644 index.html
 create mode 100644 logfile
To github-swiftsched:UCD-HEAP/Swift_Schedule.git
 + f71d684...24b5be3 gh-pages -> gh-pages (forced update)
=== Run finished: Mon Sep 28 00:40:19 IST 2026 ===
=== Run started: Mon Sep 28 00:50:15 IST 2026 ===
[gh-pages 0a6545a] Auto-deploy: 2026-09-27T23:50:15Z
 Date: Tue Sep 15 08:43:09 2026 +0100
 4 files changed, 11922 insertions(+)
 create mode 100644 SwiftScheduleParser.log
 create mode 100644 github-swiftschedule-deploy.log
 create mode 100644 index.html
 create mode 100644 logfile
To github-swiftsched:UCD-HEAP/Swift_Schedule.git
 + 24b5be3...0a6545a gh-pages -> gh-pages (forced update)
=== Run finished: Mon Sep 28 00:50:17 IST 2026 ===
=== Run started: Mon Sep 28 01:00:26 IST 2026 ===
[gh-pages 1546c59] Auto-deploy: 2026-09-28T00:00:26Z
 Date: Tue Sep 15 08:43:09 2026 +0100
 4 files changed, 11890 insertions(+)
 create mode 100644 SwiftScheduleParser.log
 create mode 100644 github-swiftschedule-deploy.log
 create mode 100644 index.html
 create mode 100644 logfile
To github-swiftsched:UCD-HEAP/Swift_Schedule.git
 + 0a6545a...1546c59 gh-pages -> gh-pages (forced update)
=== Run finished: Mon Sep 28 01:00:28 IST 2026 ===
=== Run started: Mon Sep 28 01:10:26 IST 2026 ===
[gh-pages ea69995] Auto-deploy: 2026-09-28T00:10:26Z
 Date: Tue Sep 15 08:43:09 2026 +0100
 4 files changed, 11901 insertions(+)
 create mode 100644 SwiftScheduleParser.log
 create mode 100644 github-swiftschedule-deploy.log
 create mode 100644 index.html
 create mode 100644 logfile
To github-swiftsched:UCD-HEAP/Swift_Schedule.git
 + 1546c59...ea69995 gh-pages -> gh-pages (forced update)
=== Run finished: Mon Sep 28 01:10:28 IST 2026 ===
=== Run started: Mon Sep 28 01:20:25 IST 2026 ===
[gh-pages 6d888d3] Auto-deploy: 2026-09-28T00:20:25Z
 Date: Tue Sep 15 08:43:09 2026 +0100
 4 files changed, 11912 insertions(+)
 create mode 100644 SwiftScheduleParser.log
 create mode 100644 github-swiftschedule-deploy.log
 create mode 100644 index.html
 create mode 100644 logfile
To github-swiftsched:UCD-HEAP/Swift_Schedule.git
 + ea69995...6d888d3 gh-pages -> gh-pages (forced update)
=== Run finished: Mon Sep 28 01:20:27 IST 2026 ===
=== Run started: Mon Sep 28 01:30:26 IST 2026 ===
[gh-pages 6e4cffb] Auto-deploy: 2026-09-28T00:30:26Z
 Date: Tue Sep 15 08:43:09 2026 +0100
 4 files changed, 11923 insertions(+)
 create mode 100644 SwiftScheduleParser.log
 create mode 100644 github-swiftschedule-deploy.log
 create mode 100644 index.html
 create mode 100644 logfile
To github-swiftsched:UCD-HEAP/Swift_Schedule.git
 + 6d888d3...6e4cffb gh-pages -> gh-pages (forced update)
=== Run finished: Mon Sep 28 01:30:28 IST 2026 ===
=== Run started: Mon Sep 28 01:40:26 IST 2026 ===
[gh-pages 6f824b0] Auto-deploy: 2026-09-28T00:40:26Z
 Date: Tue Sep 15 08:43:09 2026 +0100
 4 files changed, 11934 insertions(+)
 create mode 100644 SwiftScheduleParser.log
 create mode 100644 github-swiftschedule-deploy.log
 create mode 100644 index.html
 create mode 100644 logfile
To github-swiftsched:UCD-HEAP/Swift_Schedule.git
 + 6e4cffb...6f824b0 gh-pages -> gh-pages (forced update)
=== Run finished: Mon Sep 28 01:40:28 IST 2026 ===
=== Run started: Mon Sep 28 01:50:24 IST 2026 ===
[gh-pages 8fe9227] Auto-deploy: 2026-09-28T00:50:24Z
 Date: Tue Sep 15 08:43:09 2026 +0100
 4 files changed, 11945 insertions(+)
 create mode 100644 SwiftScheduleParser.log
 create mode 100644 github-swiftschedule-deploy.log
 create mode 100644 index.html
 create mode 100644 logfile
To github-swiftsched:UCD-HEAP/Swift_Schedule.git
 + 6f824b0...8fe9227 gh-pages -> gh-pages (forced update)
=== Run finished: Mon Sep 28 01:50:26 IST 2026 ===
=== Run started: Mon Sep 28 02:00:26 IST 2026 ===
[gh-pages 7132e3b] Auto-deploy: 2026-09-28T01:00:26Z
 Date: Tue Sep 15 08:43:09 2026 +0100
 4 files changed, 11956 insertions(+)
 create mode 100644 SwiftScheduleParser.log
 create mode 100644 github-swiftschedule-deploy.log
 create mode 100644 index.html
 create mode 100644 logfile
To github-swiftsched:UCD-HEAP/Swift_Schedule.git
 + 8fe9227...7132e3b gh-pages -> gh-pages (forced update)
=== Run finished: Mon Sep 28 02:00:28 IST 2026 ===
=== Run started: Mon Sep 28 02:10:24 IST 2026 ===
[gh-pages 96bba39] Auto-deploy: 2026-09-28T01:10:24Z
 Date: Tue Sep 15 08:43:09 2026 +0100
 4 files changed, 11967 insertions(+)
 create mode 100644 SwiftScheduleParser.log
 create mode 100644 github-swiftschedule-deploy.log
 create mode 100644 index.html
 create mode 100644 logfile
To github-swiftsched:UCD-HEAP/Swift_Schedule.git
 + 7132e3b...96bba39 gh-pages -> gh-pages (forced update)
=== Run finished: Mon Sep 28 02:10:26 IST 2026 ===
=== Run started: Mon Sep 28 02:20:26 IST 2026 ===
[gh-pages 4f425bd] Auto-deploy: 2026-09-28T01:20:26Z
 Date: Tue Sep 15 08:43:09 2026 +0100
 4 files changed, 11978 insertions(+)
 create mode 100644 SwiftScheduleParser.log
 create mode 100644 github-swiftschedule-deploy.log
 create mode 100644 index.html
 create mode 100644 logfile
To github-swiftsched:UCD-HEAP/Swift_Schedule.git
 + 96bba39...4f425bd gh-pages -> gh-pages (forced update)
=== Run finished: Mon Sep 28 02:20:28 IST 2026 ===
=== Run started: Mon Sep 28 02:30:25 IST 2026 ===
[gh-pages 7d52d23] Auto-deploy: 2026-09-28T01:30:25Z
 Date: Tue Sep 15 08:43:09 2026 +0100
 4 files changed, 11989 insertions(+)
 create mode 100644 SwiftScheduleParser.log
 create mode 100644 github-swiftschedule-deploy.log
 create mode 100644 index.html
 create mode 100644 logfile
To github-swiftsched:UCD-HEAP/Swift_Schedule.git
 + 4f425bd...7d52d23 gh-pages -> gh-pages (forced update)
=== Run finished: Mon Sep 28 02:30:26 IST 2026 ===
=== Run started: Mon Sep 28 02:40:27 IST 2026 ===
[gh-pages a7a22c8] Auto-deploy: 2026-09-28T01:40:27Z
 Date: Tue Sep 15 08:43:09 2026 +0100
 4 files changed, 12000 insertions(+)
 create mode 100644 SwiftScheduleParser.log
 create mode 100644 github-swiftschedule-deploy.log
 create mode 100644 index.html
 create mode 100644 logfile
To github-swiftsched:UCD-HEAP/Swift_Schedule.git
 + 7d52d23...a7a22c8 gh-pages -> gh-pages (forced update)
=== Run finished: Mon Sep 28 02:40:29 IST 2026 ===
=== Run started: Mon Sep 28 02:50:25 IST 2026 ===
[gh-pages 08db85d] Auto-deploy: 2026-09-28T01:50:25Z
 Date: Tue Sep 15 08:43:09 2026 +0100
 4 files changed, 12011 insertions(+)
 create mode 100644 SwiftScheduleParser.log
 create mode 100644 github-swiftschedule-deploy.log
 create mode 100644 index.html
 create mode 100644 logfile
To github-swiftsched:UCD-HEAP/Swift_Schedule.git
 + a7a22c8...08db85d gh-pages -> gh-pages (forced update)
=== Run finished: Mon Sep 28 02:50:27 IST 2026 ===
=== Run started: Mon Sep 28 03:00:25 IST 2026 ===
[gh-pages 90157e4] Auto-deploy: 2026-09-28T02:00:25Z
 Date: Tue Sep 15 08:43:09 2026 +0100
 4 files changed, 12022 insertions(+)
 create mode 100644 SwiftScheduleParser.log
 create mode 100644 github-swiftschedule-deploy.log
 create mode 100644 index.html
 create mode 100644 logfile
To github-swiftsched:UCD-HEAP/Swift_Schedule.git
 + 08db85d...90157e4 gh-pages -> gh-pages (forced update)
=== Run finished: Mon Sep 28 03:00:27 IST 2026 ===
=== Run started: Mon Sep 28 03:10:26 IST 2026 ===
[gh-pages 6315964] Auto-deploy: 2026-09-28T02:10:26Z
 Date: Tue Sep 15 08:43:09 2026 +0100
 4 files changed, 12033 insertions(+)
 create mode 100644 SwiftScheduleParser.log
 create mode 100644 github-swiftschedule-deploy.log
 create mode 100644 index.html
 create mode 100644 logfile
To github-swiftsched:UCD-HEAP/Swift_Schedule.git
 + 90157e4...6315964 gh-pages -> gh-pages (forced update)
=== Run finished: Mon Sep 28 03:10:27 IST 2026 ===
=== Run started: Mon Sep 28 03:20:24 IST 2026 ===
[gh-pages 57b982f] Auto-deploy: 2026-09-28T02:20:24Z
 Date: Tue Sep 15 08:43:09 2026 +0100
 4 files changed, 12044 insertions(+)
 create mode 100644 SwiftScheduleParser.log
 create mode 100644 github-swiftschedule-deploy.log
 create mode 100644 index.html
 create mode 100644 logfile
To github-swiftsched:UCD-HEAP/Swift_Schedule.git
 + 6315964...57b982f gh-pages -> gh-pages (forced update)
=== Run finished: Mon Sep 28 03:20:26 IST 2026 ===
=== Run started: Mon Sep 28 03:30:27 IST 2026 ===
[gh-pages d8d80e3] Auto-deploy: 2026-09-28T02:30:27Z
 Date: Tue Sep 15 08:43:09 2026 +0100
 4 files changed, 12055 insertions(+)
 create mode 100644 SwiftScheduleParser.log
 create mode 100644 github-swiftschedule-deploy.log
 create mode 100644 index.html
 create mode 100644 logfile
To github-swiftsched:UCD-HEAP/Swift_Schedule.git
 + 57b982f...d8d80e3 gh-pages -> gh-pages (forced update)
=== Run finished: Mon Sep 28 03:30:29 IST 2026 ===
=== Run started: Mon Sep 28 03:40:24 IST 2026 ===
[gh-pages ab7080a] Auto-deploy: 2026-09-28T02:40:24Z
 Date: Tue Sep 15 08:43:09 2026 +0100
 4 files changed, 12066 insertions(+)
 create mode 100644 SwiftScheduleParser.log
 create mode 100644 github-swiftschedule-deploy.log
 create mode 100644 index.html
 create mode 100644 logfile
To github-swiftsched:UCD-HEAP/Swift_Schedule.git
 + d8d80e3...ab7080a gh-pages -> gh-pages (forced update)
=== Run finished: Mon Sep 28 03:40:26 IST 2026 ===
=== Run started: Mon Sep 28 03:50:26 IST 2026 ===
[gh-pages f9e8d12] Auto-deploy: 2026-09-28T02:50:26Z
 Date: Tue Sep 15 08:43:09 2026 +0100
 4 files changed, 12077 insertions(+)
 create mode 100644 SwiftScheduleParser.log
 create mode 100644 github-swiftschedule-deploy.log
 create mode 100644 index.html
 create mode 100644 logfile
To github-swiftsched:UCD-HEAP/Swift_Schedule.git
 + ab7080a...f9e8d12 gh-pages -> gh-pages (forced update)
=== Run finished: Mon Sep 28 03:50:27 IST 2026 ===
=== Run started: Mon Sep 28 04:00:24 IST 2026 ===
[gh-pages 31472c4] Auto-deploy: 2026-09-28T03:00:24Z
 Date: Tue Sep 15 08:43:09 2026 +0100
 4 files changed, 12088 insertions(+)
 create mode 100644 SwiftScheduleParser.log
 create mode 100644 github-swiftschedule-deploy.log
 create mode 100644 index.html
 create mode 100644 logfile
To github-swiftsched:UCD-HEAP/Swift_Schedule.git
 + f9e8d12...31472c4 gh-pages -> gh-pages (forced update)
=== Run finished: Mon Sep 28 04:00:26 IST 2026 ===
=== Run started: Mon Sep 28 04:10:25 IST 2026 ===
[gh-pages 52dacb4] Auto-deploy: 2026-09-28T03:10:26Z
 Date: Tue Sep 15 08:43:09 2026 +0100
 4 files changed, 12099 insertions(+)
 create mode 100644 SwiftScheduleParser.log
 create mode 100644 github-swiftschedule-deploy.log
 create mode 100644 index.html
 create mode 100644 logfile
To github-swiftsched:UCD-HEAP/Swift_Schedule.git
 + 31472c4...52dacb4 gh-pages -> gh-pages (forced update)
=== Run finished: Mon Sep 28 04:10:27 IST 2026 ===
=== Run started: Mon Sep 28 04:20:25 IST 2026 ===
[gh-pages abf41dc] Auto-deploy: 2026-09-28T03:20:25Z
 Date: Tue Sep 15 08:43:09 2026 +0100
 4 files changed, 12110 insertions(+)
 create mode 100644 SwiftScheduleParser.log
 create mode 100644 github-swiftschedule-deploy.log
 create mode 100644 index.html
 create mode 100644 logfile
To github-swiftsched:UCD-HEAP/Swift_Schedule.git
 + 52dacb4...abf41dc gh-pages -> gh-pages (forced update)
=== Run finished: Mon Sep 28 04:20:27 IST 2026 ===
=== Run started: Mon Sep 28 04:30:25 IST 2026 ===
[gh-pages 6e6f465] Auto-deploy: 2026-09-28T03:30:25Z
 Date: Tue Sep 15 08:43:09 2026 +0100
 4 files changed, 12121 insertions(+)
 create mode 100644 SwiftScheduleParser.log
 create mode 100644 github-swiftschedule-deploy.log
 create mode 100644 index.html
 create mode 100644 logfile
To github-swiftsched:UCD-HEAP/Swift_Schedule.git
 + abf41dc...6e6f465 gh-pages -> gh-pages (forced update)
=== Run finished: Mon Sep 28 04:30:26 IST 2026 ===
=== Run started: Mon Sep 28 04:40:27 IST 2026 ===
[gh-pages 7e5972a] Auto-deploy: 2026-09-28T03:40:27Z
 Date: Tue Sep 15 08:43:09 2026 +0100
 4 files changed, 12132 insertions(+)
 create mode 100644 SwiftScheduleParser.log
 create mode 100644 github-swiftschedule-deploy.log
 create mode 100644 index.html
 create mode 100644 logfile
To github-swiftsched:UCD-HEAP/Swift_Schedule.git
 + 6e6f465...7e5972a gh-pages -> gh-pages (forced update)
=== Run finished: Mon Sep 28 04:40:29 IST 2026 ===
=== Run started: Mon Sep 28 04:50:24 IST 2026 ===
[gh-pages 21196b2] Auto-deploy: 2026-09-28T03:50:24Z
 Date: Tue Sep 15 08:43:09 2026 +0100
 4 files changed, 12143 insertions(+)
 create mode 100644 SwiftScheduleParser.log
 create mode 100644 github-swiftschedule-deploy.log
 create mode 100644 index.html
 create mode 100644 logfile
To github-swiftsched:UCD-HEAP/Swift_Schedule.git
 + 7e5972a...21196b2 gh-pages -> gh-pages (forced update)
=== Run finished: Mon Sep 28 04:50:26 IST 2026 ===
=== Run started: Mon Sep 28 05:00:26 IST 2026 ===
[gh-pages 0bc7dca] Auto-deploy: 2026-09-28T04:00:26Z
 Date: Tue Sep 15 08:43:09 2026 +0100
 4 files changed, 12154 insertions(+)
 create mode 100644 SwiftScheduleParser.log
 create mode 100644 github-swiftschedule-deploy.log
 create mode 100644 index.html
 create mode 100644 logfile
To github-swiftsched:UCD-HEAP/Swift_Schedule.git
 + 21196b2...0bc7dca gh-pages -> gh-pages (forced update)
=== Run finished: Mon Sep 28 05:00:28 IST 2026 ===
=== Run started: Mon Sep 28 05:10:27 IST 2026 ===
[gh-pages 2444495] Auto-deploy: 2026-09-28T04:10:27Z
 Date: Tue Sep 15 08:43:09 2026 +0100
 4 files changed, 12165 insertions(+)
 create mode 100644 SwiftScheduleParser.log
 create mode 100644 github-swiftschedule-deploy.log
 create mode 100644 index.html
 create mode 100644 logfile
To github-swiftsched:UCD-HEAP/Swift_Schedule.git
 + 0bc7dca...2444495 gh-pages -> gh-pages (forced update)
=== Run finished: Mon Sep 28 05:10:28 IST 2026 ===
=== Run started: Mon Sep 28 05:20:25 IST 2026 ===
[gh-pages a3aeed3] Auto-deploy: 2026-09-28T04:20:25Z
 Date: Tue Sep 15 08:43:09 2026 +0100
 4 files changed, 12176 insertions(+)
 create mode 100644 SwiftScheduleParser.log
 create mode 100644 github-swiftschedule-deploy.log
 create mode 100644 index.html
 create mode 100644 logfile
To github-swiftsched:UCD-HEAP/Swift_Schedule.git
 + 2444495...a3aeed3 gh-pages -> gh-pages (forced update)
=== Run finished: Mon Sep 28 05:20:27 IST 2026 ===
=== Run started: Mon Sep 28 05:30:26 IST 2026 ===
[gh-pages 69d8b23] Auto-deploy: 2026-09-28T04:30:26Z
 Date: Tue Sep 15 08:43:09 2026 +0100
 4 files changed, 12187 insertions(+)
 create mode 100644 SwiftScheduleParser.log
 create mode 100644 github-swiftschedule-deploy.log
 create mode 100644 index.html
 create mode 100644 logfile
To github-swiftsched:UCD-HEAP/Swift_Schedule.git
 + a3aeed3...69d8b23 gh-pages -> gh-pages (forced update)
=== Run finished: Mon Sep 28 05:30:28 IST 2026 ===
=== Run started: Mon Sep 28 05:40:24 IST 2026 ===
[gh-pages 9f4b9c9] Auto-deploy: 2026-09-28T04:40:24Z
 Date: Tue Sep 15 08:43:09 2026 +0100
 4 files changed, 12198 insertions(+)
 create mode 100644 SwiftScheduleParser.log
 create mode 100644 github-swiftschedule-deploy.log
 create mode 100644 index.html
 create mode 100644 logfile
To github-swiftsched:UCD-HEAP/Swift_Schedule.git
 + 69d8b23...9f4b9c9 gh-pages -> gh-pages (forced update)
=== Run finished: Mon Sep 28 05:40:26 IST 2026 ===
=== Run started: Mon Sep 28 05:50:27 IST 2026 ===
[gh-pages 3e29960] Auto-deploy: 2026-09-28T04:50:27Z
 Date: Tue Sep 15 08:43:09 2026 +0100
 4 files changed, 12209 insertions(+)
 create mode 100644 SwiftScheduleParser.log
 create mode 100644 github-swiftschedule-deploy.log
 create mode 100644 index.html
 create mode 100644 logfile
To github-swiftsched:UCD-HEAP/Swift_Schedule.git
 + 9f4b9c9...3e29960 gh-pages -> gh-pages (forced update)
=== Run finished: Mon Sep 28 05:50:28 IST 2026 ===
=== Run started: Mon Sep 28 06:00:25 IST 2026 ===
[gh-pages 1f8d34e] Auto-deploy: 2026-09-28T05:00:25Z
 Date: Tue Sep 15 08:43:09 2026 +0100
 4 files changed, 12220 insertions(+)
 create mode 100644 SwiftScheduleParser.log
 create mode 100644 github-swiftschedule-deploy.log
 create mode 100644 index.html
 create mode 100644 logfile
To github-swiftsched:UCD-HEAP/Swift_Schedule.git
 + 3e29960...1f8d34e gh-pages -> gh-pages (forced update)
=== Run finished: Mon Sep 28 06:00:27 IST 2026 ===
=== Run started: Mon Sep 28 06:10:26 IST 2026 ===
[gh-pages a758be4] Auto-deploy: 2026-09-28T05:10:26Z
 Date: Tue Sep 15 08:43:09 2026 +0100
 4 files changed, 12231 insertions(+)
 create mode 100644 SwiftScheduleParser.log
 create mode 100644 github-swiftschedule-deploy.log
 create mode 100644 index.html
 create mode 100644 logfile
To github-swiftsched:UCD-HEAP/Swift_Schedule.git
 + 1f8d34e...a758be4 gh-pages -> gh-pages (forced update)
=== Run finished: Mon Sep 28 06:10:28 IST 2026 ===
=== Run started: Mon Sep 28 06:20:24 IST 2026 ===
[gh-pages 4672ca0] Auto-deploy: 2026-09-28T05:20:24Z
 Date: Tue Sep 15 08:43:09 2026 +0100
 4 files changed, 12242 insertions(+)
 create mode 100644 SwiftScheduleParser.log
 create mode 100644 github-swiftschedule-deploy.log
 create mode 100644 index.html
 create mode 100644 logfile
To github-swiftsched:UCD-HEAP/Swift_Schedule.git
 + a758be4...4672ca0 gh-pages -> gh-pages (forced update)
=== Run finished: Mon Sep 28 06:20:26 IST 2026 ===
=== Run started: Mon Sep 28 06:30:26 IST 2026 ===
[gh-pages 7c9aec1] Auto-deploy: 2026-09-28T05:30:26Z
 Date: Tue Sep 15 08:43:09 2026 +0100
 4 files changed, 12253 insertions(+)
 create mode 100644 SwiftScheduleParser.log
 create mode 100644 github-swiftschedule-deploy.log
 create mode 100644 index.html
 create mode 100644 logfile
To github-swiftsched:UCD-HEAP/Swift_Schedule.git
 + 4672ca0...7c9aec1 gh-pages -> gh-pages (forced update)
=== Run finished: Mon Sep 28 06:30:28 IST 2026 ===
=== Run started: Mon Sep 28 06:40:26 IST 2026 ===
[gh-pages 4e25d61] Auto-deploy: 2026-09-28T05:40:26Z
 Date: Tue Sep 15 08:43:09 2026 +0100
 4 files changed, 12264 insertions(+)
 create mode 100644 SwiftScheduleParser.log
 create mode 100644 github-swiftschedule-deploy.log
 create mode 100644 index.html
 create mode 100644 logfile
To github-swiftsched:UCD-HEAP/Swift_Schedule.git
 + 7c9aec1...4e25d61 gh-pages -> gh-pages (forced update)
=== Run finished: Mon Sep 28 06:40:28 IST 2026 ===
=== Run started: Mon Sep 28 06:50:25 IST 2026 ===
[gh-pages 75f4253] Auto-deploy: 2026-09-28T05:50:25Z
 Date: Tue Sep 15 08:43:09 2026 +0100
 4 files changed, 12275 insertions(+)
 create mode 100644 SwiftScheduleParser.log
 create mode 100644 github-swiftschedule-deploy.log
 create mode 100644 index.html
 create mode 100644 logfile
To github-swiftsched:UCD-HEAP/Swift_Schedule.git
 + 4e25d61...75f4253 gh-pages -> gh-pages (forced update)
=== Run finished: Mon Sep 28 06:50:26 IST 2026 ===
=== Run started: Mon Sep 28 07:00:28 IST 2026 ===
[gh-pages 7036d1d] Auto-deploy: 2026-09-28T06:00:28Z
 Date: Tue Sep 15 08:43:09 2026 +0100
 4 files changed, 12286 insertions(+)
 create mode 100644 SwiftScheduleParser.log
 create mode 100644 github-swiftschedule-deploy.log
 create mode 100644 index.html
 create mode 100644 logfile
To github-swiftsched:UCD-HEAP/Swift_Schedule.git
 + 75f4253...7036d1d gh-pages -> gh-pages (forced update)
=== Run finished: Mon Sep 28 07:00:29 IST 2026 ===
=== Run started: Mon Sep 28 07:10:24 IST 2026 ===
[gh-pages 2b15f66] Auto-deploy: 2026-09-28T06:10:24Z
 Date: Tue Sep 15 08:43:09 2026 +0100
 4 files changed, 12297 insertions(+)
 create mode 100644 SwiftScheduleParser.log
 create mode 100644 github-swiftschedule-deploy.log
 create mode 100644 index.html
 create mode 100644 logfile
To github-swiftsched:UCD-HEAP/Swift_Schedule.git
 + 7036d1d...2b15f66 gh-pages -> gh-pages (forced update)
=== Run finished: Mon Sep 28 07:10:26 IST 2026 ===
=== Run started: Mon Sep 28 07:20:26 IST 2026 ===
[gh-pages c65f9d3] Auto-deploy: 2026-09-28T06:20:27Z
 Date: Tue Sep 15 08:43:09 2026 +0100
 4 files changed, 12308 insertions(+)
 create mode 100644 SwiftScheduleParser.log
 create mode 100644 github-swiftschedule-deploy.log
 create mode 100644 index.html
 create mode 100644 logfile
To github-swiftsched:UCD-HEAP/Swift_Schedule.git
 + 2b15f66...c65f9d3 gh-pages -> gh-pages (forced update)
=== Run finished: Mon Sep 28 07:20:28 IST 2026 ===
=== Run started: Mon Sep 28 07:30:31 IST 2026 ===
[gh-pages 6efaeb8] Auto-deploy: 2026-09-28T06:30:31Z
 Date: Tue Sep 15 08:43:09 2026 +0100
 4 files changed, 12319 insertions(+)
 create mode 100644 SwiftScheduleParser.log
 create mode 100644 github-swiftschedule-deploy.log
 create mode 100644 index.html
 create mode 100644 logfile
To github-swiftsched:UCD-HEAP/Swift_Schedule.git
 + c65f9d3...6efaeb8 gh-pages -> gh-pages (forced update)
=== Run finished: Mon Sep 28 07:30:33 IST 2026 ===
=== Run started: Mon Sep 28 07:40:24 IST 2026 ===
[gh-pages cac24f4] Auto-deploy: 2026-09-28T06:40:24Z
 Date: Tue Sep 15 08:43:09 2026 +0100
 4 files changed, 12330 insertions(+)
 create mode 100644 SwiftScheduleParser.log
 create mode 100644 github-swiftschedule-deploy.log
 create mode 100644 index.html
 create mode 100644 logfile
To github-swiftsched:UCD-HEAP/Swift_Schedule.git
 + 6efaeb8...cac24f4 gh-pages -> gh-pages (forced update)
=== Run finished: Mon Sep 28 07:40:26 IST 2026 ===
=== Run started: Mon Sep 28 07:50:26 IST 2026 ===
[gh-pages 59c6aa4] Auto-deploy: 2026-09-28T06:50:26Z
 Date: Tue Sep 15 08:43:09 2026 +0100
 4 files changed, 12341 insertions(+)
 create mode 100644 SwiftScheduleParser.log
 create mode 100644 github-swiftschedule-deploy.log
 create mode 100644 index.html
 create mode 100644 logfile
To github-swiftsched:UCD-HEAP/Swift_Schedule.git
 + cac24f4...59c6aa4 gh-pages -> gh-pages (forced update)
=== Run finished: Mon Sep 28 07:50:28 IST 2026 ===
=== Run started: Mon Sep 28 08:00:24 IST 2026 ===
[gh-pages 392d0e8] Auto-deploy: 2026-09-28T07:00:24Z
 Date: Tue Sep 15 08:43:09 2026 +0100
 4 files changed, 12352 insertions(+)
 create mode 100644 SwiftScheduleParser.log
 create mode 100644 github-swiftschedule-deploy.log
 create mode 100644 index.html
 create mode 100644 logfile
To github-swiftsched:UCD-HEAP/Swift_Schedule.git
 + 59c6aa4...392d0e8 gh-pages -> gh-pages (forced update)
=== Run finished: Mon Sep 28 08:00:26 IST 2026 ===
=== Run started: Mon Sep 28 08:10:27 IST 2026 ===
[gh-pages 7eb6f9c] Auto-deploy: 2026-09-28T07:10:27Z
 Date: Tue Sep 15 08:43:09 2026 +0100
 4 files changed, 12363 insertions(+)
 create mode 100644 SwiftScheduleParser.log
 create mode 100644 github-swiftschedule-deploy.log
 create mode 100644 index.html
 create mode 100644 logfile
To github-swiftsched:UCD-HEAP/Swift_Schedule.git
 + 392d0e8...7eb6f9c gh-pages -> gh-pages (forced update)
=== Run finished: Mon Sep 28 08:10:28 IST 2026 ===
=== Run started: Mon Sep 28 08:20:25 IST 2026 ===
[gh-pages 6fb7da2] Auto-deploy: 2026-09-28T07:20:25Z
 Date: Tue Sep 15 08:43:09 2026 +0100
 4 files changed, 12374 insertions(+)
 create mode 100644 SwiftScheduleParser.log
 create mode 100644 github-swiftschedule-deploy.log
 create mode 100644 index.html
 create mode 100644 logfile
To github-swiftsched:UCD-HEAP/Swift_Schedule.git
 + 7eb6f9c...6fb7da2 gh-pages -> gh-pages (forced update)
=== Run finished: Mon Sep 28 08:20:27 IST 2026 ===
=== Run started: Mon Sep 28 08:30:27 IST 2026 ===
[gh-pages f2267d3] Auto-deploy: 2026-09-28T07:30:27Z
 Date: Tue Sep 15 08:43:09 2026 +0100
 4 files changed, 12385 insertions(+)
 create mode 100644 SwiftScheduleParser.log
 create mode 100644 github-swiftschedule-deploy.log
 create mode 100644 index.html
 create mode 100644 logfile
To github-swiftsched:UCD-HEAP/Swift_Schedule.git
 + 6fb7da2...f2267d3 gh-pages -> gh-pages (forced update)
=== Run finished: Mon Sep 28 08:30:29 IST 2026 ===
=== Run started: Mon Sep 28 08:40:24 IST 2026 ===
[gh-pages ad52712] Auto-deploy: 2026-09-28T07:40:24Z
 Date: Tue Sep 15 08:43:09 2026 +0100
 4 files changed, 12396 insertions(+)
 create mode 100644 SwiftScheduleParser.log
 create mode 100644 github-swiftschedule-deploy.log
 create mode 100644 index.html
 create mode 100644 logfile
To github-swiftsched:UCD-HEAP/Swift_Schedule.git
 + f2267d3...ad52712 gh-pages -> gh-pages (forced update)
=== Run finished: Mon Sep 28 08:40:26 IST 2026 ===
=== Run started: Mon Sep 28 08:50:26 IST 2026 ===
[gh-pages 1d7626d] Auto-deploy: 2026-09-28T07:50:26Z
 Date: Tue Sep 15 08:43:09 2026 +0100
 4 files changed, 12407 insertions(+)
 create mode 100644 SwiftScheduleParser.log
 create mode 100644 github-swiftschedule-deploy.log
 create mode 100644 index.html
 create mode 100644 logfile
To github-swiftsched:UCD-HEAP/Swift_Schedule.git
 + ad52712...1d7626d gh-pages -> gh-pages (forced update)
=== Run finished: Mon Sep 28 08:50:28 IST 2026 ===
=== Run started: Mon Sep 28 09:00:25 IST 2026 ===
[gh-pages 51b786d] Auto-deploy: 2026-09-28T08:00:25Z
 Date: Tue Sep 15 08:43:09 2026 +0100
 4 files changed, 12418 insertions(+)
 create mode 100644 SwiftScheduleParser.log
 create mode 100644 github-swiftschedule-deploy.log
 create mode 100644 index.html
 create mode 100644 logfile
To github-swiftsched:UCD-HEAP/Swift_Schedule.git
 + 1d7626d...51b786d gh-pages -> gh-pages (forced update)
=== Run finished: Mon Sep 28 09:00:26 IST 2026 ===
=== Run started: Mon Sep 28 09:10:26 IST 2026 ===
[gh-pages 065c4f5] Auto-deploy: 2026-09-28T08:10:26Z
 Date: Tue Sep 15 08:43:09 2026 +0100
 4 files changed, 12429 insertions(+)
 create mode 100644 SwiftScheduleParser.log
 create mode 100644 github-swiftschedule-deploy.log
 create mode 100644 index.html
 create mode 100644 logfile
To github-swiftsched:UCD-HEAP/Swift_Schedule.git
 + 51b786d...065c4f5 gh-pages -> gh-pages (forced update)
=== Run finished: Mon Sep 28 09:10:28 IST 2026 ===
=== Run started: Mon Sep 28 09:20:24 IST 2026 ===
[gh-pages 798b3e7] Auto-deploy: 2026-09-28T08:20:24Z
 Date: Tue Sep 15 08:43:09 2026 +0100
 4 files changed, 12440 insertions(+)
 create mode 100644 SwiftScheduleParser.log
 create mode 100644 github-swiftschedule-deploy.log
 create mode 100644 index.html
 create mode 100644 logfile
To github-swiftsched:UCD-HEAP/Swift_Schedule.git
 + 065c4f5...798b3e7 gh-pages -> gh-pages (forced update)
=== Run finished: Mon Sep 28 09:20:26 IST 2026 ===
=== Run started: Mon Sep 28 09:30:28 IST 2026 ===
[gh-pages d793d2b] Auto-deploy: 2026-09-28T08:30:28Z
 Date: Tue Sep 15 08:43:09 2026 +0100
 4 files changed, 12451 insertions(+)
 create mode 100644 SwiftScheduleParser.log
 create mode 100644 github-swiftschedule-deploy.log
 create mode 100644 index.html
 create mode 100644 logfile
To github-swiftsched:UCD-HEAP/Swift_Schedule.git
 + 798b3e7...d793d2b gh-pages -> gh-pages (forced update)
=== Run finished: Mon Sep 28 09:30:30 IST 2026 ===
=== Run started: Mon Sep 28 09:40:25 IST 2026 ===
[gh-pages 26d4254] Auto-deploy: 2026-09-28T08:40:25Z
 Date: Tue Sep 15 08:43:09 2026 +0100
 4 files changed, 12462 insertions(+)
 create mode 100644 SwiftScheduleParser.log
 create mode 100644 github-swiftschedule-deploy.log
 create mode 100644 index.html
 create mode 100644 logfile
To github-swiftsched:UCD-HEAP/Swift_Schedule.git
 + d793d2b...26d4254 gh-pages -> gh-pages (forced update)
=== Run finished: Mon Sep 28 09:40:27 IST 2026 ===
=== Run started: Mon Sep 28 09:50:26 IST 2026 ===
[gh-pages 7f8e90a] Auto-deploy: 2026-09-28T08:50:26Z
 Date: Tue Sep 15 08:43:09 2026 +0100
 4 files changed, 12473 insertions(+)
 create mode 100644 SwiftScheduleParser.log
 create mode 100644 github-swiftschedule-deploy.log
 create mode 100644 index.html
 create mode 100644 logfile
To github-swiftsched:UCD-HEAP/Swift_Schedule.git
 + 26d4254...7f8e90a gh-pages -> gh-pages (forced update)
=== Run finished: Mon Sep 28 09:50:27 IST 2026 ===
=== Run started: Mon Sep 28 10:00:27 IST 2026 ===
[gh-pages d1ab6c8] Auto-deploy: 2026-09-28T09:00:27Z
 Date: Tue Sep 15 08:43:09 2026 +0100
 4 files changed, 12484 insertions(+)
 create mode 100644 SwiftScheduleParser.log
 create mode 100644 github-swiftschedule-deploy.log
 create mode 100644 index.html
 create mode 100644 logfile
To github-swiftsched:UCD-HEAP/Swift_Schedule.git
 + 7f8e90a...d1ab6c8 gh-pages -> gh-pages (forced update)
=== Run finished: Mon Sep 28 10:00:29 IST 2026 ===
=== Run started: Mon Sep 28 10:10:24 IST 2026 ===
[gh-pages 74b654c] Auto-deploy: 2026-09-28T09:10:24Z
 Date: Tue Sep 15 08:43:09 2026 +0100
 4 files changed, 12495 insertions(+)
 create mode 100644 SwiftScheduleParser.log
 create mode 100644 github-swiftschedule-deploy.log
 create mode 100644 index.html
 create mode 100644 logfile
To github-swiftsched:UCD-HEAP/Swift_Schedule.git
 + d1ab6c8...74b654c gh-pages -> gh-pages (forced update)
=== Run finished: Mon Sep 28 10:10:26 IST 2026 ===
=== Run started: Mon Sep 28 10:20:26 IST 2026 ===
[gh-pages df52495] Auto-deploy: 2026-09-28T09:20:26Z
 Date: Tue Sep 15 08:43:09 2026 +0100
 4 files changed, 12506 insertions(+)
 create mode 100644 SwiftScheduleParser.log
 create mode 100644 github-swiftschedule-deploy.log
 create mode 100644 index.html
 create mode 100644 logfile
To github-swiftsched:UCD-HEAP/Swift_Schedule.git
 + 74b654c...df52495 gh-pages -> gh-pages (forced update)
=== Run finished: Mon Sep 28 10:20:29 IST 2026 ===
=== Run started: Mon Sep 28 10:30:28 IST 2026 ===
[gh-pages 9cd0adf] Auto-deploy: 2026-09-28T09:30:28Z
 Date: Tue Sep 15 08:43:09 2026 +0100
 4 files changed, 12517 insertions(+)
 create mode 100644 SwiftScheduleParser.log
 create mode 100644 github-swiftschedule-deploy.log
 create mode 100644 index.html
 create mode 100644 logfile
To github-swiftsched:UCD-HEAP/Swift_Schedule.git
 + df52495...9cd0adf gh-pages -> gh-pages (forced update)
=== Run finished: Mon Sep 28 10:30:30 IST 2026 ===
=== Run started: Mon Sep 28 10:40:27 IST 2026 ===
[gh-pages 6fda93b] Auto-deploy: 2026-09-28T09:40:27Z
 Date: Tue Sep 15 08:43:09 2026 +0100
 4 files changed, 12528 insertions(+)
 create mode 100644 SwiftScheduleParser.log
 create mode 100644 github-swiftschedule-deploy.log
 create mode 100644 index.html
 create mode 100644 logfile
To github-swiftsched:UCD-HEAP/Swift_Schedule.git
 + 9cd0adf...6fda93b gh-pages -> gh-pages (forced update)
=== Run finished: Mon Sep 28 10:40:29 IST 2026 ===
=== Run started: Mon Sep 28 10:50:24 IST 2026 ===
[gh-pages 68f7ded] Auto-deploy: 2026-09-28T09:50:24Z
 Date: Tue Sep 15 08:43:09 2026 +0100
 4 files changed, 12539 insertions(+)
 create mode 100644 SwiftScheduleParser.log
 create mode 100644 github-swiftschedule-deploy.log
 create mode 100644 index.html
 create mode 100644 logfile
To github-swiftsched:UCD-HEAP/Swift_Schedule.git
 + 6fda93b...68f7ded gh-pages -> gh-pages (forced update)
=== Run finished: Mon Sep 28 10:50:26 IST 2026 ===
=== Run started: Mon Sep 28 11:00:26 IST 2026 ===
[gh-pages 3d4eca5] Auto-deploy: 2026-09-28T10:00:26Z
 Date: Tue Sep 15 08:43:09 2026 +0100
 4 files changed, 12550 insertions(+)
 create mode 100644 SwiftScheduleParser.log
 create mode 100644 github-swiftschedule-deploy.log
 create mode 100644 index.html
 create mode 100644 logfile
To github-swiftsched:UCD-HEAP/Swift_Schedule.git
 + 68f7ded...3d4eca5 gh-pages -> gh-pages (forced update)
=== Run finished: Mon Sep 28 11:00:28 IST 2026 ===
=== Run started: Mon Sep 28 11:10:26 IST 2026 ===
[gh-pages 175b151] Auto-deploy: 2026-09-28T10:10:26Z
 Date: Tue Sep 15 08:43:09 2026 +0100
 4 files changed, 12561 insertions(+)
 create mode 100644 SwiftScheduleParser.log
 create mode 100644 github-swiftschedule-deploy.log
 create mode 100644 index.html
 create mode 100644 logfile
To github-swiftsched:UCD-HEAP/Swift_Schedule.git
 + 3d4eca5...175b151 gh-pages -> gh-pages (forced update)
=== Run finished: Mon Sep 28 11:10:28 IST 2026 ===
=== Run started: Mon Sep 28 11:20:24 IST 2026 ===
[gh-pages a000f5f] Auto-deploy: 2026-09-28T10:20:24Z
 Date: Tue Sep 15 08:43:09 2026 +0100
 4 files changed, 12572 insertions(+)
 create mode 100644 SwiftScheduleParser.log
 create mode 100644 github-swiftschedule-deploy.log
 create mode 100644 index.html
 create mode 100644 logfile
To github-swiftsched:UCD-HEAP/Swift_Schedule.git
 + 175b151...a000f5f gh-pages -> gh-pages (forced update)
=== Run finished: Mon Sep 28 11:20:26 IST 2026 ===
=== Run started: Mon Sep 28 11:30:27 IST 2026 ===
[gh-pages 836a8c6] Auto-deploy: 2026-09-28T10:30:27Z
 Date: Tue Sep 15 08:43:09 2026 +0100
 4 files changed, 12583 insertions(+)
 create mode 100644 SwiftScheduleParser.log
 create mode 100644 github-swiftschedule-deploy.log
 create mode 100644 index.html
 create mode 100644 logfile
To github-swiftsched:UCD-HEAP/Swift_Schedule.git
 + a000f5f...836a8c6 gh-pages -> gh-pages (forced update)
=== Run finished: Mon Sep 28 11:30:28 IST 2026 ===
=== Run started: Mon Sep 28 11:40:24 IST 2026 ===
[gh-pages 65343ff] Auto-deploy: 2026-09-28T10:40:24Z
 Date: Tue Sep 15 08:43:09 2026 +0100
 4 files changed, 12594 insertions(+)
 create mode 100644 SwiftScheduleParser.log
 create mode 100644 github-swiftschedule-deploy.log
 create mode 100644 index.html
 create mode 100644 logfile
To github-swiftsched:UCD-HEAP/Swift_Schedule.git
 + 836a8c6...65343ff gh-pages -> gh-pages (forced update)
=== Run finished: Mon Sep 28 11:40:26 IST 2026 ===
=== Run started: Mon Sep 28 11:50:26 IST 2026 ===
[gh-pages 4766368] Auto-deploy: 2026-09-28T10:50:26Z
 Date: Tue Sep 15 08:43:09 2026 +0100
 4 files changed, 12605 insertions(+)
 create mode 100644 SwiftScheduleParser.log
 create mode 100644 github-swiftschedule-deploy.log
 create mode 100644 index.html
 create mode 100644 logfile
To github-swiftsched:UCD-HEAP/Swift_Schedule.git
 + 65343ff...4766368 gh-pages -> gh-pages (forced update)
=== Run finished: Mon Sep 28 11:50:27 IST 2026 ===
=== Run started: Mon Sep 28 12:00:24 IST 2026 ===
[gh-pages 874f37b] Auto-deploy: 2026-09-28T11:00:24Z
 Date: Tue Sep 15 08:43:09 2026 +0100
 4 files changed, 12616 insertions(+)
 create mode 100644 SwiftScheduleParser.log
 create mode 100644 github-swiftschedule-deploy.log
 create mode 100644 index.html
 create mode 100644 logfile
To github-swiftsched:UCD-HEAP/Swift_Schedule.git
 + 4766368...874f37b gh-pages -> gh-pages (forced update)
=== Run finished: Mon Sep 28 12:00:26 IST 2026 ===
=== Run started: Mon Sep 28 12:10:27 IST 2026 ===
[gh-pages 21591b7] Auto-deploy: 2026-09-28T11:10:27Z
 Date: Tue Sep 15 08:43:09 2026 +0100
 4 files changed, 12627 insertions(+)
 create mode 100644 SwiftScheduleParser.log
 create mode 100644 github-swiftschedule-deploy.log
 create mode 100644 index.html
 create mode 100644 logfile
To github-swiftsched:UCD-HEAP/Swift_Schedule.git
 + 874f37b...21591b7 gh-pages -> gh-pages (forced update)
=== Run finished: Mon Sep 28 12:10:29 IST 2026 ===
=== Run started: Mon Sep 28 12:20:25 IST 2026 ===
[gh-pages 4bf9bbc] Auto-deploy: 2026-09-28T11:20:25Z
 Date: Tue Sep 15 08:43:09 2026 +0100
 4 files changed, 12638 insertions(+)
 create mode 100644 SwiftScheduleParser.log
 create mode 100644 github-swiftschedule-deploy.log
 create mode 100644 index.html
 create mode 100644 logfile
To github-swiftsched:UCD-HEAP/Swift_Schedule.git
 + 21591b7...4bf9bbc gh-pages -> gh-pages (forced update)
=== Run finished: Mon Sep 28 12:20:27 IST 2026 ===
=== Run started: Mon Sep 28 12:30:24 IST 2026 ===
[gh-pages 4764d0d] Auto-deploy: 2026-09-28T11:30:25Z
 Date: Tue Sep 15 08:43:09 2026 +0100
 4 files changed, 12649 insertions(+)
 create mode 100644 SwiftScheduleParser.log
 create mode 100644 github-swiftschedule-deploy.log
 create mode 100644 index.html
 create mode 100644 logfile
To github-swiftsched:UCD-HEAP/Swift_Schedule.git
 + 4bf9bbc...4764d0d gh-pages -> gh-pages (forced update)
=== Run finished: Mon Sep 28 12:30:26 IST 2026 ===
=== Run started: Mon Sep 28 12:40:27 IST 2026 ===
[gh-pages 4498027] Auto-deploy: 2026-09-28T11:40:27Z
 Date: Tue Sep 15 08:43:09 2026 +0100
 4 files changed, 12660 insertions(+)
 create mode 100644 SwiftScheduleParser.log
 create mode 100644 github-swiftschedule-deploy.log
 create mode 100644 index.html
 create mode 100644 logfile
To github-swiftsched:UCD-HEAP/Swift_Schedule.git
 + 4764d0d...4498027 gh-pages -> gh-pages (forced update)
=== Run finished: Mon Sep 28 12:40:28 IST 2026 ===
=== Run started: Mon Sep 28 12:50:24 IST 2026 ===
[gh-pages fc23ad4] Auto-deploy: 2026-09-28T11:50:24Z
 Date: Tue Sep 15 08:43:09 2026 +0100
 4 files changed, 12671 insertions(+)
 create mode 100644 SwiftScheduleParser.log
 create mode 100644 github-swiftschedule-deploy.log
 create mode 100644 index.html
 create mode 100644 logfile
To github-swiftsched:UCD-HEAP/Swift_Schedule.git
 + 4498027...fc23ad4 gh-pages -> gh-pages (forced update)
=== Run finished: Mon Sep 28 12:50:26 IST 2026 ===
=== Run started: Mon Sep 28 13:00:27 IST 2026 ===
[gh-pages 805eb79] Auto-deploy: 2026-09-28T12:00:27Z
 Date: Tue Sep 15 08:43:09 2026 +0100
 4 files changed, 12682 insertions(+)
 create mode 100644 SwiftScheduleParser.log
 create mode 100644 github-swiftschedule-deploy.log
 create mode 100644 index.html
 create mode 100644 logfile
To github-swiftsched:UCD-HEAP/Swift_Schedule.git
 + fc23ad4...805eb79 gh-pages -> gh-pages (forced update)
=== Run finished: Mon Sep 28 13:00:28 IST 2026 ===
=== Run started: Mon Sep 28 13:10:24 IST 2026 ===
[gh-pages 9b18ab5] Auto-deploy: 2026-09-28T12:10:24Z
 Date: Tue Sep 15 08:43:09 2026 +0100
 4 files changed, 12693 insertions(+)
 create mode 100644 SwiftScheduleParser.log
 create mode 100644 github-swiftschedule-deploy.log
 create mode 100644 index.html
 create mode 100644 logfile
To github-swiftsched:UCD-HEAP/Swift_Schedule.git
 + 805eb79...9b18ab5 gh-pages -> gh-pages (forced update)
=== Run finished: Mon Sep 28 13:10:25 IST 2026 ===
=== Run started: Mon Sep 28 13:20:25 IST 2026 ===
[gh-pages 2719bbd] Auto-deploy: 2026-09-28T12:20:25Z
 Date: Tue Sep 15 08:43:09 2026 +0100
 4 files changed, 12704 insertions(+)
 create mode 100644 SwiftScheduleParser.log
 create mode 100644 github-swiftschedule-deploy.log
 create mode 100644 index.html
 create mode 100644 logfile
To github-swiftsched:UCD-HEAP/Swift_Schedule.git
 + 9b18ab5...2719bbd gh-pages -> gh-pages (forced update)
=== Run finished: Mon Sep 28 13:20:27 IST 2026 ===
=== Run started: Mon Sep 28 13:30:27 IST 2026 ===
[gh-pages 086b3bb] Auto-deploy: 2026-09-28T12:30:27Z
 Date: Tue Sep 15 08:43:09 2026 +0100
 4 files changed, 12715 insertions(+)
 create mode 100644 SwiftScheduleParser.log
 create mode 100644 github-swiftschedule-deploy.log
 create mode 100644 index.html
 create mode 100644 logfile
To github-swiftsched:UCD-HEAP/Swift_Schedule.git
 + 2719bbd...086b3bb gh-pages -> gh-pages (forced update)
=== Run finished: Mon Sep 28 13:30:29 IST 2026 ===
=== Run started: Mon Sep 28 13:40:24 IST 2026 ===
[gh-pages de66f8d] Auto-deploy: 2026-09-28T12:40:25Z
 Date: Tue Sep 15 08:43:09 2026 +0100
 4 files changed, 12726 insertions(+)
 create mode 100644 SwiftScheduleParser.log
 create mode 100644 github-swiftschedule-deploy.log
 create mode 100644 index.html
 create mode 100644 logfile
To github-swiftsched:UCD-HEAP/Swift_Schedule.git
 + 086b3bb...de66f8d gh-pages -> gh-pages (forced update)
=== Run finished: Mon Sep 28 13:40:26 IST 2026 ===
=== Run started: Mon Sep 28 13:50:27 IST 2026 ===
[gh-pages d31406f] Auto-deploy: 2026-09-28T12:50:27Z
 Date: Tue Sep 15 08:43:09 2026 +0100
 4 files changed, 12737 insertions(+)
 create mode 100644 SwiftScheduleParser.log
 create mode 100644 github-swiftschedule-deploy.log
 create mode 100644 index.html
 create mode 100644 logfile
To github-swiftsched:UCD-HEAP/Swift_Schedule.git
 + de66f8d...d31406f gh-pages -> gh-pages (forced update)
=== Run finished: Mon Sep 28 13:50:28 IST 2026 ===
=== Run started: Mon Sep 28 14:00:24 IST 2026 ===
[gh-pages 728aedb] Auto-deploy: 2026-09-28T13:00:24Z
 Date: Tue Sep 15 08:43:09 2026 +0100
 4 files changed, 12748 insertions(+)
 create mode 100644 SwiftScheduleParser.log
 create mode 100644 github-swiftschedule-deploy.log
 create mode 100644 index.html
 create mode 100644 logfile
To github-swiftsched:UCD-HEAP/Swift_Schedule.git
 + d31406f...728aedb gh-pages -> gh-pages (forced update)
=== Run finished: Mon Sep 28 14:00:26 IST 2026 ===
=== Run started: Mon Sep 28 14:10:27 IST 2026 ===
[gh-pages 6705641] Auto-deploy: 2026-09-28T13:10:27Z
 Date: Tue Sep 15 08:43:09 2026 +0100
 4 files changed, 12759 insertions(+)
 create mode 100644 SwiftScheduleParser.log
 create mode 100644 github-swiftschedule-deploy.log
 create mode 100644 index.html
 create mode 100644 logfile
To github-swiftsched:UCD-HEAP/Swift_Schedule.git
 + 728aedb...6705641 gh-pages -> gh-pages (forced update)
=== Run finished: Mon Sep 28 14:10:29 IST 2026 ===
=== Run started: Mon Sep 28 14:20:25 IST 2026 ===
[gh-pages 6e2e470] Auto-deploy: 2026-09-28T13:20:25Z
 Date: Tue Sep 15 08:43:09 2026 +0100
 4 files changed, 12770 insertions(+)
 create mode 100644 SwiftScheduleParser.log
 create mode 100644 github-swiftschedule-deploy.log
 create mode 100644 index.html
 create mode 100644 logfile
To github-swiftsched:UCD-HEAP/Swift_Schedule.git
 + 6705641...6e2e470 gh-pages -> gh-pages (forced update)
=== Run finished: Mon Sep 28 14:20:27 IST 2026 ===
=== Run started: Mon Sep 28 14:30:27 IST 2026 ===
[gh-pages cd82fe7] Auto-deploy: 2026-09-28T13:30:27Z
 Date: Tue Sep 15 08:43:09 2026 +0100
 4 files changed, 12781 insertions(+)
 create mode 100644 SwiftScheduleParser.log
 create mode 100644 github-swiftschedule-deploy.log
 create mode 100644 index.html
 create mode 100644 logfile
To github-swiftsched:UCD-HEAP/Swift_Schedule.git
 + 6e2e470...cd82fe7 gh-pages -> gh-pages (forced update)
=== Run finished: Mon Sep 28 14:30:29 IST 2026 ===
=== Run started: Mon Sep 28 14:40:24 IST 2026 ===
[gh-pages 38681d6] Auto-deploy: 2026-09-28T13:40:25Z
 Date: Tue Sep 15 08:43:09 2026 +0100
 4 files changed, 12792 insertions(+)
 create mode 100644 SwiftScheduleParser.log
 create mode 100644 github-swiftschedule-deploy.log
 create mode 100644 index.html
 create mode 100644 logfile
To github-swiftsched:UCD-HEAP/Swift_Schedule.git
 + cd82fe7...38681d6 gh-pages -> gh-pages (forced update)
=== Run finished: Mon Sep 28 14:40:26 IST 2026 ===
=== Run started: Mon Sep 28 14:50:27 IST 2026 ===
[gh-pages d70c4c2] Auto-deploy: 2026-09-28T13:50:27Z
 Date: Tue Sep 15 08:43:09 2026 +0100
 4 files changed, 12803 insertions(+)
 create mode 100644 SwiftScheduleParser.log
 create mode 100644 github-swiftschedule-deploy.log
 create mode 100644 index.html
 create mode 100644 logfile
To github-swiftsched:UCD-HEAP/Swift_Schedule.git
 + 38681d6...d70c4c2 gh-pages -> gh-pages (forced update)
=== Run finished: Mon Sep 28 14:50:29 IST 2026 ===
=== Run started: Mon Sep 28 15:00:25 IST 2026 ===
[gh-pages 8b5f129] Auto-deploy: 2026-09-28T14:00:25Z
 Date: Tue Sep 15 08:43:09 2026 +0100
 4 files changed, 12814 insertions(+)
 create mode 100644 SwiftScheduleParser.log
 create mode 100644 github-swiftschedule-deploy.log
 create mode 100644 index.html
 create mode 100644 logfile
To github-swiftsched:UCD-HEAP/Swift_Schedule.git
 + d70c4c2...8b5f129 gh-pages -> gh-pages (forced update)
=== Run finished: Mon Sep 28 15:00:27 IST 2026 ===
=== Run started: Mon Sep 28 15:10:27 IST 2026 ===
[gh-pages 28ae940] Auto-deploy: 2026-09-28T14:10:27Z
 Date: Tue Sep 15 08:43:09 2026 +0100
 4 files changed, 12825 insertions(+)
 create mode 100644 SwiftScheduleParser.log
 create mode 100644 github-swiftschedule-deploy.log
 create mode 100644 index.html
 create mode 100644 logfile
To github-swiftsched:UCD-HEAP/Swift_Schedule.git
 + 8b5f129...28ae940 gh-pages -> gh-pages (forced update)
=== Run finished: Mon Sep 28 15:10:29 IST 2026 ===
=== Run started: Mon Sep 28 15:20:25 IST 2026 ===
[gh-pages 8a33675] Auto-deploy: 2026-09-28T14:20:25Z
 Date: Tue Sep 15 08:43:09 2026 +0100
 4 files changed, 12836 insertions(+)
 create mode 100644 SwiftScheduleParser.log
 create mode 100644 github-swiftschedule-deploy.log
 create mode 100644 index.html
 create mode 100644 logfile
To github-swiftsched:UCD-HEAP/Swift_Schedule.git
 + 28ae940...8a33675 gh-pages -> gh-pages (forced update)
=== Run finished: Mon Sep 28 15:20:26 IST 2026 ===
=== Run started: Mon Sep 28 15:30:27 IST 2026 ===
[gh-pages 8dbe735] Auto-deploy: 2026-09-28T14:30:27Z
 Date: Tue Sep 15 08:43:09 2026 +0100
 4 files changed, 12847 insertions(+)
 create mode 100644 SwiftScheduleParser.log
 create mode 100644 github-swiftschedule-deploy.log
 create mode 100644 index.html
 create mode 100644 logfile
To github-swiftsched:UCD-HEAP/Swift_Schedule.git
 + 8a33675...8dbe735 gh-pages -> gh-pages (forced update)
=== Run finished: Mon Sep 28 15:30:29 IST 2026 ===
=== Run started: Mon Sep 28 15:40:25 IST 2026 ===
[gh-pages 30b2700] Auto-deploy: 2026-09-28T14:40:25Z
 Date: Tue Sep 15 08:43:09 2026 +0100
 4 files changed, 12858 insertions(+)
 create mode 100644 SwiftScheduleParser.log
 create mode 100644 github-swiftschedule-deploy.log
 create mode 100644 index.html
 create mode 100644 logfile
To github-swiftsched:UCD-HEAP/Swift_Schedule.git
 + 8dbe735...30b2700 gh-pages -> gh-pages (forced update)
=== Run finished: Mon Sep 28 15:40:29 IST 2026 ===
=== Run started: Mon Sep 28 15:50:27 IST 2026 ===
[gh-pages fde4a4c] Auto-deploy: 2026-09-28T14:50:27Z
 Date: Tue Sep 15 08:43:09 2026 +0100
 4 files changed, 12869 insertions(+)
 create mode 100644 SwiftScheduleParser.log
 create mode 100644 github-swiftschedule-deploy.log
 create mode 100644 index.html
 create mode 100644 logfile
To github-swiftsched:UCD-HEAP/Swift_Schedule.git
 + 30b2700...fde4a4c gh-pages -> gh-pages (forced update)
=== Run finished: Mon Sep 28 15:50:30 IST 2026 ===
=== Run started: Mon Sep 28 16:00:24 IST 2026 ===
[gh-pages d5a1b7c] Auto-deploy: 2026-09-28T15:00:24Z
 Date: Tue Sep 15 08:43:09 2026 +0100
 4 files changed, 12880 insertions(+)
 create mode 100644 SwiftScheduleParser.log
 create mode 100644 github-swiftschedule-deploy.log
 create mode 100644 index.html
 create mode 100644 logfile
To github-swiftsched:UCD-HEAP/Swift_Schedule.git
 + fde4a4c...d5a1b7c gh-pages -> gh-pages (forced update)
=== Run finished: Mon Sep 28 16:00:28 IST 2026 ===
=== Run started: Mon Sep 28 16:10:26 IST 2026 ===
[gh-pages 6ee729e] Auto-deploy: 2026-09-28T15:10:26Z
 Date: Tue Sep 15 08:43:09 2026 +0100
 4 files changed, 12891 insertions(+)
 create mode 100644 SwiftScheduleParser.log
 create mode 100644 github-swiftschedule-deploy.log
 create mode 100644 index.html
 create mode 100644 logfile
To github-swiftsched:UCD-HEAP/Swift_Schedule.git
 + d5a1b7c...6ee729e gh-pages -> gh-pages (forced update)
=== Run finished: Mon Sep 28 16:10:28 IST 2026 ===
=== Run started: Mon Sep 28 16:20:26 IST 2026 ===
[gh-pages e6ce531] Auto-deploy: 2026-09-28T15:20:26Z
 Date: Tue Sep 15 08:43:09 2026 +0100
 4 files changed, 12902 insertions(+)
 create mode 100644 SwiftScheduleParser.log
 create mode 100644 github-swiftschedule-deploy.log
 create mode 100644 index.html
 create mode 100644 logfile
To github-swiftsched:UCD-HEAP/Swift_Schedule.git
 + 6ee729e...e6ce531 gh-pages -> gh-pages (forced update)
=== Run finished: Mon Sep 28 16:20:28 IST 2026 ===
=== Run started: Mon Sep 28 16:30:30 IST 2026 ===
[gh-pages e096e6d] Auto-deploy: 2026-09-28T15:30:30Z
 Date: Tue Sep 15 08:43:09 2026 +0100
 4 files changed, 12913 insertions(+)
 create mode 100644 SwiftScheduleParser.log
 create mode 100644 github-swiftschedule-deploy.log
 create mode 100644 index.html
 create mode 100644 logfile
To github-swiftsched:UCD-HEAP/Swift_Schedule.git
 + e6ce531...e096e6d gh-pages -> gh-pages (forced update)
=== Run finished: Mon Sep 28 16:30:33 IST 2026 ===
=== Run started: Mon Sep 28 16:40:25 IST 2026 ===
[gh-pages 69d5429] Auto-deploy: 2026-09-28T15:40:25Z
 Date: Tue Sep 15 08:43:09 2026 +0100
 4 files changed, 12924 insertions(+)
 create mode 100644 SwiftScheduleParser.log
 create mode 100644 github-swiftschedule-deploy.log
 create mode 100644 index.html
 create mode 100644 logfile
To github-swiftsched:UCD-HEAP/Swift_Schedule.git
 + e096e6d...69d5429 gh-pages -> gh-pages (forced update)
=== Run finished: Mon Sep 28 16:40:27 IST 2026 ===
=== Run started: Mon Sep 28 16:50:26 IST 2026 ===
[gh-pages 351a58f] Auto-deploy: 2026-09-28T15:50:26Z
 Date: Tue Sep 15 08:43:09 2026 +0100
 4 files changed, 12935 insertions(+)
 create mode 100644 SwiftScheduleParser.log
 create mode 100644 github-swiftschedule-deploy.log
 create mode 100644 index.html
 create mode 100644 logfile
To github-swiftsched:UCD-HEAP/Swift_Schedule.git
 + 69d5429...351a58f gh-pages -> gh-pages (forced update)
=== Run finished: Mon Sep 28 16:50:28 IST 2026 ===
=== Run started: Mon Sep 28 17:00:26 IST 2026 ===
[gh-pages be620f2] Auto-deploy: 2026-09-28T16:00:26Z
 Date: Tue Sep 15 08:43:09 2026 +0100
 4 files changed, 12946 insertions(+)
 create mode 100644 SwiftScheduleParser.log
 create mode 100644 github-swiftschedule-deploy.log
 create mode 100644 index.html
 create mode 100644 logfile
To github-swiftsched:UCD-HEAP/Swift_Schedule.git
 + 351a58f...be620f2 gh-pages -> gh-pages (forced update)
=== Run finished: Mon Sep 28 17:00:28 IST 2026 ===
=== Run started: Mon Sep 28 17:10:25 IST 2026 ===
[gh-pages f38c974] Auto-deploy: 2026-09-28T16:10:25Z
 Date: Tue Sep 15 08:43:09 2026 +0100
 4 files changed, 12957 insertions(+)
 create mode 100644 SwiftScheduleParser.log
 create mode 100644 github-swiftschedule-deploy.log
 create mode 100644 index.html
 create mode 100644 logfile
To github-swiftsched:UCD-HEAP/Swift_Schedule.git
 + be620f2...f38c974 gh-pages -> gh-pages (forced update)
=== Run finished: Mon Sep 28 17:10:27 IST 2026 ===
=== Run started: Mon Sep 28 17:20:25 IST 2026 ===
[gh-pages 2297455] Auto-deploy: 2026-09-28T16:20:25Z
 Date: Tue Sep 15 08:43:09 2026 +0100
 4 files changed, 12968 insertions(+)
 create mode 100644 SwiftScheduleParser.log
 create mode 100644 github-swiftschedule-deploy.log
 create mode 100644 index.html
 create mode 100644 logfile
To github-swiftsched:UCD-HEAP/Swift_Schedule.git
 + f38c974...2297455 gh-pages -> gh-pages (forced update)
=== Run finished: Mon Sep 28 17:20:27 IST 2026 ===
=== Run started: Mon Sep 28 17:30:26 IST 2026 ===
[gh-pages 1fd05ca] Auto-deploy: 2026-09-28T16:30:26Z
 Date: Tue Sep 15 08:43:09 2026 +0100
 4 files changed, 12979 insertions(+)
 create mode 100644 SwiftScheduleParser.log
 create mode 100644 github-swiftschedule-deploy.log
 create mode 100644 index.html
 create mode 100644 logfile
To github-swiftsched:UCD-HEAP/Swift_Schedule.git
 + 2297455...1fd05ca gh-pages -> gh-pages (forced update)
=== Run finished: Mon Sep 28 17:30:28 IST 2026 ===
=== Run started: Mon Sep 28 17:40:25 IST 2026 ===
[gh-pages f709cb4] Auto-deploy: 2026-09-28T16:40:25Z
 Date: Tue Sep 15 08:43:09 2026 +0100
 4 files changed, 12990 insertions(+)
 create mode 100644 SwiftScheduleParser.log
 create mode 100644 github-swiftschedule-deploy.log
 create mode 100644 index.html
 create mode 100644 logfile
To github-swiftsched:UCD-HEAP/Swift_Schedule.git
 + 1fd05ca...f709cb4 gh-pages -> gh-pages (forced update)
=== Run finished: Mon Sep 28 17:40:27 IST 2026 ===
=== Run started: Mon Sep 28 17:50:27 IST 2026 ===
[gh-pages 5c6781b] Auto-deploy: 2026-09-28T16:50:27Z
 Date: Tue Sep 15 08:43:09 2026 +0100
 4 files changed, 13001 insertions(+)
 create mode 100644 SwiftScheduleParser.log
 create mode 100644 github-swiftschedule-deploy.log
 create mode 100644 index.html
 create mode 100644 logfile
To github-swiftsched:UCD-HEAP/Swift_Schedule.git
 + f709cb4...5c6781b gh-pages -> gh-pages (forced update)
=== Run finished: Mon Sep 28 17:50:29 IST 2026 ===
=== Run started: Mon Sep 28 18:00:26 IST 2026 ===
[gh-pages 446433d] Auto-deploy: 2026-09-28T17:00:26Z
 Date: Tue Sep 15 08:43:09 2026 +0100
 4 files changed, 13012 insertions(+)
 create mode 100644 SwiftScheduleParser.log
 create mode 100644 github-swiftschedule-deploy.log
 create mode 100644 index.html
 create mode 100644 logfile
To github-swiftsched:UCD-HEAP/Swift_Schedule.git
 + 5c6781b...446433d gh-pages -> gh-pages (forced update)
=== Run finished: Mon Sep 28 18:00:28 IST 2026 ===
=== Run started: Mon Sep 28 18:10:25 IST 2026 ===
[gh-pages 3cbbaf8] Auto-deploy: 2026-09-28T17:10:26Z
 Date: Tue Sep 15 08:43:09 2026 +0100
 4 files changed, 13023 insertions(+)
 create mode 100644 SwiftScheduleParser.log
 create mode 100644 github-swiftschedule-deploy.log
 create mode 100644 index.html
 create mode 100644 logfile
To github-swiftsched:UCD-HEAP/Swift_Schedule.git
 + 446433d...3cbbaf8 gh-pages -> gh-pages (forced update)
=== Run finished: Mon Sep 28 18:10:27 IST 2026 ===
=== Run started: Mon Sep 28 18:20:26 IST 2026 ===
[gh-pages 7ab4aea] Auto-deploy: 2026-09-28T17:20:26Z
 Date: Tue Sep 15 08:43:09 2026 +0100
 4 files changed, 13034 insertions(+)
 create mode 100644 SwiftScheduleParser.log
 create mode 100644 github-swiftschedule-deploy.log
 create mode 100644 index.html
 create mode 100644 logfile
To github-swiftsched:UCD-HEAP/Swift_Schedule.git
 + 3cbbaf8...7ab4aea gh-pages -> gh-pages (forced update)
=== Run finished: Mon Sep 28 18:20:32 IST 2026 ===
=== Run started: Mon Sep 28 18:30:30 IST 2026 ===
[gh-pages 7343d74] Auto-deploy: 2026-09-28T17:30:30Z
 Date: Tue Sep 15 08:43:09 2026 +0100
 4 files changed, 13045 insertions(+)
 create mode 100644 SwiftScheduleParser.log
 create mode 100644 github-swiftschedule-deploy.log
 create mode 100644 index.html
 create mode 100644 logfile
To github-swiftsched:UCD-HEAP/Swift_Schedule.git
 + 7ab4aea...7343d74 gh-pages -> gh-pages (forced update)
=== Run finished: Mon Sep 28 18:30:32 IST 2026 ===
=== Run started: Mon Sep 28 18:40:24 IST 2026 ===
[gh-pages 02b8998] Auto-deploy: 2026-09-28T17:40:24Z
 Date: Tue Sep 15 08:43:09 2026 +0100
 4 files changed, 13056 insertions(+)
 create mode 100644 SwiftScheduleParser.log
 create mode 100644 github-swiftschedule-deploy.log
 create mode 100644 index.html
 create mode 100644 logfile
To github-swiftsched:UCD-HEAP/Swift_Schedule.git
 + 7343d74...02b8998 gh-pages -> gh-pages (forced update)
=== Run finished: Mon Sep 28 18:40:26 IST 2026 ===
=== Run started: Mon Sep 28 18:50:28 IST 2026 ===
[gh-pages d3e45cb] Auto-deploy: 2026-09-28T17:50:28Z
 Date: Tue Sep 15 08:43:09 2026 +0100
 4 files changed, 13067 insertions(+)
 create mode 100644 SwiftScheduleParser.log
 create mode 100644 github-swiftschedule-deploy.log
 create mode 100644 index.html
 create mode 100644 logfile
To github-swiftsched:UCD-HEAP/Swift_Schedule.git
 + 02b8998...d3e45cb gh-pages -> gh-pages (forced update)
=== Run finished: Mon Sep 28 18:50:30 IST 2026 ===
=== Run started: Mon Sep 28 19:00:24 IST 2026 ===
[gh-pages e2a92eb] Auto-deploy: 2026-09-28T18:00:24Z
 Date: Tue Sep 15 08:43:09 2026 +0100
 4 files changed, 13078 insertions(+)
 create mode 100644 SwiftScheduleParser.log
 create mode 100644 github-swiftschedule-deploy.log
 create mode 100644 index.html
 create mode 100644 logfile
To github-swiftsched:UCD-HEAP/Swift_Schedule.git
 + d3e45cb...e2a92eb gh-pages -> gh-pages (forced update)
=== Run finished: Mon Sep 28 19:00:26 IST 2026 ===
=== Run started: Mon Sep 28 19:10:26 IST 2026 ===
[gh-pages 25a44fb] Auto-deploy: 2026-09-28T18:10:26Z
 Date: Tue Sep 15 08:43:09 2026 +0100
 4 files changed, 13089 insertions(+)
 create mode 100644 SwiftScheduleParser.log
 create mode 100644 github-swiftschedule-deploy.log
 create mode 100644 index.html
 create mode 100644 logfile
To github-swiftsched:UCD-HEAP/Swift_Schedule.git
 + e2a92eb...25a44fb gh-pages -> gh-pages (forced update)
=== Run finished: Mon Sep 28 19:10:28 IST 2026 ===
=== Run started: Mon Sep 28 19:20:26 IST 2026 ===
[gh-pages 907e5b9] Auto-deploy: 2026-09-28T18:20:26Z
 Date: Tue Sep 15 08:43:09 2026 +0100
 4 files changed, 13100 insertions(+)
 create mode 100644 SwiftScheduleParser.log
 create mode 100644 github-swiftschedule-deploy.log
 create mode 100644 index.html
 create mode 100644 logfile
To github-swiftsched:UCD-HEAP/Swift_Schedule.git
 + 25a44fb...907e5b9 gh-pages -> gh-pages (forced update)
=== Run finished: Mon Sep 28 19:20:30 IST 2026 ===
=== Run started: Mon Sep 28 19:30:25 IST 2026 ===
[gh-pages 752e5f5] Auto-deploy: 2026-09-28T18:30:25Z
 Date: Tue Sep 15 08:43:09 2026 +0100
 4 files changed, 13111 insertions(+)
 create mode 100644 SwiftScheduleParser.log
 create mode 100644 github-swiftschedule-deploy.log
 create mode 100644 index.html
 create mode 100644 logfile
To github-swiftsched:UCD-HEAP/Swift_Schedule.git
 + 907e5b9...752e5f5 gh-pages -> gh-pages (forced update)
=== Run finished: Mon Sep 28 19:30:27 IST 2026 ===
=== Run started: Mon Sep 28 19:40:27 IST 2026 ===
[gh-pages 87fff68] Auto-deploy: 2026-09-28T18:40:27Z
 Date: Tue Sep 15 08:43:09 2026 +0100
 4 files changed, 13122 insertions(+)
 create mode 100644 SwiftScheduleParser.log
 create mode 100644 github-swiftschedule-deploy.log
 create mode 100644 index.html
 create mode 100644 logfile
To github-swiftsched:UCD-HEAP/Swift_Schedule.git
 + 752e5f5...87fff68 gh-pages -> gh-pages (forced update)
=== Run finished: Mon Sep 28 19:40:29 IST 2026 ===
=== Run started: Mon Sep 28 19:50:24 IST 2026 ===
[gh-pages 7d2a705] Auto-deploy: 2026-09-28T18:50:25Z
 Date: Tue Sep 15 08:43:09 2026 +0100
 4 files changed, 13133 insertions(+)
 create mode 100644 SwiftScheduleParser.log
 create mode 100644 github-swiftschedule-deploy.log
 create mode 100644 index.html
 create mode 100644 logfile
To github-swiftsched:UCD-HEAP/Swift_Schedule.git
 + 87fff68...7d2a705 gh-pages -> gh-pages (forced update)
=== Run finished: Mon Sep 28 19:50:26 IST 2026 ===
=== Run started: Mon Sep 28 20:00:27 IST 2026 ===
[gh-pages 8296359] Auto-deploy: 2026-09-28T19:00:27Z
 Date: Tue Sep 15 08:43:09 2026 +0100
 4 files changed, 13144 insertions(+)
 create mode 100644 SwiftScheduleParser.log
 create mode 100644 github-swiftschedule-deploy.log
 create mode 100644 index.html
 create mode 100644 logfile
To github-swiftsched:UCD-HEAP/Swift_Schedule.git
 + 7d2a705...8296359 gh-pages -> gh-pages (forced update)
=== Run finished: Mon Sep 28 20:00:29 IST 2026 ===
=== Run started: Mon Sep 28 20:10:24 IST 2026 ===
[gh-pages 406a49f] Auto-deploy: 2026-09-28T19:10:24Z
 Date: Tue Sep 15 08:43:09 2026 +0100
 4 files changed, 13155 insertions(+)
 create mode 100644 SwiftScheduleParser.log
 create mode 100644 github-swiftschedule-deploy.log
 create mode 100644 index.html
 create mode 100644 logfile
To github-swiftsched:UCD-HEAP/Swift_Schedule.git
 + 8296359...406a49f gh-pages -> gh-pages (forced update)
=== Run finished: Mon Sep 28 20:10:26 IST 2026 ===
=== Run started: Mon Sep 28 20:20:26 IST 2026 ===
[gh-pages d46761a] Auto-deploy: 2026-09-28T19:20:26Z
 Date: Tue Sep 15 08:43:09 2026 +0100
 4 files changed, 13166 insertions(+)
 create mode 100644 SwiftScheduleParser.log
 create mode 100644 github-swiftschedule-deploy.log
 create mode 100644 index.html
 create mode 100644 logfile
To github-swiftsched:UCD-HEAP/Swift_Schedule.git
 + 406a49f...d46761a gh-pages -> gh-pages (forced update)
=== Run finished: Mon Sep 28 20:20:28 IST 2026 ===
=== Run started: Mon Sep 28 20:30:18 IST 2026 ===
[gh-pages 7bca6e4] Auto-deploy: 2026-09-28T19:30:18Z
 Date: Tue Sep 15 08:43:09 2026 +0100
 4 files changed, 13204 insertions(+)
 create mode 100644 SwiftScheduleParser.log
 create mode 100644 github-swiftschedule-deploy.log
 create mode 100644 index.html
 create mode 100644 logfile
To github-swiftsched:UCD-HEAP/Swift_Schedule.git
 + d46761a...7bca6e4 gh-pages -> gh-pages (forced update)
=== Run finished: Mon Sep 28 20:30:23 IST 2026 ===
=== Run started: Mon Sep 28 20:40:15 IST 2026 ===
[gh-pages 09d343d] Auto-deploy: 2026-09-28T19:40:15Z
 Date: Tue Sep 15 08:43:09 2026 +0100
 4 files changed, 13215 insertions(+)
 create mode 100644 SwiftScheduleParser.log
 create mode 100644 github-swiftschedule-deploy.log
 create mode 100644 index.html
 create mode 100644 logfile
To github-swiftsched:UCD-HEAP/Swift_Schedule.git
 + 7bca6e4...09d343d gh-pages -> gh-pages (forced update)
=== Run finished: Mon Sep 28 20:40:17 IST 2026 ===
=== Run started: Mon Sep 28 20:50:17 IST 2026 ===
[gh-pages 79b56fb] Auto-deploy: 2026-09-28T19:50:18Z
 Date: Tue Sep 15 08:43:09 2026 +0100
 4 files changed, 13226 insertions(+)
 create mode 100644 SwiftScheduleParser.log
 create mode 100644 github-swiftschedule-deploy.log
 create mode 100644 index.html
 create mode 100644 logfile
To github-swiftsched:UCD-HEAP/Swift_Schedule.git
 + 09d343d...79b56fb gh-pages -> gh-pages (forced update)
=== Run finished: Mon Sep 28 20:50:19 IST 2026 ===
=== Run started: Mon Sep 28 21:00:18 IST 2026 ===
[gh-pages 98e2e0e] Auto-deploy: 2026-09-28T20:00:18Z
 Date: Tue Sep 15 08:43:09 2026 +0100
 4 files changed, 13237 insertions(+)
 create mode 100644 SwiftScheduleParser.log
 create mode 100644 github-swiftschedule-deploy.log
 create mode 100644 index.html
 create mode 100644 logfile
To github-swiftsched:UCD-HEAP/Swift_Schedule.git
 + 79b56fb...98e2e0e gh-pages -> gh-pages (forced update)
=== Run finished: Mon Sep 28 21:00:20 IST 2026 ===
=== Run started: Mon Sep 28 21:10:15 IST 2026 ===
[gh-pages a0ae29b] Auto-deploy: 2026-09-28T20:10:15Z
 Date: Tue Sep 15 08:43:09 2026 +0100
 4 files changed, 13248 insertions(+)
 create mode 100644 SwiftScheduleParser.log
 create mode 100644 github-swiftschedule-deploy.log
 create mode 100644 index.html
 create mode 100644 logfile
To github-swiftsched:UCD-HEAP/Swift_Schedule.git
 + 98e2e0e...a0ae29b gh-pages -> gh-pages (forced update)
=== Run finished: Mon Sep 28 21:10:17 IST 2026 ===
=== Run started: Mon Sep 28 21:20:17 IST 2026 ===
[gh-pages 47cc9f0] Auto-deploy: 2026-09-28T20:20:17Z
 Date: Tue Sep 15 08:43:09 2026 +0100
 4 files changed, 13259 insertions(+)
 create mode 100644 SwiftScheduleParser.log
 create mode 100644 github-swiftschedule-deploy.log
 create mode 100644 index.html
 create mode 100644 logfile
To github-swiftsched:UCD-HEAP/Swift_Schedule.git
 + a0ae29b...47cc9f0 gh-pages -> gh-pages (forced update)
=== Run finished: Mon Sep 28 21:20:19 IST 2026 ===
=== Run started: Mon Sep 28 21:30:16 IST 2026 ===
[gh-pages fe303e1] Auto-deploy: 2026-09-28T20:30:16Z
 Date: Tue Sep 15 08:43:09 2026 +0100
 4 files changed, 13270 insertions(+)
 create mode 100644 SwiftScheduleParser.log
 create mode 100644 github-swiftschedule-deploy.log
 create mode 100644 index.html
 create mode 100644 logfile
To github-swiftsched:UCD-HEAP/Swift_Schedule.git
 + 47cc9f0...fe303e1 gh-pages -> gh-pages (forced update)
=== Run finished: Mon Sep 28 21:30:18 IST 2026 ===
=== Run started: Mon Sep 28 21:40:17 IST 2026 ===
[gh-pages 0cb09a8] Auto-deploy: 2026-09-28T20:40:17Z
 Date: Tue Sep 15 08:43:09 2026 +0100
 4 files changed, 13281 insertions(+)
 create mode 100644 SwiftScheduleParser.log
 create mode 100644 github-swiftschedule-deploy.log
 create mode 100644 index.html
 create mode 100644 logfile
To github-swiftsched:UCD-HEAP/Swift_Schedule.git
 + fe303e1...0cb09a8 gh-pages -> gh-pages (forced update)
=== Run finished: Mon Sep 28 21:40:19 IST 2026 ===
=== Run started: Mon Sep 28 21:50:17 IST 2026 ===
[gh-pages c44a4e8] Auto-deploy: 2026-09-28T20:50:17Z
 Date: Tue Sep 15 08:43:09 2026 +0100
 4 files changed, 13292 insertions(+)
 create mode 100644 SwiftScheduleParser.log
 create mode 100644 github-swiftschedule-deploy.log
 create mode 100644 index.html
 create mode 100644 logfile
To github-swiftsched:UCD-HEAP/Swift_Schedule.git
 + 0cb09a8...c44a4e8 gh-pages -> gh-pages (forced update)
=== Run finished: Mon Sep 28 21:50:19 IST 2026 ===
=== Run started: Mon Sep 28 22:00:18 IST 2026 ===
[gh-pages 3a339d3] Auto-deploy: 2026-09-28T21:00:18Z
 Date: Tue Sep 15 08:43:09 2026 +0100
 4 files changed, 13303 insertions(+)
 create mode 100644 SwiftScheduleParser.log
 create mode 100644 github-swiftschedule-deploy.log
 create mode 100644 index.html
 create mode 100644 logfile
To github-swiftsched:UCD-HEAP/Swift_Schedule.git
 + c44a4e8...3a339d3 gh-pages -> gh-pages (forced update)
=== Run finished: Mon Sep 28 22:00:20 IST 2026 ===
=== Run started: Mon Sep 28 22:10:15 IST 2026 ===
[gh-pages 4490dbb] Auto-deploy: 2026-09-28T21:10:15Z
 Date: Tue Sep 15 08:43:09 2026 +0100
 4 files changed, 13314 insertions(+)
 create mode 100644 SwiftScheduleParser.log
 create mode 100644 github-swiftschedule-deploy.log
 create mode 100644 index.html
 create mode 100644 logfile
To github-swiftsched:UCD-HEAP/Swift_Schedule.git
 + 3a339d3...4490dbb gh-pages -> gh-pages (forced update)
=== Run finished: Mon Sep 28 22:10:17 IST 2026 ===
=== Run started: Mon Sep 28 22:20:16 IST 2026 ===
[gh-pages 0d2efb2] Auto-deploy: 2026-09-28T21:20:16Z
 Date: Tue Sep 15 08:43:09 2026 +0100
 4 files changed, 13325 insertions(+)
 create mode 100644 SwiftScheduleParser.log
 create mode 100644 github-swiftschedule-deploy.log
 create mode 100644 index.html
 create mode 100644 logfile
To github-swiftsched:UCD-HEAP/Swift_Schedule.git
 + 4490dbb...0d2efb2 gh-pages -> gh-pages (forced update)
=== Run finished: Mon Sep 28 22:20:18 IST 2026 ===
=== Run started: Mon Sep 28 22:30:19 IST 2026 ===
[gh-pages 110c054] Auto-deploy: 2026-09-28T21:30:19Z
 Date: Tue Sep 15 08:43:09 2026 +0100
 4 files changed, 13336 insertions(+)
 create mode 100644 SwiftScheduleParser.log
 create mode 100644 github-swiftschedule-deploy.log
 create mode 100644 index.html
 create mode 100644 logfile
To github-swiftsched:UCD-HEAP/Swift_Schedule.git
 + 0d2efb2...110c054 gh-pages -> gh-pages (forced update)
=== Run finished: Mon Sep 28 22:30:20 IST 2026 ===
=== Run started: Mon Sep 28 22:40:15 IST 2026 ===
[gh-pages 54332e5] Auto-deploy: 2026-09-28T21:40:15Z
 Date: Tue Sep 15 08:43:09 2026 +0100
 4 files changed, 13347 insertions(+)
 create mode 100644 SwiftScheduleParser.log
 create mode 100644 github-swiftschedule-deploy.log
 create mode 100644 index.html
 create mode 100644 logfile
To github-swiftsched:UCD-HEAP/Swift_Schedule.git
 + 110c054...54332e5 gh-pages -> gh-pages (forced update)
=== Run finished: Mon Sep 28 22:40:17 IST 2026 ===
=== Run started: Mon Sep 28 22:50:18 IST 2026 ===
[gh-pages 5f481a4] Auto-deploy: 2026-09-28T21:50:18Z
 Date: Tue Sep 15 08:43:09 2026 +0100
 4 files changed, 13358 insertions(+)
 create mode 100644 SwiftScheduleParser.log
 create mode 100644 github-swiftschedule-deploy.log
 create mode 100644 index.html
 create mode 100644 logfile
To github-swiftsched:UCD-HEAP/Swift_Schedule.git
 + 54332e5...5f481a4 gh-pages -> gh-pages (forced update)
=== Run finished: Mon Sep 28 22:50:19 IST 2026 ===
=== Run started: Mon Sep 28 23:00:14 IST 2026 ===
[gh-pages 7c0327e] Auto-deploy: 2026-09-28T22:00:15Z
 Date: Tue Sep 15 08:43:09 2026 +0100
 4 files changed, 13369 insertions(+)
 create mode 100644 SwiftScheduleParser.log
 create mode 100644 github-swiftschedule-deploy.log
 create mode 100644 index.html
 create mode 100644 logfile
To github-swiftsched:UCD-HEAP/Swift_Schedule.git
 + 5f481a4...7c0327e gh-pages -> gh-pages (forced update)
=== Run finished: Mon Sep 28 23:00:16 IST 2026 ===
=== Run started: Mon Sep 28 23:10:17 IST 2026 ===
[gh-pages e53bdc9] Auto-deploy: 2026-09-28T22:10:17Z
 Date: Tue Sep 15 08:43:09 2026 +0100
 4 files changed, 13380 insertions(+)
 create mode 100644 SwiftScheduleParser.log
 create mode 100644 github-swiftschedule-deploy.log
 create mode 100644 index.html
 create mode 100644 logfile
To github-swiftsched:UCD-HEAP/Swift_Schedule.git
 + 7c0327e...e53bdc9 gh-pages -> gh-pages (forced update)
=== Run finished: Mon Sep 28 23:10:19 IST 2026 ===
=== Run started: Mon Sep 28 23:20:26 IST 2026 ===
[gh-pages 25c8b53] Auto-deploy: 2026-09-28T22:20:26Z
 Date: Tue Sep 15 08:43:09 2026 +0100
 4 files changed, 13391 insertions(+)
 create mode 100644 SwiftScheduleParser.log
 create mode 100644 github-swiftschedule-deploy.log
 create mode 100644 index.html
 create mode 100644 logfile
To github-swiftsched:UCD-HEAP/Swift_Schedule.git
 + e53bdc9...25c8b53 gh-pages -> gh-pages (forced update)
=== Run finished: Mon Sep 28 23:20:28 IST 2026 ===
=== Run started: Mon Sep 28 23:30:15 IST 2026 ===
[gh-pages 9480f4a] Auto-deploy: 2026-09-28T22:30:15Z
 Date: Tue Sep 15 08:43:09 2026 +0100
 4 files changed, 13402 insertions(+)
 create mode 100644 SwiftScheduleParser.log
 create mode 100644 github-swiftschedule-deploy.log
 create mode 100644 index.html
 create mode 100644 logfile
To github-swiftsched:UCD-HEAP/Swift_Schedule.git
 + 25c8b53...9480f4a gh-pages -> gh-pages (forced update)
=== Run finished: Mon Sep 28 23:30:17 IST 2026 ===
=== Run started: Mon Sep 28 23:40:18 IST 2026 ===
[gh-pages fdd3a79] Auto-deploy: 2026-09-28T22:40:18Z
 Date: Tue Sep 15 08:43:09 2026 +0100
 4 files changed, 13413 insertions(+)
 create mode 100644 SwiftScheduleParser.log
 create mode 100644 github-swiftschedule-deploy.log
 create mode 100644 index.html
 create mode 100644 logfile
To github-swiftsched:UCD-HEAP/Swift_Schedule.git
 + 9480f4a...fdd3a79 gh-pages -> gh-pages (forced update)
=== Run finished: Mon Sep 28 23:40:20 IST 2026 ===
=== Run started: Mon Sep 28 23:50:15 IST 2026 ===
[gh-pages 1612e67] Auto-deploy: 2026-09-28T22:50:15Z
 Date: Tue Sep 15 08:43:09 2026 +0100
 4 files changed, 13424 insertions(+)
 create mode 100644 SwiftScheduleParser.log
 create mode 100644 github-swiftschedule-deploy.log
 create mode 100644 index.html
 create mode 100644 logfile
To github-swiftsched:UCD-HEAP/Swift_Schedule.git
 + fdd3a79...1612e67 gh-pages -> gh-pages (forced update)
=== Run finished: Mon Sep 28 23:50:17 IST 2026 ===
=== Run started: Tue Sep 29 00:00:18 IST 2026 ===
[gh-pages 41ed1b1] Auto-deploy: 2026-09-28T23:00:18Z
 Date: Tue Sep 15 08:43:09 2026 +0100
 4 files changed, 13435 insertions(+)
 create mode 100644 SwiftScheduleParser.log
 create mode 100644 github-swiftschedule-deploy.log
 create mode 100644 index.html
 create mode 100644 logfile
To github-swiftsched:UCD-HEAP/Swift_Schedule.git
 + 1612e67...41ed1b1 gh-pages -> gh-pages (forced update)
=== Run finished: Tue Sep 29 00:00:19 IST 2026 ===
=== Run started: Tue Sep 29 00:10:14 IST 2026 ===
[gh-pages fbe64ed] Auto-deploy: 2026-09-28T23:10:14Z
 Date: Tue Sep 15 08:43:09 2026 +0100
 4 files changed, 13446 insertions(+)
 create mode 100644 SwiftScheduleParser.log
 create mode 100644 github-swiftschedule-deploy.log
 create mode 100644 index.html
 create mode 100644 logfile
To github-swiftsched:UCD-HEAP/Swift_Schedule.git
 + 41ed1b1...fbe64ed gh-pages -> gh-pages (forced update)
=== Run finished: Tue Sep 29 00:10:16 IST 2026 ===
=== Run started: Tue Sep 29 00:20:17 IST 2026 ===
[gh-pages 34b2173] Auto-deploy: 2026-09-28T23:20:17Z
 Date: Tue Sep 15 08:43:09 2026 +0100
 4 files changed, 13457 insertions(+)
 create mode 100644 SwiftScheduleParser.log
 create mode 100644 github-swiftschedule-deploy.log
 create mode 100644 index.html
 create mode 100644 logfile
To github-swiftsched:UCD-HEAP/Swift_Schedule.git
 + fbe64ed...34b2173 gh-pages -> gh-pages (forced update)
=== Run finished: Tue Sep 29 00:20:19 IST 2026 ===
=== Run started: Tue Sep 29 00:30:17 IST 2026 ===
[gh-pages 212548a] Auto-deploy: 2026-09-28T23:30:17Z
 Date: Tue Sep 15 08:43:09 2026 +0100
 4 files changed, 13468 insertions(+)
 create mode 100644 SwiftScheduleParser.log
 create mode 100644 github-swiftschedule-deploy.log
 create mode 100644 index.html
 create mode 100644 logfile
To github-swiftsched:UCD-HEAP/Swift_Schedule.git
 + 34b2173...212548a gh-pages -> gh-pages (forced update)
=== Run finished: Tue Sep 29 00:30:19 IST 2026 ===
=== Run started: Tue Sep 29 00:40:15 IST 2026 ===
[gh-pages 10bac7c] Auto-deploy: 2026-09-28T23:40:16Z
 Date: Tue Sep 15 08:43:09 2026 +0100
 4 files changed, 13479 insertions(+)
 create mode 100644 SwiftScheduleParser.log
 create mode 100644 github-swiftschedule-deploy.log
 create mode 100644 index.html
 create mode 100644 logfile
To github-swiftsched:UCD-HEAP/Swift_Schedule.git
 + 212548a...10bac7c gh-pages -> gh-pages (forced update)
=== Run finished: Tue Sep 29 00:40:17 IST 2026 ===
=== Run started: Tue Sep 29 00:50:19 IST 2026 ===
[gh-pages dbf6374] Auto-deploy: 2026-09-28T23:50:19Z
 Date: Tue Sep 15 08:43:09 2026 +0100
 4 files changed, 13490 insertions(+)
 create mode 100644 SwiftScheduleParser.log
 create mode 100644 github-swiftschedule-deploy.log
 create mode 100644 index.html
 create mode 100644 logfile
To github-swiftsched:UCD-HEAP/Swift_Schedule.git
 + 10bac7c...dbf6374 gh-pages -> gh-pages (forced update)
=== Run finished: Tue Sep 29 00:50:21 IST 2026 ===
=== Run started: Tue Sep 29 01:00:24 IST 2026 ===
[gh-pages 9722136] Auto-deploy: 2026-09-29T00:00:24Z
 Date: Tue Sep 15 08:43:09 2026 +0100
 4 files changed, 13454 insertions(+)
 create mode 100644 SwiftScheduleParser.log
 create mode 100644 github-swiftschedule-deploy.log
 create mode 100644 index.html
 create mode 100644 logfile
To github-swiftsched:UCD-HEAP/Swift_Schedule.git
 + dbf6374...9722136 gh-pages -> gh-pages (forced update)
=== Run finished: Tue Sep 29 01:00:26 IST 2026 ===
=== Run started: Tue Sep 29 01:10:27 IST 2026 ===
[gh-pages a67bace] Auto-deploy: 2026-09-29T00:10:27Z
 Date: Tue Sep 15 08:43:09 2026 +0100
 4 files changed, 13465 insertions(+)
 create mode 100644 SwiftScheduleParser.log
 create mode 100644 github-swiftschedule-deploy.log
 create mode 100644 index.html
 create mode 100644 logfile
To github-swiftsched:UCD-HEAP/Swift_Schedule.git
 + 9722136...a67bace gh-pages -> gh-pages (forced update)
=== Run finished: Tue Sep 29 01:10:28 IST 2026 ===
=== Run started: Tue Sep 29 01:20:25 IST 2026 ===
[gh-pages 67cab6a] Auto-deploy: 2026-09-29T00:20:25Z
 Date: Tue Sep 15 08:43:09 2026 +0100
 4 files changed, 13476 insertions(+)
 create mode 100644 SwiftScheduleParser.log
 create mode 100644 github-swiftschedule-deploy.log
 create mode 100644 index.html
 create mode 100644 logfile
To github-swiftsched:UCD-HEAP/Swift_Schedule.git
 + a67bace...67cab6a gh-pages -> gh-pages (forced update)
=== Run finished: Tue Sep 29 01:20:26 IST 2026 ===
=== Run started: Tue Sep 29 01:30:28 IST 2026 ===
[gh-pages c5ea311] Auto-deploy: 2026-09-29T00:30:28Z
 Date: Tue Sep 15 08:43:09 2026 +0100
 4 files changed, 13487 insertions(+)
 create mode 100644 SwiftScheduleParser.log
 create mode 100644 github-swiftschedule-deploy.log
 create mode 100644 index.html
 create mode 100644 logfile
To github-swiftsched:UCD-HEAP/Swift_Schedule.git
 + 67cab6a...c5ea311 gh-pages -> gh-pages (forced update)
=== Run finished: Tue Sep 29 01:30:29 IST 2026 ===
=== Run started: Tue Sep 29 01:40:25 IST 2026 ===
[gh-pages c08a0c8] Auto-deploy: 2026-09-29T00:40:25Z
 Date: Tue Sep 15 08:43:09 2026 +0100
 4 files changed, 13498 insertions(+)
 create mode 100644 SwiftScheduleParser.log
 create mode 100644 github-swiftschedule-deploy.log
 create mode 100644 index.html
 create mode 100644 logfile
To github-swiftsched:UCD-HEAP/Swift_Schedule.git
 + c5ea311...c08a0c8 gh-pages -> gh-pages (forced update)
=== Run finished: Tue Sep 29 01:40:27 IST 2026 ===
=== Run started: Tue Sep 29 01:50:25 IST 2026 ===
[gh-pages 3556e42] Auto-deploy: 2026-09-29T00:50:25Z
 Date: Tue Sep 15 08:43:09 2026 +0100
 4 files changed, 13509 insertions(+)
 create mode 100644 SwiftScheduleParser.log
 create mode 100644 github-swiftschedule-deploy.log
 create mode 100644 index.html
 create mode 100644 logfile
To github-swiftsched:UCD-HEAP/Swift_Schedule.git
 + c08a0c8...3556e42 gh-pages -> gh-pages (forced update)
=== Run finished: Tue Sep 29 01:50:27 IST 2026 ===
=== Run started: Tue Sep 29 02:00:26 IST 2026 ===
[gh-pages 5142f5c] Auto-deploy: 2026-09-29T01:00:27Z
 Date: Tue Sep 15 08:43:09 2026 +0100
 4 files changed, 13520 insertions(+)
 create mode 100644 SwiftScheduleParser.log
 create mode 100644 github-swiftschedule-deploy.log
 create mode 100644 index.html
 create mode 100644 logfile
To github-swiftsched:UCD-HEAP/Swift_Schedule.git
 + 3556e42...5142f5c gh-pages -> gh-pages (forced update)
=== Run finished: Tue Sep 29 02:00:28 IST 2026 ===
=== Run started: Tue Sep 29 02:10:24 IST 2026 ===
[gh-pages 63fa3fc] Auto-deploy: 2026-09-29T01:10:24Z
 Date: Tue Sep 15 08:43:09 2026 +0100
 4 files changed, 13531 insertions(+)
 create mode 100644 SwiftScheduleParser.log
 create mode 100644 github-swiftschedule-deploy.log
 create mode 100644 index.html
 create mode 100644 logfile
To github-swiftsched:UCD-HEAP/Swift_Schedule.git
 + 5142f5c...63fa3fc gh-pages -> gh-pages (forced update)
=== Run finished: Tue Sep 29 02:10:26 IST 2026 ===
=== Run started: Tue Sep 29 02:20:26 IST 2026 ===
[gh-pages b1550a7] Auto-deploy: 2026-09-29T01:20:26Z
 Date: Tue Sep 15 08:43:09 2026 +0100
 4 files changed, 13542 insertions(+)
 create mode 100644 SwiftScheduleParser.log
 create mode 100644 github-swiftschedule-deploy.log
 create mode 100644 index.html
 create mode 100644 logfile
To github-swiftsched:UCD-HEAP/Swift_Schedule.git
 + 63fa3fc...b1550a7 gh-pages -> gh-pages (forced update)
=== Run finished: Tue Sep 29 02:20:28 IST 2026 ===
=== Run started: Tue Sep 29 02:30:26 IST 2026 ===
[gh-pages 83eb1e9] Auto-deploy: 2026-09-29T01:30:26Z
 Date: Tue Sep 15 08:43:09 2026 +0100
 4 files changed, 13553 insertions(+)
 create mode 100644 SwiftScheduleParser.log
 create mode 100644 github-swiftschedule-deploy.log
 create mode 100644 index.html
 create mode 100644 logfile
To github-swiftsched:UCD-HEAP/Swift_Schedule.git
 + b1550a7...83eb1e9 gh-pages -> gh-pages (forced update)
=== Run finished: Tue Sep 29 02:30:28 IST 2026 ===
=== Run started: Tue Sep 29 02:40:27 IST 2026 ===
[gh-pages b04dcac] Auto-deploy: 2026-09-29T01:40:27Z
 Date: Tue Sep 15 08:43:09 2026 +0100
 4 files changed, 13564 insertions(+)
 create mode 100644 SwiftScheduleParser.log
 create mode 100644 github-swiftschedule-deploy.log
 create mode 100644 index.html
 create mode 100644 logfile
To github-swiftsched:UCD-HEAP/Swift_Schedule.git
 + 83eb1e9...b04dcac gh-pages -> gh-pages (forced update)
=== Run finished: Tue Sep 29 02:40:28 IST 2026 ===
=== Run started: Tue Sep 29 02:50:24 IST 2026 ===
[gh-pages 6dca1f0] Auto-deploy: 2026-09-29T01:50:24Z
 Date: Tue Sep 15 08:43:09 2026 +0100
 4 files changed, 13575 insertions(+)
 create mode 100644 SwiftScheduleParser.log
 create mode 100644 github-swiftschedule-deploy.log
 create mode 100644 index.html
 create mode 100644 logfile
To github-swiftsched:UCD-HEAP/Swift_Schedule.git
 + b04dcac...6dca1f0 gh-pages -> gh-pages (forced update)
=== Run finished: Tue Sep 29 02:50:26 IST 2026 ===
=== Run started: Tue Sep 29 03:00:26 IST 2026 ===
[gh-pages dcf234a] Auto-deploy: 2026-09-29T02:00:26Z
 Date: Tue Sep 15 08:43:09 2026 +0100
 4 files changed, 13586 insertions(+)
 create mode 100644 SwiftScheduleParser.log
 create mode 100644 github-swiftschedule-deploy.log
 create mode 100644 index.html
 create mode 100644 logfile
To github-swiftsched:UCD-HEAP/Swift_Schedule.git
 + 6dca1f0...dcf234a gh-pages -> gh-pages (forced update)
=== Run finished: Tue Sep 29 03:00:28 IST 2026 ===
=== Run started: Tue Sep 29 03:10:25 IST 2026 ===
[gh-pages 55ecf70] Auto-deploy: 2026-09-29T02:10:25Z
 Date: Tue Sep 15 08:43:09 2026 +0100
 4 files changed, 13597 insertions(+)
 create mode 100644 SwiftScheduleParser.log
 create mode 100644 github-swiftschedule-deploy.log
 create mode 100644 index.html
 create mode 100644 logfile
To github-swiftsched:UCD-HEAP/Swift_Schedule.git
 + dcf234a...55ecf70 gh-pages -> gh-pages (forced update)
=== Run finished: Tue Sep 29 03:10:26 IST 2026 ===
=== Run started: Tue Sep 29 03:20:25 IST 2026 ===
[gh-pages 077a0b4] Auto-deploy: 2026-09-29T02:20:25Z
 Date: Tue Sep 15 08:43:09 2026 +0100
 4 files changed, 13608 insertions(+)
 create mode 100644 SwiftScheduleParser.log
 create mode 100644 github-swiftschedule-deploy.log
 create mode 100644 index.html
 create mode 100644 logfile
To github-swiftsched:UCD-HEAP/Swift_Schedule.git
 + 55ecf70...077a0b4 gh-pages -> gh-pages (forced update)
=== Run finished: Tue Sep 29 03:20:27 IST 2026 ===
=== Run started: Tue Sep 29 03:30:28 IST 2026 ===
[gh-pages 87a902a] Auto-deploy: 2026-09-29T02:30:28Z
 Date: Tue Sep 15 08:43:09 2026 +0100
 4 files changed, 13619 insertions(+)
 create mode 100644 SwiftScheduleParser.log
 create mode 100644 github-swiftschedule-deploy.log
 create mode 100644 index.html
 create mode 100644 logfile
To github-swiftsched:UCD-HEAP/Swift_Schedule.git
 + 077a0b4...87a902a gh-pages -> gh-pages (forced update)
=== Run finished: Tue Sep 29 03:30:29 IST 2026 ===
=== Run started: Tue Sep 29 03:40:24 IST 2026 ===
[gh-pages e6e8c4e] Auto-deploy: 2026-09-29T02:40:24Z
 Date: Tue Sep 15 08:43:09 2026 +0100
 4 files changed, 13630 insertions(+)
 create mode 100644 SwiftScheduleParser.log
 create mode 100644 github-swiftschedule-deploy.log
 create mode 100644 index.html
 create mode 100644 logfile
To github-swiftsched:UCD-HEAP/Swift_Schedule.git
 + 87a902a...e6e8c4e gh-pages -> gh-pages (forced update)
=== Run finished: Tue Sep 29 03:40:26 IST 2026 ===
=== Run started: Tue Sep 29 03:50:26 IST 2026 ===
[gh-pages fc531d6] Auto-deploy: 2026-09-29T02:50:26Z
 Date: Tue Sep 15 08:43:09 2026 +0100
 4 files changed, 13641 insertions(+)
 create mode 100644 SwiftScheduleParser.log
 create mode 100644 github-swiftschedule-deploy.log
 create mode 100644 index.html
 create mode 100644 logfile
To github-swiftsched:UCD-HEAP/Swift_Schedule.git
 + e6e8c4e...fc531d6 gh-pages -> gh-pages (forced update)
=== Run finished: Tue Sep 29 03:50:28 IST 2026 ===
=== Run started: Tue Sep 29 04:00:24 IST 2026 ===
[gh-pages 7ba988a] Auto-deploy: 2026-09-29T03:00:24Z
 Date: Tue Sep 15 08:43:09 2026 +0100
 4 files changed, 13652 insertions(+)
 create mode 100644 SwiftScheduleParser.log
 create mode 100644 github-swiftschedule-deploy.log
 create mode 100644 index.html
 create mode 100644 logfile
To github-swiftsched:UCD-HEAP/Swift_Schedule.git
 + fc531d6...7ba988a gh-pages -> gh-pages (forced update)
=== Run finished: Tue Sep 29 04:00:26 IST 2026 ===
=== Run started: Tue Sep 29 04:10:26 IST 2026 ===
[gh-pages 6437ebc] Auto-deploy: 2026-09-29T03:10:26Z
 Date: Tue Sep 15 08:43:09 2026 +0100
 4 files changed, 13663 insertions(+)
 create mode 100644 SwiftScheduleParser.log
 create mode 100644 github-swiftschedule-deploy.log
 create mode 100644 index.html
 create mode 100644 logfile
To github-swiftsched:UCD-HEAP/Swift_Schedule.git
 + 7ba988a...6437ebc gh-pages -> gh-pages (forced update)
=== Run finished: Tue Sep 29 04:10:28 IST 2026 ===
=== Run started: Tue Sep 29 04:20:26 IST 2026 ===
[gh-pages 67ddd67] Auto-deploy: 2026-09-29T03:20:26Z
 Date: Tue Sep 15 08:43:09 2026 +0100
 4 files changed, 13674 insertions(+)
 create mode 100644 SwiftScheduleParser.log
 create mode 100644 github-swiftschedule-deploy.log
 create mode 100644 index.html
 create mode 100644 logfile
To github-swiftsched:UCD-HEAP/Swift_Schedule.git
 + 6437ebc...67ddd67 gh-pages -> gh-pages (forced update)
=== Run finished: Tue Sep 29 04:20:28 IST 2026 ===
=== Run started: Tue Sep 29 04:30:25 IST 2026 ===
[gh-pages f06009a] Auto-deploy: 2026-09-29T03:30:25Z
 Date: Tue Sep 15 08:43:09 2026 +0100
 4 files changed, 13685 insertions(+)
 create mode 100644 SwiftScheduleParser.log
 create mode 100644 github-swiftschedule-deploy.log
 create mode 100644 index.html
 create mode 100644 logfile
To github-swiftsched:UCD-HEAP/Swift_Schedule.git
 + 67ddd67...f06009a gh-pages -> gh-pages (forced update)
=== Run finished: Tue Sep 29 04:30:26 IST 2026 ===
=== Run started: Tue Sep 29 04:40:26 IST 2026 ===
[gh-pages db6d0f5] Auto-deploy: 2026-09-29T03:40:26Z
 Date: Tue Sep 15 08:43:09 2026 +0100
 4 files changed, 13696 insertions(+)
 create mode 100644 SwiftScheduleParser.log
 create mode 100644 github-swiftschedule-deploy.log
 create mode 100644 index.html
 create mode 100644 logfile
To github-swiftsched:UCD-HEAP/Swift_Schedule.git
 + f06009a...db6d0f5 gh-pages -> gh-pages (forced update)
=== Run finished: Tue Sep 29 04:40:28 IST 2026 ===
=== Run started: Tue Sep 29 04:50:24 IST 2026 ===
[gh-pages 75c5733] Auto-deploy: 2026-09-29T03:50:24Z
 Date: Tue Sep 15 08:43:09 2026 +0100
 4 files changed, 13707 insertions(+)
 create mode 100644 SwiftScheduleParser.log
 create mode 100644 github-swiftschedule-deploy.log
 create mode 100644 index.html
 create mode 100644 logfile
To github-swiftsched:UCD-HEAP/Swift_Schedule.git
 + db6d0f5...75c5733 gh-pages -> gh-pages (forced update)
=== Run finished: Tue Sep 29 04:50:26 IST 2026 ===
=== Run started: Tue Sep 29 05:00:26 IST 2026 ===
[gh-pages f2844d2] Auto-deploy: 2026-09-29T04:00:26Z
 Date: Tue Sep 15 08:43:09 2026 +0100
 4 files changed, 13718 insertions(+)
 create mode 100644 SwiftScheduleParser.log
 create mode 100644 github-swiftschedule-deploy.log
 create mode 100644 index.html
 create mode 100644 logfile
To github-swiftsched:UCD-HEAP/Swift_Schedule.git
 + 75c5733...f2844d2 gh-pages -> gh-pages (forced update)
=== Run finished: Tue Sep 29 05:00:28 IST 2026 ===
=== Run started: Tue Sep 29 05:10:24 IST 2026 ===
[gh-pages c21a5c8] Auto-deploy: 2026-09-29T04:10:24Z
 Date: Tue Sep 15 08:43:09 2026 +0100
 4 files changed, 13729 insertions(+)
 create mode 100644 SwiftScheduleParser.log
 create mode 100644 github-swiftschedule-deploy.log
 create mode 100644 index.html
 create mode 100644 logfile
To github-swiftsched:UCD-HEAP/Swift_Schedule.git
 + f2844d2...c21a5c8 gh-pages -> gh-pages (forced update)
=== Run finished: Tue Sep 29 05:10:26 IST 2026 ===
=== Run started: Tue Sep 29 05:20:26 IST 2026 ===
[gh-pages 75895a5] Auto-deploy: 2026-09-29T04:20:26Z
 Date: Tue Sep 15 08:43:09 2026 +0100
 4 files changed, 13740 insertions(+)
 create mode 100644 SwiftScheduleParser.log
 create mode 100644 github-swiftschedule-deploy.log
 create mode 100644 index.html
 create mode 100644 logfile
To github-swiftsched:UCD-HEAP/Swift_Schedule.git
 + c21a5c8...75895a5 gh-pages -> gh-pages (forced update)
=== Run finished: Tue Sep 29 05:20:27 IST 2026 ===
=== Run started: Tue Sep 29 05:30:25 IST 2026 ===
[gh-pages 69ed593] Auto-deploy: 2026-09-29T04:30:25Z
 Date: Tue Sep 15 08:43:09 2026 +0100
 4 files changed, 13751 insertions(+)
 create mode 100644 SwiftScheduleParser.log
 create mode 100644 github-swiftschedule-deploy.log
 create mode 100644 index.html
 create mode 100644 logfile
To github-swiftsched:UCD-HEAP/Swift_Schedule.git
 + 75895a5...69ed593 gh-pages -> gh-pages (forced update)
=== Run finished: Tue Sep 29 05:30:26 IST 2026 ===
=== Run started: Tue Sep 29 05:40:27 IST 2026 ===
[gh-pages 9ba036d] Auto-deploy: 2026-09-29T04:40:27Z
 Date: Tue Sep 15 08:43:09 2026 +0100
 4 files changed, 13762 insertions(+)
 create mode 100644 SwiftScheduleParser.log
 create mode 100644 github-swiftschedule-deploy.log
 create mode 100644 index.html
 create mode 100644 logfile
To github-swiftsched:UCD-HEAP/Swift_Schedule.git
 + 69ed593...9ba036d gh-pages -> gh-pages (forced update)
=== Run finished: Tue Sep 29 05:40:29 IST 2026 ===
=== Run started: Tue Sep 29 05:50:24 IST 2026 ===
[gh-pages 5869b93] Auto-deploy: 2026-09-29T04:50:24Z
 Date: Tue Sep 15 08:43:09 2026 +0100
 4 files changed, 13773 insertions(+)
 create mode 100644 SwiftScheduleParser.log
 create mode 100644 github-swiftschedule-deploy.log
 create mode 100644 index.html
 create mode 100644 logfile
To github-swiftsched:UCD-HEAP/Swift_Schedule.git
 + 9ba036d...5869b93 gh-pages -> gh-pages (forced update)
=== Run finished: Tue Sep 29 05:50:26 IST 2026 ===
=== Run started: Tue Sep 29 06:00:25 IST 2026 ===
[gh-pages 0971097] Auto-deploy: 2026-09-29T05:00:25Z
 Date: Tue Sep 15 08:43:09 2026 +0100
 4 files changed, 13784 insertions(+)
 create mode 100644 SwiftScheduleParser.log
 create mode 100644 github-swiftschedule-deploy.log
 create mode 100644 index.html
 create mode 100644 logfile
To github-swiftsched:UCD-HEAP/Swift_Schedule.git
 + 5869b93...0971097 gh-pages -> gh-pages (forced update)
=== Run finished: Tue Sep 29 06:00:27 IST 2026 ===
=== Run started: Tue Sep 29 06:10:24 IST 2026 ===
[gh-pages def1541] Auto-deploy: 2026-09-29T05:10:25Z
 Date: Tue Sep 15 08:43:09 2026 +0100
 4 files changed, 13795 insertions(+)
 create mode 100644 SwiftScheduleParser.log
 create mode 100644 github-swiftschedule-deploy.log
 create mode 100644 index.html
 create mode 100644 logfile
To github-swiftsched:UCD-HEAP/Swift_Schedule.git
 + 0971097...def1541 gh-pages -> gh-pages (forced update)
=== Run finished: Tue Sep 29 06:10:26 IST 2026 ===
=== Run started: Tue Sep 29 06:20:26 IST 2026 ===
[gh-pages 1f8bdd5] Auto-deploy: 2026-09-29T05:20:26Z
 Date: Tue Sep 15 08:43:09 2026 +0100
 4 files changed, 13806 insertions(+)
 create mode 100644 SwiftScheduleParser.log
 create mode 100644 github-swiftschedule-deploy.log
 create mode 100644 index.html
 create mode 100644 logfile
To github-swiftsched:UCD-HEAP/Swift_Schedule.git
 + def1541...1f8bdd5 gh-pages -> gh-pages (forced update)
=== Run finished: Tue Sep 29 06:20:28 IST 2026 ===
=== Run started: Tue Sep 29 06:30:26 IST 2026 ===
[gh-pages dbde824] Auto-deploy: 2026-09-29T05:30:26Z
 Date: Tue Sep 15 08:43:09 2026 +0100
 4 files changed, 13817 insertions(+)
 create mode 100644 SwiftScheduleParser.log
 create mode 100644 github-swiftschedule-deploy.log
 create mode 100644 index.html
 create mode 100644 logfile
To github-swiftsched:UCD-HEAP/Swift_Schedule.git
 + 1f8bdd5...dbde824 gh-pages -> gh-pages (forced update)
=== Run finished: Tue Sep 29 06:30:28 IST 2026 ===
=== Run started: Tue Sep 29 06:40:24 IST 2026 ===
[gh-pages 1c0bf26] Auto-deploy: 2026-09-29T05:40:24Z
 Date: Tue Sep 15 08:43:09 2026 +0100
 4 files changed, 13828 insertions(+)
 create mode 100644 SwiftScheduleParser.log
 create mode 100644 github-swiftschedule-deploy.log
 create mode 100644 index.html
 create mode 100644 logfile
To github-swiftsched:UCD-HEAP/Swift_Schedule.git
 + dbde824...1c0bf26 gh-pages -> gh-pages (forced update)
=== Run finished: Tue Sep 29 06:40:26 IST 2026 ===
=== Run started: Tue Sep 29 06:50:26 IST 2026 ===
[gh-pages 4ad9b61] Auto-deploy: 2026-09-29T05:50:26Z
 Date: Tue Sep 15 08:43:09 2026 +0100
 4 files changed, 13839 insertions(+)
 create mode 100644 SwiftScheduleParser.log
 create mode 100644 github-swiftschedule-deploy.log
 create mode 100644 index.html
 create mode 100644 logfile
To github-swiftsched:UCD-HEAP/Swift_Schedule.git
 + 1c0bf26...4ad9b61 gh-pages -> gh-pages (forced update)
=== Run finished: Tue Sep 29 06:50:28 IST 2026 ===
=== Run started: Tue Sep 29 07:00:25 IST 2026 ===
[gh-pages 3d8d535] Auto-deploy: 2026-09-29T06:00:25Z
 Date: Tue Sep 15 08:43:09 2026 +0100
 4 files changed, 13850 insertions(+)
 create mode 100644 SwiftScheduleParser.log
 create mode 100644 github-swiftschedule-deploy.log
 create mode 100644 index.html
 create mode 100644 logfile
To github-swiftsched:UCD-HEAP/Swift_Schedule.git
 + 4ad9b61...3d8d535 gh-pages -> gh-pages (forced update)
=== Run finished: Tue Sep 29 07:00:26 IST 2026 ===
=== Run started: Tue Sep 29 07:10:25 IST 2026 ===
[gh-pages 216e282] Auto-deploy: 2026-09-29T06:10:25Z
 Date: Tue Sep 15 08:43:09 2026 +0100
 4 files changed, 13861 insertions(+)
 create mode 100644 SwiftScheduleParser.log
 create mode 100644 github-swiftschedule-deploy.log
 create mode 100644 index.html
 create mode 100644 logfile
To github-swiftsched:UCD-HEAP/Swift_Schedule.git
 + 3d8d535...216e282 gh-pages -> gh-pages (forced update)
=== Run finished: Tue Sep 29 07:10:27 IST 2026 ===
=== Run started: Tue Sep 29 07:20:27 IST 2026 ===
[gh-pages 7515268] Auto-deploy: 2026-09-29T06:20:27Z
 Date: Tue Sep 15 08:43:09 2026 +0100
 4 files changed, 13872 insertions(+)
 create mode 100644 SwiftScheduleParser.log
 create mode 100644 github-swiftschedule-deploy.log
 create mode 100644 index.html
 create mode 100644 logfile
To github-swiftsched:UCD-HEAP/Swift_Schedule.git
 + 216e282...7515268 gh-pages -> gh-pages (forced update)
=== Run finished: Tue Sep 29 07:20:28 IST 2026 ===
=== Run started: Tue Sep 29 07:30:24 IST 2026 ===
[gh-pages 1e5dc13] Auto-deploy: 2026-09-29T06:30:24Z
 Date: Tue Sep 15 08:43:09 2026 +0100
 4 files changed, 13883 insertions(+)
 create mode 100644 SwiftScheduleParser.log
 create mode 100644 github-swiftschedule-deploy.log
 create mode 100644 index.html
 create mode 100644 logfile
To github-swiftsched:UCD-HEAP/Swift_Schedule.git
 + 7515268...1e5dc13 gh-pages -> gh-pages (forced update)
=== Run finished: Tue Sep 29 07:30:26 IST 2026 ===
=== Run started: Tue Sep 29 07:40:27 IST 2026 ===
[gh-pages 6ed21f0] Auto-deploy: 2026-09-29T06:40:27Z
 Date: Tue Sep 15 08:43:09 2026 +0100
 4 files changed, 13894 insertions(+)
 create mode 100644 SwiftScheduleParser.log
 create mode 100644 github-swiftschedule-deploy.log
 create mode 100644 index.html
 create mode 100644 logfile
To github-swiftsched:UCD-HEAP/Swift_Schedule.git
 + 1e5dc13...6ed21f0 gh-pages -> gh-pages (forced update)
=== Run finished: Tue Sep 29 07:40:28 IST 2026 ===
=== Run started: Tue Sep 29 07:50:24 IST 2026 ===
[gh-pages a73b5bf] Auto-deploy: 2026-09-29T06:50:24Z
 Date: Tue Sep 15 08:43:09 2026 +0100
 4 files changed, 13905 insertions(+)
 create mode 100644 SwiftScheduleParser.log
 create mode 100644 github-swiftschedule-deploy.log
 create mode 100644 index.html
 create mode 100644 logfile
To github-swiftsched:UCD-HEAP/Swift_Schedule.git
 + 6ed21f0...a73b5bf gh-pages -> gh-pages (forced update)
=== Run finished: Tue Sep 29 07:50:26 IST 2026 ===
=== Run started: Tue Sep 29 08:00:26 IST 2026 ===
[gh-pages 0d12cac] Auto-deploy: 2026-09-29T07:00:26Z
 Date: Tue Sep 15 08:43:09 2026 +0100
 4 files changed, 13916 insertions(+)
 create mode 100644 SwiftScheduleParser.log
 create mode 100644 github-swiftschedule-deploy.log
 create mode 100644 index.html
 create mode 100644 logfile
To github-swiftsched:UCD-HEAP/Swift_Schedule.git
 + a73b5bf...0d12cac gh-pages -> gh-pages (forced update)
=== Run finished: Tue Sep 29 08:00:28 IST 2026 ===
=== Run started: Tue Sep 29 08:10:24 IST 2026 ===
[gh-pages b8ff2be] Auto-deploy: 2026-09-29T07:10:24Z
 Date: Tue Sep 15 08:43:09 2026 +0100
 4 files changed, 13927 insertions(+)
 create mode 100644 SwiftScheduleParser.log
 create mode 100644 github-swiftschedule-deploy.log
 create mode 100644 index.html
 create mode 100644 logfile
To github-swiftsched:UCD-HEAP/Swift_Schedule.git
 + 0d12cac...b8ff2be gh-pages -> gh-pages (forced update)
=== Run finished: Tue Sep 29 08:10:26 IST 2026 ===
=== Run started: Tue Sep 29 08:20:26 IST 2026 ===
[gh-pages 89cb5b2] Auto-deploy: 2026-09-29T07:20:26Z
 Date: Tue Sep 15 08:43:09 2026 +0100
 4 files changed, 13938 insertions(+)
 create mode 100644 SwiftScheduleParser.log
 create mode 100644 github-swiftschedule-deploy.log
 create mode 100644 index.html
 create mode 100644 logfile
To github-swiftsched:UCD-HEAP/Swift_Schedule.git
 + b8ff2be...89cb5b2 gh-pages -> gh-pages (forced update)
=== Run finished: Tue Sep 29 08:20:27 IST 2026 ===
=== Run started: Tue Sep 29 08:30:25 IST 2026 ===
[gh-pages 37554d8] Auto-deploy: 2026-09-29T07:30:25Z
 Date: Tue Sep 15 08:43:09 2026 +0100
 4 files changed, 13949 insertions(+)
 create mode 100644 SwiftScheduleParser.log
 create mode 100644 github-swiftschedule-deploy.log
 create mode 100644 index.html
 create mode 100644 logfile
To github-swiftsched:UCD-HEAP/Swift_Schedule.git
 + 89cb5b2...37554d8 gh-pages -> gh-pages (forced update)
=== Run finished: Tue Sep 29 08:30:27 IST 2026 ===
=== Run started: Tue Sep 29 08:40:25 IST 2026 ===
[gh-pages d0f04d8] Auto-deploy: 2026-09-29T07:40:25Z
 Date: Tue Sep 15 08:43:09 2026 +0100
 4 files changed, 13960 insertions(+)
 create mode 100644 SwiftScheduleParser.log
 create mode 100644 github-swiftschedule-deploy.log
 create mode 100644 index.html
 create mode 100644 logfile
To github-swiftsched:UCD-HEAP/Swift_Schedule.git
 + 37554d8...d0f04d8 gh-pages -> gh-pages (forced update)
=== Run finished: Tue Sep 29 08:40:26 IST 2026 ===
=== Run started: Tue Sep 29 08:50:27 IST 2026 ===
[gh-pages fd934fd] Auto-deploy: 2026-09-29T07:50:27Z
 Date: Tue Sep 15 08:43:09 2026 +0100
 4 files changed, 13971 insertions(+)
 create mode 100644 SwiftScheduleParser.log
 create mode 100644 github-swiftschedule-deploy.log
 create mode 100644 index.html
 create mode 100644 logfile
To github-swiftsched:UCD-HEAP/Swift_Schedule.git
 + d0f04d8...fd934fd gh-pages -> gh-pages (forced update)
=== Run finished: Tue Sep 29 08:50:29 IST 2026 ===
=== Run started: Tue Sep 29 09:00:25 IST 2026 ===
[gh-pages d00477d] Auto-deploy: 2026-09-29T08:00:25Z
 Date: Tue Sep 15 08:43:09 2026 +0100
 4 files changed, 13982 insertions(+)
 create mode 100644 SwiftScheduleParser.log
 create mode 100644 github-swiftschedule-deploy.log
 create mode 100644 index.html
 create mode 100644 logfile
To github-swiftsched:UCD-HEAP/Swift_Schedule.git
 + fd934fd...d00477d gh-pages -> gh-pages (forced update)
=== Run finished: Tue Sep 29 09:00:26 IST 2026 ===
=== Run started: Tue Sep 29 09:10:26 IST 2026 ===
[gh-pages a33eccb] Auto-deploy: 2026-09-29T08:10:26Z
 Date: Tue Sep 15 08:43:09 2026 +0100
 4 files changed, 13993 insertions(+)
 create mode 100644 SwiftScheduleParser.log
 create mode 100644 github-swiftschedule-deploy.log
 create mode 100644 index.html
 create mode 100644 logfile
To github-swiftsched:UCD-HEAP/Swift_Schedule.git
 + d00477d...a33eccb gh-pages -> gh-pages (forced update)
=== Run finished: Tue Sep 29 09:10:28 IST 2026 ===
=== Run started: Tue Sep 29 09:20:26 IST 2026 ===
[gh-pages 448ea5c] Auto-deploy: 2026-09-29T08:20:27Z
 Date: Tue Sep 15 08:43:09 2026 +0100
 4 files changed, 14004 insertions(+)
 create mode 100644 SwiftScheduleParser.log
 create mode 100644 github-swiftschedule-deploy.log
 create mode 100644 index.html
 create mode 100644 logfile
To github-swiftsched:UCD-HEAP/Swift_Schedule.git
 + a33eccb...448ea5c gh-pages -> gh-pages (forced update)
=== Run finished: Tue Sep 29 09:20:28 IST 2026 ===
=== Run started: Tue Sep 29 09:30:24 IST 2026 ===
[gh-pages a1cdc4a] Auto-deploy: 2026-09-29T08:30:24Z
 Date: Tue Sep 15 08:43:09 2026 +0100
 4 files changed, 14015 insertions(+)
 create mode 100644 SwiftScheduleParser.log
 create mode 100644 github-swiftschedule-deploy.log
 create mode 100644 index.html
 create mode 100644 logfile
To github-swiftsched:UCD-HEAP/Swift_Schedule.git
 + 448ea5c...a1cdc4a gh-pages -> gh-pages (forced update)
=== Run finished: Tue Sep 29 09:30:26 IST 2026 ===
=== Run started: Tue Sep 29 09:40:27 IST 2026 ===
[gh-pages c334740] Auto-deploy: 2026-09-29T08:40:27Z
 Date: Tue Sep 15 08:43:09 2026 +0100
 4 files changed, 14026 insertions(+)
 create mode 100644 SwiftScheduleParser.log
 create mode 100644 github-swiftschedule-deploy.log
 create mode 100644 index.html
 create mode 100644 logfile
To github-swiftsched:UCD-HEAP/Swift_Schedule.git
 + a1cdc4a...c334740 gh-pages -> gh-pages (forced update)
=== Run finished: Tue Sep 29 09:40:29 IST 2026 ===
=== Run started: Tue Sep 29 09:50:24 IST 2026 ===
[gh-pages ae94214] Auto-deploy: 2026-09-29T08:50:24Z
 Date: Tue Sep 15 08:43:09 2026 +0100
 4 files changed, 14037 insertions(+)
 create mode 100644 SwiftScheduleParser.log
 create mode 100644 github-swiftschedule-deploy.log
 create mode 100644 index.html
 create mode 100644 logfile
To github-swiftsched:UCD-HEAP/Swift_Schedule.git
 + c334740...ae94214 gh-pages -> gh-pages (forced update)
=== Run finished: Tue Sep 29 09:50:26 IST 2026 ===
=== Run started: Tue Sep 29 10:00:27 IST 2026 ===
[gh-pages 38a95b2] Auto-deploy: 2026-09-29T09:00:27Z
 Date: Tue Sep 15 08:43:09 2026 +0100
 4 files changed, 14048 insertions(+)
 create mode 100644 SwiftScheduleParser.log
 create mode 100644 github-swiftschedule-deploy.log
 create mode 100644 index.html
 create mode 100644 logfile
To github-swiftsched:UCD-HEAP/Swift_Schedule.git
 + ae94214...38a95b2 gh-pages -> gh-pages (forced update)
=== Run finished: Tue Sep 29 10:00:29 IST 2026 ===
=== Run started: Tue Sep 29 10:10:24 IST 2026 ===
[gh-pages a316a9e] Auto-deploy: 2026-09-29T09:10:24Z
 Date: Tue Sep 15 08:43:09 2026 +0100
 4 files changed, 14059 insertions(+)
 create mode 100644 SwiftScheduleParser.log
 create mode 100644 github-swiftschedule-deploy.log
 create mode 100644 index.html
 create mode 100644 logfile
To github-swiftsched:UCD-HEAP/Swift_Schedule.git
 + 38a95b2...a316a9e gh-pages -> gh-pages (forced update)
=== Run finished: Tue Sep 29 10:10:26 IST 2026 ===
=== Run started: Tue Sep 29 10:20:26 IST 2026 ===
[gh-pages 1f767c9] Auto-deploy: 2026-09-29T09:20:26Z
 Date: Tue Sep 15 08:43:09 2026 +0100
 4 files changed, 14070 insertions(+)
 create mode 100644 SwiftScheduleParser.log
 create mode 100644 github-swiftschedule-deploy.log
 create mode 100644 index.html
 create mode 100644 logfile
To github-swiftsched:UCD-HEAP/Swift_Schedule.git
 + a316a9e...1f767c9 gh-pages -> gh-pages (forced update)
=== Run finished: Tue Sep 29 10:20:28 IST 2026 ===
=== Run started: Tue Sep 29 10:30:27 IST 2026 ===
[gh-pages 1010091] Auto-deploy: 2026-09-29T09:30:27Z
 Date: Tue Sep 15 08:43:09 2026 +0100
 4 files changed, 14081 insertions(+)
 create mode 100644 SwiftScheduleParser.log
 create mode 100644 github-swiftschedule-deploy.log
 create mode 100644 index.html
 create mode 100644 logfile
To github-swiftsched:UCD-HEAP/Swift_Schedule.git
 + 1f767c9...1010091 gh-pages -> gh-pages (forced update)
=== Run finished: Tue Sep 29 10:30:29 IST 2026 ===
=== Run started: Tue Sep 29 10:40:25 IST 2026 ===
[gh-pages cb71369] Auto-deploy: 2026-09-29T09:40:25Z
 Date: Tue Sep 15 08:43:09 2026 +0100
 4 files changed, 14092 insertions(+)
 create mode 100644 SwiftScheduleParser.log
 create mode 100644 github-swiftschedule-deploy.log
 create mode 100644 index.html
 create mode 100644 logfile
To github-swiftsched:UCD-HEAP/Swift_Schedule.git
 + 1010091...cb71369 gh-pages -> gh-pages (forced update)
=== Run finished: Tue Sep 29 10:40:27 IST 2026 ===
=== Run started: Tue Sep 29 10:50:27 IST 2026 ===
[gh-pages 5d0db90] Auto-deploy: 2026-09-29T09:50:27Z
 Date: Tue Sep 15 08:43:09 2026 +0100
 4 files changed, 14103 insertions(+)
 create mode 100644 SwiftScheduleParser.log
 create mode 100644 github-swiftschedule-deploy.log
 create mode 100644 index.html
 create mode 100644 logfile
To github-swiftsched:UCD-HEAP/Swift_Schedule.git
 + cb71369...5d0db90 gh-pages -> gh-pages (forced update)
=== Run finished: Tue Sep 29 10:50:28 IST 2026 ===
=== Run started: Tue Sep 29 11:00:24 IST 2026 ===
[gh-pages 96ec71d] Auto-deploy: 2026-09-29T10:00:24Z
 Date: Tue Sep 15 08:43:09 2026 +0100
 4 files changed, 14114 insertions(+)
 create mode 100644 SwiftScheduleParser.log
 create mode 100644 github-swiftschedule-deploy.log
 create mode 100644 index.html
 create mode 100644 logfile
To github-swiftsched:UCD-HEAP/Swift_Schedule.git
 + 5d0db90...96ec71d gh-pages -> gh-pages (forced update)
=== Run finished: Tue Sep 29 11:00:26 IST 2026 ===
=== Run started: Tue Sep 29 11:10:27 IST 2026 ===
[gh-pages ed97320] Auto-deploy: 2026-09-29T10:10:27Z
 Date: Tue Sep 15 08:43:09 2026 +0100
 4 files changed, 14125 insertions(+)
 create mode 100644 SwiftScheduleParser.log
 create mode 100644 github-swiftschedule-deploy.log
 create mode 100644 index.html
 create mode 100644 logfile
To github-swiftsched:UCD-HEAP/Swift_Schedule.git
 + 96ec71d...ed97320 gh-pages -> gh-pages (forced update)
=== Run finished: Tue Sep 29 11:10:29 IST 2026 ===
=== Run started: Tue Sep 29 11:20:24 IST 2026 ===
[gh-pages 87c691a] Auto-deploy: 2026-09-29T10:20:24Z
 Date: Tue Sep 15 08:43:09 2026 +0100
 4 files changed, 14136 insertions(+)
 create mode 100644 SwiftScheduleParser.log
 create mode 100644 github-swiftschedule-deploy.log
 create mode 100644 index.html
 create mode 100644 logfile
To github-swiftsched:UCD-HEAP/Swift_Schedule.git
 + ed97320...87c691a gh-pages -> gh-pages (forced update)
=== Run finished: Tue Sep 29 11:20:26 IST 2026 ===
=== Run started: Tue Sep 29 11:30:26 IST 2026 ===
[gh-pages f048003] Auto-deploy: 2026-09-29T10:30:26Z
 Date: Tue Sep 15 08:43:09 2026 +0100
 4 files changed, 14147 insertions(+)
 create mode 100644 SwiftScheduleParser.log
 create mode 100644 github-swiftschedule-deploy.log
 create mode 100644 index.html
 create mode 100644 logfile
To github-swiftsched:UCD-HEAP/Swift_Schedule.git
 + 87c691a...f048003 gh-pages -> gh-pages (forced update)
=== Run finished: Tue Sep 29 11:30:28 IST 2026 ===
=== Run started: Tue Sep 29 11:40:25 IST 2026 ===
[gh-pages cd9cf76] Auto-deploy: 2026-09-29T10:40:25Z
 Date: Tue Sep 15 08:43:09 2026 +0100
 4 files changed, 14158 insertions(+)
 create mode 100644 SwiftScheduleParser.log
 create mode 100644 github-swiftschedule-deploy.log
 create mode 100644 index.html
 create mode 100644 logfile
To github-swiftsched:UCD-HEAP/Swift_Schedule.git
 + f048003...cd9cf76 gh-pages -> gh-pages (forced update)
=== Run finished: Tue Sep 29 11:40:27 IST 2026 ===
=== Run started: Tue Sep 29 11:50:26 IST 2026 ===
[gh-pages d22f021] Auto-deploy: 2026-09-29T10:50:26Z
 Date: Tue Sep 15 08:43:09 2026 +0100
 4 files changed, 14169 insertions(+)
 create mode 100644 SwiftScheduleParser.log
 create mode 100644 github-swiftschedule-deploy.log
 create mode 100644 index.html
 create mode 100644 logfile
To github-swiftsched:UCD-HEAP/Swift_Schedule.git
 + cd9cf76...d22f021 gh-pages -> gh-pages (forced update)
=== Run finished: Tue Sep 29 11:50:28 IST 2026 ===
=== Run started: Tue Sep 29 12:00:27 IST 2026 ===
[gh-pages 6802d00] Auto-deploy: 2026-09-29T11:00:27Z
 Date: Tue Sep 15 08:43:09 2026 +0100
 4 files changed, 14180 insertions(+)
 create mode 100644 SwiftScheduleParser.log
 create mode 100644 github-swiftschedule-deploy.log
 create mode 100644 index.html
 create mode 100644 logfile
To github-swiftsched:UCD-HEAP/Swift_Schedule.git
 + d22f021...6802d00 gh-pages -> gh-pages (forced update)
=== Run finished: Tue Sep 29 12:00:28 IST 2026 ===
=== Run started: Tue Sep 29 12:10:25 IST 2026 ===
[gh-pages f3aea3d] Auto-deploy: 2026-09-29T11:10:25Z
 Date: Tue Sep 15 08:43:09 2026 +0100
 4 files changed, 14191 insertions(+)
 create mode 100644 SwiftScheduleParser.log
 create mode 100644 github-swiftschedule-deploy.log
 create mode 100644 index.html
 create mode 100644 logfile
To github-swiftsched:UCD-HEAP/Swift_Schedule.git
 + 6802d00...f3aea3d gh-pages -> gh-pages (forced update)
=== Run finished: Tue Sep 29 12:10:27 IST 2026 ===
=== Run started: Tue Sep 29 12:20:26 IST 2026 ===
[gh-pages 38fd1e1] Auto-deploy: 2026-09-29T11:20:26Z
 Date: Tue Sep 15 08:43:09 2026 +0100
 4 files changed, 14202 insertions(+)
 create mode 100644 SwiftScheduleParser.log
 create mode 100644 github-swiftschedule-deploy.log
 create mode 100644 index.html
 create mode 100644 logfile
To github-swiftsched:UCD-HEAP/Swift_Schedule.git
 + f3aea3d...38fd1e1 gh-pages -> gh-pages (forced update)
=== Run finished: Tue Sep 29 12:20:27 IST 2026 ===
=== Run started: Tue Sep 29 12:30:26 IST 2026 ===
[gh-pages b558d22] Auto-deploy: 2026-09-29T11:30:26Z
 Date: Tue Sep 15 08:43:09 2026 +0100
 4 files changed, 14213 insertions(+)
 create mode 100644 SwiftScheduleParser.log
 create mode 100644 github-swiftschedule-deploy.log
 create mode 100644 index.html
 create mode 100644 logfile
To github-swiftsched:UCD-HEAP/Swift_Schedule.git
 + 38fd1e1...b558d22 gh-pages -> gh-pages (forced update)
=== Run finished: Tue Sep 29 12:30:28 IST 2026 ===
=== Run started: Tue Sep 29 12:40:25 IST 2026 ===
[gh-pages f25d718] Auto-deploy: 2026-09-29T11:40:25Z
 Date: Tue Sep 15 08:43:09 2026 +0100
 4 files changed, 14224 insertions(+)
 create mode 100644 SwiftScheduleParser.log
 create mode 100644 github-swiftschedule-deploy.log
 create mode 100644 index.html
 create mode 100644 logfile
To github-swiftsched:UCD-HEAP/Swift_Schedule.git
 + b558d22...f25d718 gh-pages -> gh-pages (forced update)
=== Run finished: Tue Sep 29 12:40:28 IST 2026 ===
=== Run started: Tue Sep 29 12:50:24 IST 2026 ===
[gh-pages dd027fa] Auto-deploy: 2026-09-29T11:50:24Z
 Date: Tue Sep 15 08:43:09 2026 +0100
 4 files changed, 14235 insertions(+)
 create mode 100644 SwiftScheduleParser.log
 create mode 100644 github-swiftschedule-deploy.log
 create mode 100644 index.html
 create mode 100644 logfile
To github-swiftsched:UCD-HEAP/Swift_Schedule.git
 + f25d718...dd027fa gh-pages -> gh-pages (forced update)
=== Run finished: Tue Sep 29 12:50:26 IST 2026 ===
=== Run started: Tue Sep 29 13:00:26 IST 2026 ===
[gh-pages 778fb28] Auto-deploy: 2026-09-29T12:00:26Z
 Date: Tue Sep 15 08:43:09 2026 +0100
 4 files changed, 14246 insertions(+)
 create mode 100644 SwiftScheduleParser.log
 create mode 100644 github-swiftschedule-deploy.log
 create mode 100644 index.html
 create mode 100644 logfile
To github-swiftsched:UCD-HEAP/Swift_Schedule.git
 + dd027fa...778fb28 gh-pages -> gh-pages (forced update)
=== Run finished: Tue Sep 29 13:00:28 IST 2026 ===
=== Run started: Tue Sep 29 13:10:24 IST 2026 ===
[gh-pages f406e0c] Auto-deploy: 2026-09-29T12:10:24Z
 Date: Tue Sep 15 08:43:09 2026 +0100
 4 files changed, 14257 insertions(+)
 create mode 100644 SwiftScheduleParser.log
 create mode 100644 github-swiftschedule-deploy.log
 create mode 100644 index.html
 create mode 100644 logfile
To github-swiftsched:UCD-HEAP/Swift_Schedule.git
 + 778fb28...f406e0c gh-pages -> gh-pages (forced update)
=== Run finished: Tue Sep 29 13:10:26 IST 2026 ===
=== Run started: Tue Sep 29 13:20:26 IST 2026 ===
[gh-pages 97ebb33] Auto-deploy: 2026-09-29T12:20:26Z
 Date: Tue Sep 15 08:43:09 2026 +0100
 4 files changed, 14268 insertions(+)
 create mode 100644 SwiftScheduleParser.log
 create mode 100644 github-swiftschedule-deploy.log
 create mode 100644 index.html
 create mode 100644 logfile
To github-swiftsched:UCD-HEAP/Swift_Schedule.git
 + f406e0c...97ebb33 gh-pages -> gh-pages (forced update)
=== Run finished: Tue Sep 29 13:20:27 IST 2026 ===
=== Run started: Tue Sep 29 13:30:27 IST 2026 ===
[gh-pages 0ab1a88] Auto-deploy: 2026-09-29T12:30:27Z
 Date: Tue Sep 15 08:43:09 2026 +0100
 4 files changed, 14279 insertions(+)
 create mode 100644 SwiftScheduleParser.log
 create mode 100644 github-swiftschedule-deploy.log
 create mode 100644 index.html
 create mode 100644 logfile
To github-swiftsched:UCD-HEAP/Swift_Schedule.git
 + 97ebb33...0ab1a88 gh-pages -> gh-pages (forced update)
=== Run finished: Tue Sep 29 13:30:29 IST 2026 ===
=== Run started: Tue Sep 29 13:40:24 IST 2026 ===
[gh-pages f79a941] Auto-deploy: 2026-09-29T12:40:24Z
 Date: Tue Sep 15 08:43:09 2026 +0100
 4 files changed, 14290 insertions(+)
 create mode 100644 SwiftScheduleParser.log
 create mode 100644 github-swiftschedule-deploy.log
 create mode 100644 index.html
 create mode 100644 logfile
To github-swiftsched:UCD-HEAP/Swift_Schedule.git
 + 0ab1a88...f79a941 gh-pages -> gh-pages (forced update)
=== Run finished: Tue Sep 29 13:40:26 IST 2026 ===
=== Run started: Tue Sep 29 13:50:27 IST 2026 ===
[gh-pages f7a9817] Auto-deploy: 2026-09-29T12:50:27Z
 Date: Tue Sep 15 08:43:09 2026 +0100
 4 files changed, 14301 insertions(+)
 create mode 100644 SwiftScheduleParser.log
 create mode 100644 github-swiftschedule-deploy.log
 create mode 100644 index.html
 create mode 100644 logfile
To github-swiftsched:UCD-HEAP/Swift_Schedule.git
 + f79a941...f7a9817 gh-pages -> gh-pages (forced update)
=== Run finished: Tue Sep 29 13:50:29 IST 2026 ===
=== Run started: Tue Sep 29 14:00:24 IST 2026 ===
[gh-pages f71d476] Auto-deploy: 2026-09-29T13:00:24Z
 Date: Tue Sep 15 08:43:09 2026 +0100
 4 files changed, 14312 insertions(+)
 create mode 100644 SwiftScheduleParser.log
 create mode 100644 github-swiftschedule-deploy.log
 create mode 100644 index.html
 create mode 100644 logfile
To github-swiftsched:UCD-HEAP/Swift_Schedule.git
 + f7a9817...f71d476 gh-pages -> gh-pages (forced update)
=== Run finished: Tue Sep 29 14:00:27 IST 2026 ===
=== Run started: Tue Sep 29 14:10:25 IST 2026 ===
[gh-pages aac1c90] Auto-deploy: 2026-09-29T13:10:25Z
 Date: Tue Sep 15 08:43:09 2026 +0100
 4 files changed, 14323 insertions(+)
 create mode 100644 SwiftScheduleParser.log
 create mode 100644 github-swiftschedule-deploy.log
 create mode 100644 index.html
 create mode 100644 logfile
To github-swiftsched:UCD-HEAP/Swift_Schedule.git
 + f71d476...aac1c90 gh-pages -> gh-pages (forced update)
=== Run finished: Tue Sep 29 14:10:27 IST 2026 ===
=== Run started: Tue Sep 29 14:20:23 IST 2026 ===
[gh-pages a77b92e] Auto-deploy: 2026-09-29T13:20:24Z
 Date: Tue Sep 15 08:43:09 2026 +0100
 4 files changed, 14334 insertions(+)
 create mode 100644 SwiftScheduleParser.log
 create mode 100644 github-swiftschedule-deploy.log
 create mode 100644 index.html
 create mode 100644 logfile
To github-swiftsched:UCD-HEAP/Swift_Schedule.git
 + aac1c90...a77b92e gh-pages -> gh-pages (forced update)
=== Run finished: Tue Sep 29 14:20:25 IST 2026 ===
=== Run started: Tue Sep 29 14:30:27 IST 2026 ===
[gh-pages 6f5e351] Auto-deploy: 2026-09-29T13:30:27Z
 Date: Tue Sep 15 08:43:09 2026 +0100
 4 files changed, 14345 insertions(+)
 create mode 100644 SwiftScheduleParser.log
 create mode 100644 github-swiftschedule-deploy.log
 create mode 100644 index.html
 create mode 100644 logfile
To github-swiftsched:UCD-HEAP/Swift_Schedule.git
 + a77b92e...6f5e351 gh-pages -> gh-pages (forced update)
=== Run finished: Tue Sep 29 14:30:30 IST 2026 ===
=== Run started: Tue Sep 29 14:40:24 IST 2026 ===
[gh-pages 150c9da] Auto-deploy: 2026-09-29T13:40:24Z
 Date: Tue Sep 15 08:43:09 2026 +0100
 4 files changed, 14356 insertions(+)
 create mode 100644 SwiftScheduleParser.log
 create mode 100644 github-swiftschedule-deploy.log
 create mode 100644 index.html
 create mode 100644 logfile
To github-swiftsched:UCD-HEAP/Swift_Schedule.git
 + 6f5e351...150c9da gh-pages -> gh-pages (forced update)
=== Run finished: Tue Sep 29 14:40:27 IST 2026 ===
=== Run started: Tue Sep 29 14:50:25 IST 2026 ===
[gh-pages 1b01640] Auto-deploy: 2026-09-29T13:50:25Z
 Date: Tue Sep 15 08:43:09 2026 +0100
 4 files changed, 14367 insertions(+)
 create mode 100644 SwiftScheduleParser.log
 create mode 100644 github-swiftschedule-deploy.log
 create mode 100644 index.html
 create mode 100644 logfile
To github-swiftsched:UCD-HEAP/Swift_Schedule.git
 + 150c9da...1b01640 gh-pages -> gh-pages (forced update)
=== Run finished: Tue Sep 29 14:50:27 IST 2026 ===
=== Run started: Tue Sep 29 15:00:27 IST 2026 ===
[gh-pages 464fb02] Auto-deploy: 2026-09-29T14:00:27Z
 Date: Tue Sep 15 08:43:09 2026 +0100
 4 files changed, 14378 insertions(+)
 create mode 100644 SwiftScheduleParser.log
 create mode 100644 github-swiftschedule-deploy.log
 create mode 100644 index.html
 create mode 100644 logfile
To github-swiftsched:UCD-HEAP/Swift_Schedule.git
 + 1b01640...464fb02 gh-pages -> gh-pages (forced update)
=== Run finished: Tue Sep 29 15:00:30 IST 2026 ===
=== Run started: Tue Sep 29 15:10:24 IST 2026 ===
[gh-pages 3d23756] Auto-deploy: 2026-09-29T14:10:24Z
 Date: Tue Sep 15 08:43:09 2026 +0100
 4 files changed, 14389 insertions(+)
 create mode 100644 SwiftScheduleParser.log
 create mode 100644 github-swiftschedule-deploy.log
 create mode 100644 index.html
 create mode 100644 logfile
To github-swiftsched:UCD-HEAP/Swift_Schedule.git
 + 464fb02...3d23756 gh-pages -> gh-pages (forced update)
=== Run finished: Tue Sep 29 15:10:27 IST 2026 ===
=== Run started: Tue Sep 29 15:20:26 IST 2026 ===
[gh-pages b53bad4] Auto-deploy: 2026-09-29T14:20:26Z
 Date: Tue Sep 15 08:43:09 2026 +0100
 4 files changed, 14400 insertions(+)
 create mode 100644 SwiftScheduleParser.log
 create mode 100644 github-swiftschedule-deploy.log
 create mode 100644 index.html
 create mode 100644 logfile
To github-swiftsched:UCD-HEAP/Swift_Schedule.git
 + 3d23756...b53bad4 gh-pages -> gh-pages (forced update)
=== Run finished: Tue Sep 29 15:20:28 IST 2026 ===
=== Run started: Tue Sep 29 15:30:26 IST 2026 ===
[gh-pages 88408f1] Auto-deploy: 2026-09-29T14:30:26Z
 Date: Tue Sep 15 08:43:09 2026 +0100
 4 files changed, 14411 insertions(+)
 create mode 100644 SwiftScheduleParser.log
 create mode 100644 github-swiftschedule-deploy.log
 create mode 100644 index.html
 create mode 100644 logfile
To github-swiftsched:UCD-HEAP/Swift_Schedule.git
 + b53bad4...88408f1 gh-pages -> gh-pages (forced update)
=== Run finished: Tue Sep 29 15:30:28 IST 2026 ===
=== Run started: Tue Sep 29 15:40:24 IST 2026 ===
[gh-pages fc0a042] Auto-deploy: 2026-09-29T14:40:24Z
 Date: Tue Sep 15 08:43:09 2026 +0100
 4 files changed, 14422 insertions(+)
 create mode 100644 SwiftScheduleParser.log
 create mode 100644 github-swiftschedule-deploy.log
 create mode 100644 index.html
 create mode 100644 logfile
To github-swiftsched:UCD-HEAP/Swift_Schedule.git
 + 88408f1...fc0a042 gh-pages -> gh-pages (forced update)
=== Run finished: Tue Sep 29 15:40:26 IST 2026 ===
=== Run started: Tue Sep 29 15:50:26 IST 2026 ===
[gh-pages fc1e8c7] Auto-deploy: 2026-09-29T14:50:26Z
 Date: Tue Sep 15 08:43:09 2026 +0100
 4 files changed, 14433 insertions(+)
 create mode 100644 SwiftScheduleParser.log
 create mode 100644 github-swiftschedule-deploy.log
 create mode 100644 index.html
 create mode 100644 logfile
To github-swiftsched:UCD-HEAP/Swift_Schedule.git
 + fc0a042...fc1e8c7 gh-pages -> gh-pages (forced update)
=== Run finished: Tue Sep 29 15:50:28 IST 2026 ===
=== Run started: Tue Sep 29 16:00:26 IST 2026 ===
[gh-pages d9601d2] Auto-deploy: 2026-09-29T15:00:26Z
 Date: Tue Sep 15 08:43:09 2026 +0100
 4 files changed, 14444 insertions(+)
 create mode 100644 SwiftScheduleParser.log
 create mode 100644 github-swiftschedule-deploy.log
 create mode 100644 index.html
 create mode 100644 logfile
git@github.com: Permission denied (publickey).
fatal: Could not read from remote repository.

Please make sure you have the correct access rights
and the repository exists.
=== Run started: Tue Sep 29 16:10:24 IST 2026 ===
[gh-pages 5238944] Auto-deploy: 2026-09-29T15:10:24Z
 Date: Tue Sep 15 08:43:09 2026 +0100
 4 files changed, 14457 insertions(+)
 create mode 100644 SwiftScheduleParser.log
 create mode 100644 github-swiftschedule-deploy.log
 create mode 100644 index.html
 create mode 100644 logfile
To github-swiftsched:UCD-HEAP/Swift_Schedule.git
 + fc1e8c7...5238944 gh-pages -> gh-pages (forced update)
=== Run finished: Tue Sep 29 16:10:27 IST 2026 ===
=== Run started: Tue Sep 29 16:20:26 IST 2026 ===
[gh-pages 72851a4] Auto-deploy: 2026-09-29T15:20:26Z
 Date: Tue Sep 15 08:43:09 2026 +0100
 4 files changed, 14468 insertions(+)
 create mode 100644 SwiftScheduleParser.log
 create mode 100644 github-swiftschedule-deploy.log
 create mode 100644 index.html
 create mode 100644 logfile
To github-swiftsched:UCD-HEAP/Swift_Schedule.git
 + 5238944...72851a4 gh-pages -> gh-pages (forced update)
=== Run finished: Tue Sep 29 16:20:27 IST 2026 ===
=== Run started: Tue Sep 29 16:30:26 IST 2026 ===
[gh-pages 8521c40] Auto-deploy: 2026-09-29T15:30:26Z
 Date: Tue Sep 15 08:43:09 2026 +0100
 4 files changed, 14479 insertions(+)
 create mode 100644 SwiftScheduleParser.log
 create mode 100644 github-swiftschedule-deploy.log
 create mode 100644 index.html
 create mode 100644 logfile
To github-swiftsched:UCD-HEAP/Swift_Schedule.git
 + 72851a4...8521c40 gh-pages -> gh-pages (forced update)
=== Run finished: Tue Sep 29 16:30:28 IST 2026 ===
=== Run started: Tue Sep 29 16:40:25 IST 2026 ===
[gh-pages cbc9af3] Auto-deploy: 2026-09-29T15:40:25Z
 Date: Tue Sep 15 08:43:09 2026 +0100
 4 files changed, 14490 insertions(+)
 create mode 100644 SwiftScheduleParser.log
 create mode 100644 github-swiftschedule-deploy.log
 create mode 100644 index.html
 create mode 100644 logfile
To github-swiftsched:UCD-HEAP/Swift_Schedule.git
 + 8521c40...cbc9af3 gh-pages -> gh-pages (forced update)
=== Run finished: Tue Sep 29 16:40:27 IST 2026 ===
=== Run started: Tue Sep 29 16:50:27 IST 2026 ===
[gh-pages e078166] Auto-deploy: 2026-09-29T15:50:27Z
 Date: Tue Sep 15 08:43:09 2026 +0100
 4 files changed, 14501 insertions(+)
 create mode 100644 SwiftScheduleParser.log
 create mode 100644 github-swiftschedule-deploy.log
 create mode 100644 index.html
 create mode 100644 logfile
To github-swiftsched:UCD-HEAP/Swift_Schedule.git
 + cbc9af3...e078166 gh-pages -> gh-pages (forced update)
=== Run finished: Tue Sep 29 16:50:29 IST 2026 ===
=== Run started: Tue Sep 29 17:00:24 IST 2026 ===
[gh-pages 71bf763] Auto-deploy: 2026-09-29T16:00:24Z
 Date: Tue Sep 15 08:43:09 2026 +0100
 4 files changed, 14512 insertions(+)
 create mode 100644 SwiftScheduleParser.log
 create mode 100644 github-swiftschedule-deploy.log
 create mode 100644 index.html
 create mode 100644 logfile
To github-swiftsched:UCD-HEAP/Swift_Schedule.git
 + e078166...71bf763 gh-pages -> gh-pages (forced update)
=== Run finished: Tue Sep 29 17:00:26 IST 2026 ===
=== Run started: Tue Sep 29 17:10:27 IST 2026 ===
[gh-pages a198baf] Auto-deploy: 2026-09-29T16:10:27Z
 Date: Tue Sep 15 08:43:09 2026 +0100
 4 files changed, 14523 insertions(+)
 create mode 100644 SwiftScheduleParser.log
 create mode 100644 github-swiftschedule-deploy.log
 create mode 100644 index.html
 create mode 100644 logfile
To github-swiftsched:UCD-HEAP/Swift_Schedule.git
 + 71bf763...a198baf gh-pages -> gh-pages (forced update)
=== Run finished: Tue Sep 29 17:10:28 IST 2026 ===
=== Run started: Tue Sep 29 17:20:24 IST 2026 ===
[gh-pages 741ee38] Auto-deploy: 2026-09-29T16:20:24Z
 Date: Tue Sep 15 08:43:09 2026 +0100
 4 files changed, 14534 insertions(+)
 create mode 100644 SwiftScheduleParser.log
 create mode 100644 github-swiftschedule-deploy.log
 create mode 100644 index.html
 create mode 100644 logfile
To github-swiftsched:UCD-HEAP/Swift_Schedule.git
 + a198baf...741ee38 gh-pages -> gh-pages (forced update)
=== Run finished: Tue Sep 29 17:20:26 IST 2026 ===
=== Run started: Tue Sep 29 17:30:27 IST 2026 ===
[gh-pages 15356fb] Auto-deploy: 2026-09-29T16:30:27Z
 Date: Tue Sep 15 08:43:09 2026 +0100
 4 files changed, 14545 insertions(+)
 create mode 100644 SwiftScheduleParser.log
 create mode 100644 github-swiftschedule-deploy.log
 create mode 100644 index.html
 create mode 100644 logfile
To github-swiftsched:UCD-HEAP/Swift_Schedule.git
 + 741ee38...15356fb gh-pages -> gh-pages (forced update)
=== Run finished: Tue Sep 29 17:30:28 IST 2026 ===
=== Run started: Tue Sep 29 17:40:26 IST 2026 ===
[gh-pages be6e423] Auto-deploy: 2026-09-29T16:40:26Z
 Date: Tue Sep 15 08:43:09 2026 +0100
 4 files changed, 14556 insertions(+)
 create mode 100644 SwiftScheduleParser.log
 create mode 100644 github-swiftschedule-deploy.log
 create mode 100644 index.html
 create mode 100644 logfile
To github-swiftsched:UCD-HEAP/Swift_Schedule.git
 + 15356fb...be6e423 gh-pages -> gh-pages (forced update)
=== Run finished: Tue Sep 29 17:40:28 IST 2026 ===
=== Run started: Tue Sep 29 17:50:25 IST 2026 ===
[gh-pages 798b67e] Auto-deploy: 2026-09-29T16:50:25Z
 Date: Tue Sep 15 08:43:09 2026 +0100
 4 files changed, 14567 insertions(+)
 create mode 100644 SwiftScheduleParser.log
 create mode 100644 github-swiftschedule-deploy.log
 create mode 100644 index.html
 create mode 100644 logfile
To github-swiftsched:UCD-HEAP/Swift_Schedule.git
 + be6e423...798b67e gh-pages -> gh-pages (forced update)
=== Run finished: Tue Sep 29 17:50:27 IST 2026 ===
=== Run started: Tue Sep 29 18:00:26 IST 2026 ===
[gh-pages c7c2355] Auto-deploy: 2026-09-29T17:00:26Z
 Date: Tue Sep 15 08:43:09 2026 +0100
 4 files changed, 14578 insertions(+)
 create mode 100644 SwiftScheduleParser.log
 create mode 100644 github-swiftschedule-deploy.log
 create mode 100644 index.html
 create mode 100644 logfile
To github-swiftsched:UCD-HEAP/Swift_Schedule.git
 + 798b67e...c7c2355 gh-pages -> gh-pages (forced update)
=== Run finished: Tue Sep 29 18:00:28 IST 2026 ===
=== Run started: Tue Sep 29 18:10:27 IST 2026 ===
[gh-pages 93fccc3] Auto-deploy: 2026-09-29T17:10:27Z
 Date: Tue Sep 15 08:43:09 2026 +0100
 4 files changed, 14589 insertions(+)
 create mode 100644 SwiftScheduleParser.log
 create mode 100644 github-swiftschedule-deploy.log
 create mode 100644 index.html
 create mode 100644 logfile
To github-swiftsched:UCD-HEAP/Swift_Schedule.git
 + c7c2355...93fccc3 gh-pages -> gh-pages (forced update)
=== Run finished: Tue Sep 29 18:10:28 IST 2026 ===
=== Run started: Tue Sep 29 18:20:25 IST 2026 ===
[gh-pages 8a7b880] Auto-deploy: 2026-09-29T17:20:25Z
 Date: Tue Sep 15 08:43:09 2026 +0100
 4 files changed, 14600 insertions(+)
 create mode 100644 SwiftScheduleParser.log
 create mode 100644 github-swiftschedule-deploy.log
 create mode 100644 index.html
 create mode 100644 logfile
To github-swiftsched:UCD-HEAP/Swift_Schedule.git
 + 93fccc3...8a7b880 gh-pages -> gh-pages (forced update)
=== Run finished: Tue Sep 29 18:20:26 IST 2026 ===
=== Run started: Tue Sep 29 18:30:27 IST 2026 ===
[gh-pages 26c0fe3] Auto-deploy: 2026-09-29T17:30:27Z
 Date: Tue Sep 15 08:43:09 2026 +0100
 4 files changed, 14611 insertions(+)
 create mode 100644 SwiftScheduleParser.log
 create mode 100644 github-swiftschedule-deploy.log
 create mode 100644 index.html
 create mode 100644 logfile
To github-swiftsched:UCD-HEAP/Swift_Schedule.git
 + 8a7b880...26c0fe3 gh-pages -> gh-pages (forced update)
=== Run finished: Tue Sep 29 18:30:29 IST 2026 ===
=== Run started: Tue Sep 29 18:40:25 IST 2026 ===
[gh-pages ad5a5f6] Auto-deploy: 2026-09-29T17:40:25Z
 Date: Tue Sep 15 08:43:09 2026 +0100
 4 files changed, 14622 insertions(+)
 create mode 100644 SwiftScheduleParser.log
 create mode 100644 github-swiftschedule-deploy.log
 create mode 100644 index.html
 create mode 100644 logfile
To github-swiftsched:UCD-HEAP/Swift_Schedule.git
 + 26c0fe3...ad5a5f6 gh-pages -> gh-pages (forced update)
=== Run finished: Tue Sep 29 18:40:27 IST 2026 ===
=== Run started: Tue Sep 29 18:50:26 IST 2026 ===
[gh-pages da7a3a3] Auto-deploy: 2026-09-29T17:50:26Z
 Date: Tue Sep 15 08:43:09 2026 +0100
 4 files changed, 14633 insertions(+)
 create mode 100644 SwiftScheduleParser.log
 create mode 100644 github-swiftschedule-deploy.log
 create mode 100644 index.html
 create mode 100644 logfile
To github-swiftsched:UCD-HEAP/Swift_Schedule.git
 + ad5a5f6...da7a3a3 gh-pages -> gh-pages (forced update)
=== Run finished: Tue Sep 29 18:50:28 IST 2026 ===
=== Run started: Tue Sep 29 19:00:26 IST 2026 ===
[gh-pages 78c2248] Auto-deploy: 2026-09-29T18:00:26Z
 Date: Tue Sep 15 08:43:09 2026 +0100
 4 files changed, 14644 insertions(+)
 create mode 100644 SwiftScheduleParser.log
 create mode 100644 github-swiftschedule-deploy.log
 create mode 100644 index.html
 create mode 100644 logfile
To github-swiftsched:UCD-HEAP/Swift_Schedule.git
 + da7a3a3...78c2248 gh-pages -> gh-pages (forced update)
=== Run finished: Tue Sep 29 19:00:28 IST 2026 ===
=== Run started: Tue Sep 29 19:10:24 IST 2026 ===
[gh-pages 5d82776] Auto-deploy: 2026-09-29T18:10:25Z
 Date: Tue Sep 15 08:43:09 2026 +0100
 4 files changed, 14655 insertions(+)
 create mode 100644 SwiftScheduleParser.log
 create mode 100644 github-swiftschedule-deploy.log
 create mode 100644 index.html
 create mode 100644 logfile
To github-swiftsched:UCD-HEAP/Swift_Schedule.git
 + 78c2248...5d82776 gh-pages -> gh-pages (forced update)
=== Run finished: Tue Sep 29 19:10:26 IST 2026 ===
=== Run started: Tue Sep 29 19:20:26 IST 2026 ===
[gh-pages 249a6fb] Auto-deploy: 2026-09-29T18:20:26Z
 Date: Tue Sep 15 08:43:09 2026 +0100
 4 files changed, 14666 insertions(+)
 create mode 100644 SwiftScheduleParser.log
 create mode 100644 github-swiftschedule-deploy.log
 create mode 100644 index.html
 create mode 100644 logfile
To github-swiftsched:UCD-HEAP/Swift_Schedule.git
 + 5d82776...249a6fb gh-pages -> gh-pages (forced update)
=== Run finished: Tue Sep 29 19:20:28 IST 2026 ===
=== Run started: Tue Sep 29 19:30:25 IST 2026 ===
[gh-pages 56ede75] Auto-deploy: 2026-09-29T18:30:25Z
 Date: Tue Sep 15 08:43:09 2026 +0100
 4 files changed, 14677 insertions(+)
 create mode 100644 SwiftScheduleParser.log
 create mode 100644 github-swiftschedule-deploy.log
 create mode 100644 index.html
 create mode 100644 logfile
To github-swiftsched:UCD-HEAP/Swift_Schedule.git
 + 249a6fb...56ede75 gh-pages -> gh-pages (forced update)
=== Run finished: Tue Sep 29 19:30:27 IST 2026 ===
=== Run started: Tue Sep 29 19:40:26 IST 2026 ===
[gh-pages 629e20f] Auto-deploy: 2026-09-29T18:40:26Z
 Date: Tue Sep 15 08:43:09 2026 +0100
 4 files changed, 14688 insertions(+)
 create mode 100644 SwiftScheduleParser.log
 create mode 100644 github-swiftschedule-deploy.log
 create mode 100644 index.html
 create mode 100644 logfile
To github-swiftsched:UCD-HEAP/Swift_Schedule.git
 + 56ede75...629e20f gh-pages -> gh-pages (forced update)
=== Run finished: Tue Sep 29 19:40:28 IST 2026 ===
=== Run started: Tue Sep 29 19:50:26 IST 2026 ===
[gh-pages d468d45] Auto-deploy: 2026-09-29T18:50:26Z
 Date: Tue Sep 15 08:43:09 2026 +0100
 4 files changed, 14699 insertions(+)
 create mode 100644 SwiftScheduleParser.log
 create mode 100644 github-swiftschedule-deploy.log
 create mode 100644 index.html
 create mode 100644 logfile
To github-swiftsched:UCD-HEAP/Swift_Schedule.git
 + 629e20f...d468d45 gh-pages -> gh-pages (forced update)
=== Run finished: Tue Sep 29 19:50:28 IST 2026 ===
=== Run started: Tue Sep 29 20:00:27 IST 2026 ===
[gh-pages 0a18f37] Auto-deploy: 2026-09-29T19:00:27Z
 Date: Tue Sep 15 08:43:09 2026 +0100
 4 files changed, 14710 insertions(+)
 create mode 100644 SwiftScheduleParser.log
 create mode 100644 github-swiftschedule-deploy.log
 create mode 100644 index.html
 create mode 100644 logfile
To github-swiftsched:UCD-HEAP/Swift_Schedule.git
 + d468d45...0a18f37 gh-pages -> gh-pages (forced update)
=== Run finished: Tue Sep 29 20:00:29 IST 2026 ===
=== Run started: Tue Sep 29 20:10:24 IST 2026 ===
[gh-pages e420bd9] Auto-deploy: 2026-09-29T19:10:24Z
 Date: Tue Sep 15 08:43:09 2026 +0100
 4 files changed, 14721 insertions(+)
 create mode 100644 SwiftScheduleParser.log
 create mode 100644 github-swiftschedule-deploy.log
 create mode 100644 index.html
 create mode 100644 logfile
To github-swiftsched:UCD-HEAP/Swift_Schedule.git
 + 0a18f37...e420bd9 gh-pages -> gh-pages (forced update)
=== Run finished: Tue Sep 29 20:10:26 IST 2026 ===
=== Run started: Tue Sep 29 20:20:26 IST 2026 ===
[gh-pages 620df41] Auto-deploy: 2026-09-29T19:20:26Z
 Date: Tue Sep 15 08:43:09 2026 +0100
 4 files changed, 14732 insertions(+)
 create mode 100644 SwiftScheduleParser.log
 create mode 100644 github-swiftschedule-deploy.log
 create mode 100644 index.html
 create mode 100644 logfile
To github-swiftsched:UCD-HEAP/Swift_Schedule.git
 + e420bd9...620df41 gh-pages -> gh-pages (forced update)
=== Run finished: Tue Sep 29 20:20:27 IST 2026 ===
=== Run started: Tue Sep 29 20:30:19 IST 2026 ===
[gh-pages 5a23681] Auto-deploy: 2026-09-29T19:30:19Z
 Date: Tue Sep 15 08:43:09 2026 +0100
 4 files changed, 14818 insertions(+)
 create mode 100644 SwiftScheduleParser.log
 create mode 100644 github-swiftschedule-deploy.log
 create mode 100644 index.html
 create mode 100644 logfile
To github-swiftsched:UCD-HEAP/Swift_Schedule.git
 + 620df41...5a23681 gh-pages -> gh-pages (forced update)
=== Run finished: Tue Sep 29 20:30:20 IST 2026 ===
=== Run started: Tue Sep 29 20:40:15 IST 2026 ===
[gh-pages 563992d] Auto-deploy: 2026-09-29T19:40:15Z
 Date: Tue Sep 15 08:43:09 2026 +0100
 4 files changed, 14829 insertions(+)
 create mode 100644 SwiftScheduleParser.log
 create mode 100644 github-swiftschedule-deploy.log
 create mode 100644 index.html
 create mode 100644 logfile
To github-swiftsched:UCD-HEAP/Swift_Schedule.git
 + 5a23681...563992d gh-pages -> gh-pages (forced update)
=== Run finished: Tue Sep 29 20:40:17 IST 2026 ===
=== Run started: Tue Sep 29 20:50:17 IST 2026 ===
[gh-pages 6168a4a] Auto-deploy: 2026-09-29T19:50:17Z
 Date: Tue Sep 15 08:43:09 2026 +0100
 4 files changed, 14840 insertions(+)
 create mode 100644 SwiftScheduleParser.log
 create mode 100644 github-swiftschedule-deploy.log
 create mode 100644 index.html
 create mode 100644 logfile
To github-swiftsched:UCD-HEAP/Swift_Schedule.git
 + 563992d...6168a4a gh-pages -> gh-pages (forced update)
=== Run finished: Tue Sep 29 20:50:20 IST 2026 ===
=== Run started: Tue Sep 29 21:00:15 IST 2026 ===
[gh-pages ccf72a3] Auto-deploy: 2026-09-29T20:00:15Z
 Date: Tue Sep 15 08:43:09 2026 +0100
 4 files changed, 14851 insertions(+)
 create mode 100644 SwiftScheduleParser.log
 create mode 100644 github-swiftschedule-deploy.log
 create mode 100644 index.html
 create mode 100644 logfile
To github-swiftsched:UCD-HEAP/Swift_Schedule.git
 + 6168a4a...ccf72a3 gh-pages -> gh-pages (forced update)
=== Run finished: Tue Sep 29 21:00:16 IST 2026 ===
=== Run started: Tue Sep 29 21:10:18 IST 2026 ===
[gh-pages f7f55b7] Auto-deploy: 2026-09-29T20:10:18Z
 Date: Tue Sep 15 08:43:09 2026 +0100
 4 files changed, 14862 insertions(+)
 create mode 100644 SwiftScheduleParser.log
 create mode 100644 github-swiftschedule-deploy.log
 create mode 100644 index.html
 create mode 100644 logfile
To github-swiftsched:UCD-HEAP/Swift_Schedule.git
 + ccf72a3...f7f55b7 gh-pages -> gh-pages (forced update)
=== Run finished: Tue Sep 29 21:10:20 IST 2026 ===
=== Run started: Tue Sep 29 21:20:16 IST 2026 ===
[gh-pages 4d262bb] Auto-deploy: 2026-09-29T20:20:16Z
 Date: Tue Sep 15 08:43:09 2026 +0100
 4 files changed, 14873 insertions(+)
 create mode 100644 SwiftScheduleParser.log
 create mode 100644 github-swiftschedule-deploy.log
 create mode 100644 index.html
 create mode 100644 logfile
To github-swiftsched:UCD-HEAP/Swift_Schedule.git
 + f7f55b7...4d262bb gh-pages -> gh-pages (forced update)
=== Run finished: Tue Sep 29 21:20:18 IST 2026 ===
=== Run started: Tue Sep 29 21:30:16 IST 2026 ===
[gh-pages 9c498e1] Auto-deploy: 2026-09-29T20:30:16Z
 Date: Tue Sep 15 08:43:09 2026 +0100
 4 files changed, 14884 insertions(+)
 create mode 100644 SwiftScheduleParser.log
 create mode 100644 github-swiftschedule-deploy.log
 create mode 100644 index.html
 create mode 100644 logfile
To github-swiftsched:UCD-HEAP/Swift_Schedule.git
 + 4d262bb...9c498e1 gh-pages -> gh-pages (forced update)
=== Run finished: Tue Sep 29 21:30:17 IST 2026 ===
=== Run started: Tue Sep 29 21:40:17 IST 2026 ===
[gh-pages 6ffa200] Auto-deploy: 2026-09-29T20:40:17Z
 Date: Tue Sep 15 08:43:09 2026 +0100
 4 files changed, 14895 insertions(+)
 create mode 100644 SwiftScheduleParser.log
 create mode 100644 github-swiftschedule-deploy.log
 create mode 100644 index.html
 create mode 100644 logfile
To github-swiftsched:UCD-HEAP/Swift_Schedule.git
 + 9c498e1...6ffa200 gh-pages -> gh-pages (forced update)
=== Run finished: Tue Sep 29 21:40:19 IST 2026 ===
=== Run started: Tue Sep 29 21:50:17 IST 2026 ===
[gh-pages 04fdf26] Auto-deploy: 2026-09-29T20:50:17Z
 Date: Tue Sep 15 08:43:09 2026 +0100
 4 files changed, 14906 insertions(+)
 create mode 100644 SwiftScheduleParser.log
 create mode 100644 github-swiftschedule-deploy.log
 create mode 100644 index.html
 create mode 100644 logfile
To github-swiftsched:UCD-HEAP/Swift_Schedule.git
 + 6ffa200...04fdf26 gh-pages -> gh-pages (forced update)
=== Run finished: Tue Sep 29 21:50:19 IST 2026 ===
=== Run started: Tue Sep 29 22:00:15 IST 2026 ===
[gh-pages 42d77b2] Auto-deploy: 2026-09-29T21:00:15Z
 Date: Tue Sep 15 08:43:09 2026 +0100
 4 files changed, 14917 insertions(+)
 create mode 100644 SwiftScheduleParser.log
 create mode 100644 github-swiftschedule-deploy.log
 create mode 100644 index.html
 create mode 100644 logfile
To github-swiftsched:UCD-HEAP/Swift_Schedule.git
 + 04fdf26...42d77b2 gh-pages -> gh-pages (forced update)
=== Run finished: Tue Sep 29 22:00:17 IST 2026 ===
=== Run started: Tue Sep 29 22:10:17 IST 2026 ===
[gh-pages c02010b] Auto-deploy: 2026-09-29T21:10:17Z
 Date: Tue Sep 15 08:43:09 2026 +0100
 4 files changed, 14928 insertions(+)
 create mode 100644 SwiftScheduleParser.log
 create mode 100644 github-swiftschedule-deploy.log
 create mode 100644 index.html
 create mode 100644 logfile
To github-swiftsched:UCD-HEAP/Swift_Schedule.git
 + 42d77b2...c02010b gh-pages -> gh-pages (forced update)
=== Run finished: Tue Sep 29 22:10:19 IST 2026 ===
=== Run started: Tue Sep 29 22:20:17 IST 2026 ===
[gh-pages dfc7fbb] Auto-deploy: 2026-09-29T21:20:17Z
 Date: Tue Sep 15 08:43:09 2026 +0100
 4 files changed, 14939 insertions(+)
 create mode 100644 SwiftScheduleParser.log
 create mode 100644 github-swiftschedule-deploy.log
 create mode 100644 index.html
 create mode 100644 logfile
To github-swiftsched:UCD-HEAP/Swift_Schedule.git
 + c02010b...dfc7fbb gh-pages -> gh-pages (forced update)
=== Run finished: Tue Sep 29 22:20:19 IST 2026 ===
=== Run started: Tue Sep 29 22:30:15 IST 2026 ===
[gh-pages 670f61c] Auto-deploy: 2026-09-29T21:30:15Z
 Date: Tue Sep 15 08:43:09 2026 +0100
 4 files changed, 14950 insertions(+)
 create mode 100644 SwiftScheduleParser.log
 create mode 100644 github-swiftschedule-deploy.log
 create mode 100644 index.html
 create mode 100644 logfile
To github-swiftsched:UCD-HEAP/Swift_Schedule.git
 + dfc7fbb...670f61c gh-pages -> gh-pages (forced update)
=== Run finished: Tue Sep 29 22:30:17 IST 2026 ===
=== Run started: Tue Sep 29 22:40:17 IST 2026 ===
[gh-pages b63ff5e] Auto-deploy: 2026-09-29T21:40:17Z
 Date: Tue Sep 15 08:43:09 2026 +0100
 4 files changed, 14961 insertions(+)
 create mode 100644 SwiftScheduleParser.log
 create mode 100644 github-swiftschedule-deploy.log
 create mode 100644 index.html
 create mode 100644 logfile
To github-swiftsched:UCD-HEAP/Swift_Schedule.git
 + 670f61c...b63ff5e gh-pages -> gh-pages (forced update)
=== Run finished: Tue Sep 29 22:40:19 IST 2026 ===
=== Run started: Tue Sep 29 22:50:18 IST 2026 ===
[gh-pages 465043b] Auto-deploy: 2026-09-29T21:50:18Z
 Date: Tue Sep 15 08:43:09 2026 +0100
 4 files changed, 14972 insertions(+)
 create mode 100644 SwiftScheduleParser.log
 create mode 100644 github-swiftschedule-deploy.log
 create mode 100644 index.html
 create mode 100644 logfile
To github-swiftsched:UCD-HEAP/Swift_Schedule.git
 + b63ff5e...465043b gh-pages -> gh-pages (forced update)
=== Run finished: Tue Sep 29 22:50:19 IST 2026 ===
=== Run started: Tue Sep 29 23:00:16 IST 2026 ===
[gh-pages 399270a] Auto-deploy: 2026-09-29T22:00:16Z
 Date: Tue Sep 15 08:43:09 2026 +0100
 4 files changed, 14983 insertions(+)
 create mode 100644 SwiftScheduleParser.log
 create mode 100644 github-swiftschedule-deploy.log
 create mode 100644 index.html
 create mode 100644 logfile
To github-swiftsched:UCD-HEAP/Swift_Schedule.git
 + 465043b...399270a gh-pages -> gh-pages (forced update)
=== Run finished: Tue Sep 29 23:00:17 IST 2026 ===
=== Run started: Tue Sep 29 23:10:17 IST 2026 ===
[gh-pages 479387e] Auto-deploy: 2026-09-29T22:10:17Z
 Date: Tue Sep 15 08:43:09 2026 +0100
 4 files changed, 14994 insertions(+)
 create mode 100644 SwiftScheduleParser.log
 create mode 100644 github-swiftschedule-deploy.log
 create mode 100644 index.html
 create mode 100644 logfile
To github-swiftsched:UCD-HEAP/Swift_Schedule.git
 + 399270a...479387e gh-pages -> gh-pages (forced update)
=== Run finished: Tue Sep 29 23:10:19 IST 2026 ===
=== Run started: Tue Sep 29 23:20:18 IST 2026 ===
[gh-pages c6f44fc] Auto-deploy: 2026-09-29T22:20:18Z
 Date: Tue Sep 15 08:43:09 2026 +0100
 4 files changed, 15005 insertions(+)
 create mode 100644 SwiftScheduleParser.log
 create mode 100644 github-swiftschedule-deploy.log
 create mode 100644 index.html
 create mode 100644 logfile
To github-swiftsched:UCD-HEAP/Swift_Schedule.git
 + 479387e...c6f44fc gh-pages -> gh-pages (forced update)
=== Run finished: Tue Sep 29 23:20:20 IST 2026 ===
=== Run started: Tue Sep 29 23:30:15 IST 2026 ===
[gh-pages e6dd845] Auto-deploy: 2026-09-29T22:30:15Z
 Date: Tue Sep 15 08:43:09 2026 +0100
 4 files changed, 15016 insertions(+)
 create mode 100644 SwiftScheduleParser.log
 create mode 100644 github-swiftschedule-deploy.log
 create mode 100644 index.html
 create mode 100644 logfile
To github-swiftsched:UCD-HEAP/Swift_Schedule.git
 + c6f44fc...e6dd845 gh-pages -> gh-pages (forced update)
=== Run finished: Tue Sep 29 23:30:17 IST 2026 ===
=== Run started: Tue Sep 29 23:40:17 IST 2026 ===
[gh-pages d263119] Auto-deploy: 2026-09-29T22:40:17Z
 Date: Tue Sep 15 08:43:09 2026 +0100
 4 files changed, 15027 insertions(+)
 create mode 100644 SwiftScheduleParser.log
 create mode 100644 github-swiftschedule-deploy.log
 create mode 100644 index.html
 create mode 100644 logfile
To github-swiftsched:UCD-HEAP/Swift_Schedule.git
 + e6dd845...d263119 gh-pages -> gh-pages (forced update)
=== Run finished: Tue Sep 29 23:40:19 IST 2026 ===
=== Run started: Tue Sep 29 23:50:15 IST 2026 ===
[gh-pages 154394e] Auto-deploy: 2026-09-29T22:50:15Z
 Date: Tue Sep 15 08:43:09 2026 +0100
 4 files changed, 15038 insertions(+)
 create mode 100644 SwiftScheduleParser.log
 create mode 100644 github-swiftschedule-deploy.log
 create mode 100644 index.html
 create mode 100644 logfile
To github-swiftsched:UCD-HEAP/Swift_Schedule.git
 + d263119...154394e gh-pages -> gh-pages (forced update)
=== Run finished: Tue Sep 29 23:50:18 IST 2026 ===
=== Run started: Wed Sep 30 00:00:18 IST 2026 ===
[gh-pages a154c78] Auto-deploy: 2026-09-29T23:00:18Z
 Date: Tue Sep 15 08:43:09 2026 +0100
 4 files changed, 15049 insertions(+)
 create mode 100644 SwiftScheduleParser.log
 create mode 100644 github-swiftschedule-deploy.log
 create mode 100644 index.html
 create mode 100644 logfile
To github-swiftsched:UCD-HEAP/Swift_Schedule.git
 + 154394e...a154c78 gh-pages -> gh-pages (forced update)
=== Run finished: Wed Sep 30 00:00:20 IST 2026 ===
=== Run started: Wed Sep 30 00:10:16 IST 2026 ===
[gh-pages 2d0e8bb] Auto-deploy: 2026-09-29T23:10:16Z
 Date: Tue Sep 15 08:43:09 2026 +0100
 4 files changed, 15060 insertions(+)
 create mode 100644 SwiftScheduleParser.log
 create mode 100644 github-swiftschedule-deploy.log
 create mode 100644 index.html
 create mode 100644 logfile
To github-swiftsched:UCD-HEAP/Swift_Schedule.git
 + a154c78...2d0e8bb gh-pages -> gh-pages (forced update)
=== Run finished: Wed Sep 30 00:10:17 IST 2026 ===
=== Run started: Wed Sep 30 00:20:17 IST 2026 ===
[gh-pages 0df6676] Auto-deploy: 2026-09-29T23:20:17Z
 Date: Tue Sep 15 08:43:09 2026 +0100
 4 files changed, 15071 insertions(+)
 create mode 100644 SwiftScheduleParser.log
 create mode 100644 github-swiftschedule-deploy.log
 create mode 100644 index.html
 create mode 100644 logfile
To github-swiftsched:UCD-HEAP/Swift_Schedule.git
 + 2d0e8bb...0df6676 gh-pages -> gh-pages (forced update)
=== Run finished: Wed Sep 30 00:20:19 IST 2026 ===
=== Run started: Wed Sep 30 00:30:18 IST 2026 ===
[gh-pages 715a1de] Auto-deploy: 2026-09-29T23:30:18Z
 Date: Tue Sep 15 08:43:09 2026 +0100
 4 files changed, 15082 insertions(+)
 create mode 100644 SwiftScheduleParser.log
 create mode 100644 github-swiftschedule-deploy.log
 create mode 100644 index.html
 create mode 100644 logfile
To github-swiftsched:UCD-HEAP/Swift_Schedule.git
 + 0df6676...715a1de gh-pages -> gh-pages (forced update)
=== Run finished: Wed Sep 30 00:30:20 IST 2026 ===
=== Run started: Wed Sep 30 00:40:15 IST 2026 ===
[gh-pages a14708c] Auto-deploy: 2026-09-29T23:40:15Z
 Date: Tue Sep 15 08:43:09 2026 +0100
 4 files changed, 15093 insertions(+)
 create mode 100644 SwiftScheduleParser.log
 create mode 100644 github-swiftschedule-deploy.log
 create mode 100644 index.html
 create mode 100644 logfile
To github-swiftsched:UCD-HEAP/Swift_Schedule.git
 + 715a1de...a14708c gh-pages -> gh-pages (forced update)
=== Run finished: Wed Sep 30 00:40:17 IST 2026 ===
=== Run started: Wed Sep 30 00:50:18 IST 2026 ===
[gh-pages d2f2941] Auto-deploy: 2026-09-29T23:50:18Z
 Date: Tue Sep 15 08:43:09 2026 +0100
 4 files changed, 15104 insertions(+)
 create mode 100644 SwiftScheduleParser.log
 create mode 100644 github-swiftschedule-deploy.log
 create mode 100644 index.html
 create mode 100644 logfile
To github-swiftsched:UCD-HEAP/Swift_Schedule.git
 + a14708c...d2f2941 gh-pages -> gh-pages (forced update)
=== Run finished: Wed Sep 30 00:50:20 IST 2026 ===
=== Run started: Wed Sep 30 01:00:24 IST 2026 ===
[gh-pages d185d05] Auto-deploy: 2026-09-30T00:00:24Z
 Date: Tue Sep 15 08:43:09 2026 +0100
 4 files changed, 15080 insertions(+)
 create mode 100644 SwiftScheduleParser.log
 create mode 100644 github-swiftschedule-deploy.log
 create mode 100644 index.html
 create mode 100644 logfile
To github-swiftsched:UCD-HEAP/Swift_Schedule.git
 + d2f2941...d185d05 gh-pages -> gh-pages (forced update)
=== Run finished: Wed Sep 30 01:00:26 IST 2026 ===
=== Run started: Wed Sep 30 01:10:26 IST 2026 ===
[gh-pages 7ffbd4b] Auto-deploy: 2026-09-30T00:10:26Z
 Date: Tue Sep 15 08:43:09 2026 +0100
 4 files changed, 15091 insertions(+)
 create mode 100644 SwiftScheduleParser.log
 create mode 100644 github-swiftschedule-deploy.log
 create mode 100644 index.html
 create mode 100644 logfile
To github-swiftsched:UCD-HEAP/Swift_Schedule.git
 + d185d05...7ffbd4b gh-pages -> gh-pages (forced update)
=== Run finished: Wed Sep 30 01:10:28 IST 2026 ===
=== Run started: Wed Sep 30 01:20:24 IST 2026 ===
[gh-pages 5aebcde] Auto-deploy: 2026-09-30T00:20:24Z
 Date: Tue Sep 15 08:43:09 2026 +0100
 4 files changed, 15102 insertions(+)
 create mode 100644 SwiftScheduleParser.log
 create mode 100644 github-swiftschedule-deploy.log
 create mode 100644 index.html
 create mode 100644 logfile
To github-swiftsched:UCD-HEAP/Swift_Schedule.git
 + 7ffbd4b...5aebcde gh-pages -> gh-pages (forced update)
=== Run finished: Wed Sep 30 01:20:26 IST 2026 ===
=== Run started: Wed Sep 30 01:30:26 IST 2026 ===
[gh-pages c3eb7b4] Auto-deploy: 2026-09-30T00:30:27Z
 Date: Tue Sep 15 08:43:09 2026 +0100
 4 files changed, 15113 insertions(+)
 create mode 100644 SwiftScheduleParser.log
 create mode 100644 github-swiftschedule-deploy.log
 create mode 100644 index.html
 create mode 100644 logfile
To github-swiftsched:UCD-HEAP/Swift_Schedule.git
 + 5aebcde...c3eb7b4 gh-pages -> gh-pages (forced update)
=== Run finished: Wed Sep 30 01:30:28 IST 2026 ===
=== Run started: Wed Sep 30 01:40:26 IST 2026 ===
[gh-pages 06e1d40] Auto-deploy: 2026-09-30T00:40:26Z
 Date: Tue Sep 15 08:43:09 2026 +0100
 4 files changed, 15124 insertions(+)
 create mode 100644 SwiftScheduleParser.log
 create mode 100644 github-swiftschedule-deploy.log
 create mode 100644 index.html
 create mode 100644 logfile
To github-swiftsched:UCD-HEAP/Swift_Schedule.git
 + c3eb7b4...06e1d40 gh-pages -> gh-pages (forced update)
=== Run finished: Wed Sep 30 01:40:28 IST 2026 ===
=== Run started: Wed Sep 30 01:50:25 IST 2026 ===
[gh-pages 92b6ed1] Auto-deploy: 2026-09-30T00:50:25Z
 Date: Tue Sep 15 08:43:09 2026 +0100
 4 files changed, 15135 insertions(+)
 create mode 100644 SwiftScheduleParser.log
 create mode 100644 github-swiftschedule-deploy.log
 create mode 100644 index.html
 create mode 100644 logfile
To github-swiftsched:UCD-HEAP/Swift_Schedule.git
 + 06e1d40...92b6ed1 gh-pages -> gh-pages (forced update)
=== Run finished: Wed Sep 30 01:50:27 IST 2026 ===
=== Run started: Wed Sep 30 02:00:27 IST 2026 ===
[gh-pages 634fd99] Auto-deploy: 2026-09-30T01:00:27Z
 Date: Tue Sep 15 08:43:09 2026 +0100
 4 files changed, 15146 insertions(+)
 create mode 100644 SwiftScheduleParser.log
 create mode 100644 github-swiftschedule-deploy.log
 create mode 100644 index.html
 create mode 100644 logfile
To github-swiftsched:UCD-HEAP/Swift_Schedule.git
 + 92b6ed1...634fd99 gh-pages -> gh-pages (forced update)
=== Run finished: Wed Sep 30 02:00:28 IST 2026 ===
=== Run started: Wed Sep 30 02:10:25 IST 2026 ===
[gh-pages c8153ca] Auto-deploy: 2026-09-30T01:10:25Z
 Date: Tue Sep 15 08:43:09 2026 +0100
 4 files changed, 15157 insertions(+)
 create mode 100644 SwiftScheduleParser.log
 create mode 100644 github-swiftschedule-deploy.log
 create mode 100644 index.html
 create mode 100644 logfile
To github-swiftsched:UCD-HEAP/Swift_Schedule.git
 + 634fd99...c8153ca gh-pages -> gh-pages (forced update)
=== Run finished: Wed Sep 30 02:10:26 IST 2026 ===
=== Run started: Wed Sep 30 02:20:25 IST 2026 ===
[gh-pages 174c62c] Auto-deploy: 2026-09-30T01:20:25Z
 Date: Tue Sep 15 08:43:09 2026 +0100
 4 files changed, 15168 insertions(+)
 create mode 100644 SwiftScheduleParser.log
 create mode 100644 github-swiftschedule-deploy.log
 create mode 100644 index.html
 create mode 100644 logfile
To github-swiftsched:UCD-HEAP/Swift_Schedule.git
 + c8153ca...174c62c gh-pages -> gh-pages (forced update)
=== Run finished: Wed Sep 30 02:20:27 IST 2026 ===
=== Run started: Wed Sep 30 02:30:27 IST 2026 ===
[gh-pages 91c6fe8] Auto-deploy: 2026-09-30T01:30:27Z
 Date: Tue Sep 15 08:43:09 2026 +0100
 4 files changed, 15179 insertions(+)
 create mode 100644 SwiftScheduleParser.log
 create mode 100644 github-swiftschedule-deploy.log
 create mode 100644 index.html
 create mode 100644 logfile
To github-swiftsched:UCD-HEAP/Swift_Schedule.git
 + 174c62c...91c6fe8 gh-pages -> gh-pages (forced update)
=== Run finished: Wed Sep 30 02:30:28 IST 2026 ===
=== Run started: Wed Sep 30 02:40:27 IST 2026 ===
[gh-pages c42c591] Auto-deploy: 2026-09-30T01:40:27Z
 Date: Tue Sep 15 08:43:09 2026 +0100
 4 files changed, 15190 insertions(+)
 create mode 100644 SwiftScheduleParser.log
 create mode 100644 github-swiftschedule-deploy.log
 create mode 100644 index.html
 create mode 100644 logfile
To github-swiftsched:UCD-HEAP/Swift_Schedule.git
 + 91c6fe8...c42c591 gh-pages -> gh-pages (forced update)
=== Run finished: Wed Sep 30 02:40:29 IST 2026 ===
=== Run started: Wed Sep 30 02:50:24 IST 2026 ===
[gh-pages c6afaee] Auto-deploy: 2026-09-30T01:50:24Z
 Date: Tue Sep 15 08:43:09 2026 +0100
 4 files changed, 15201 insertions(+)
 create mode 100644 SwiftScheduleParser.log
 create mode 100644 github-swiftschedule-deploy.log
 create mode 100644 index.html
 create mode 100644 logfile
To github-swiftsched:UCD-HEAP/Swift_Schedule.git
 + c42c591...c6afaee gh-pages -> gh-pages (forced update)
=== Run finished: Wed Sep 30 02:50:26 IST 2026 ===
=== Run started: Wed Sep 30 03:00:26 IST 2026 ===
[gh-pages 00fd6f4] Auto-deploy: 2026-09-30T02:00:26Z
 Date: Tue Sep 15 08:43:09 2026 +0100
 4 files changed, 15212 insertions(+)
 create mode 100644 SwiftScheduleParser.log
 create mode 100644 github-swiftschedule-deploy.log
 create mode 100644 index.html
 create mode 100644 logfile
To github-swiftsched:UCD-HEAP/Swift_Schedule.git
 + c6afaee...00fd6f4 gh-pages -> gh-pages (forced update)
=== Run finished: Wed Sep 30 03:00:28 IST 2026 ===
=== Run started: Wed Sep 30 03:10:25 IST 2026 ===
[gh-pages 981c84f] Auto-deploy: 2026-09-30T02:10:25Z
 Date: Tue Sep 15 08:43:09 2026 +0100
 4 files changed, 15223 insertions(+)
 create mode 100644 SwiftScheduleParser.log
 create mode 100644 github-swiftschedule-deploy.log
 create mode 100644 index.html
 create mode 100644 logfile
To github-swiftsched:UCD-HEAP/Swift_Schedule.git
 + 00fd6f4...981c84f gh-pages -> gh-pages (forced update)
=== Run finished: Wed Sep 30 03:10:27 IST 2026 ===
=== Run started: Wed Sep 30 03:20:25 IST 2026 ===
[gh-pages d81e607] Auto-deploy: 2026-09-30T02:20:25Z
 Date: Tue Sep 15 08:43:09 2026 +0100
 4 files changed, 15234 insertions(+)
 create mode 100644 SwiftScheduleParser.log
 create mode 100644 github-swiftschedule-deploy.log
 create mode 100644 index.html
 create mode 100644 logfile
To github-swiftsched:UCD-HEAP/Swift_Schedule.git
 + 981c84f...d81e607 gh-pages -> gh-pages (forced update)
=== Run finished: Wed Sep 30 03:20:27 IST 2026 ===
=== Run started: Wed Sep 30 03:30:25 IST 2026 ===
[gh-pages 3f05cd5] Auto-deploy: 2026-09-30T02:30:25Z
 Date: Tue Sep 15 08:43:09 2026 +0100
 4 files changed, 15245 insertions(+)
 create mode 100644 SwiftScheduleParser.log
 create mode 100644 github-swiftschedule-deploy.log
 create mode 100644 index.html
 create mode 100644 logfile
To github-swiftsched:UCD-HEAP/Swift_Schedule.git
 + d81e607...3f05cd5 gh-pages -> gh-pages (forced update)
=== Run finished: Wed Sep 30 03:30:27 IST 2026 ===
=== Run started: Wed Sep 30 03:40:27 IST 2026 ===
[gh-pages 6eed6e4] Auto-deploy: 2026-09-30T02:40:27Z
 Date: Tue Sep 15 08:43:09 2026 +0100
 4 files changed, 15256 insertions(+)
 create mode 100644 SwiftScheduleParser.log
 create mode 100644 github-swiftschedule-deploy.log
 create mode 100644 index.html
 create mode 100644 logfile
To github-swiftsched:UCD-HEAP/Swift_Schedule.git
 + 3f05cd5...6eed6e4 gh-pages -> gh-pages (forced update)
=== Run finished: Wed Sep 30 03:40:29 IST 2026 ===
=== Run started: Wed Sep 30 03:50:24 IST 2026 ===
[gh-pages 9805ac2] Auto-deploy: 2026-09-30T02:50:24Z
 Date: Tue Sep 15 08:43:09 2026 +0100
 4 files changed, 15267 insertions(+)
 create mode 100644 SwiftScheduleParser.log
 create mode 100644 github-swiftschedule-deploy.log
 create mode 100644 index.html
 create mode 100644 logfile
To github-swiftsched:UCD-HEAP/Swift_Schedule.git
 + 6eed6e4...9805ac2 gh-pages -> gh-pages (forced update)
=== Run finished: Wed Sep 30 03:50:26 IST 2026 ===
=== Run started: Wed Sep 30 04:00:26 IST 2026 ===
[gh-pages fccadf4] Auto-deploy: 2026-09-30T03:00:26Z
 Date: Tue Sep 15 08:43:09 2026 +0100
 4 files changed, 15278 insertions(+)
 create mode 100644 SwiftScheduleParser.log
 create mode 100644 github-swiftschedule-deploy.log
 create mode 100644 index.html
 create mode 100644 logfile
To github-swiftsched:UCD-HEAP/Swift_Schedule.git
 + 9805ac2...fccadf4 gh-pages -> gh-pages (forced update)
=== Run finished: Wed Sep 30 04:00:28 IST 2026 ===
=== Run started: Wed Sep 30 04:10:26 IST 2026 ===
[gh-pages 90b4cd2] Auto-deploy: 2026-09-30T03:10:26Z
 Date: Tue Sep 15 08:43:09 2026 +0100
 4 files changed, 15289 insertions(+)
 create mode 100644 SwiftScheduleParser.log
 create mode 100644 github-swiftschedule-deploy.log
 create mode 100644 index.html
 create mode 100644 logfile
To github-swiftsched:UCD-HEAP/Swift_Schedule.git
 + fccadf4...90b4cd2 gh-pages -> gh-pages (forced update)
=== Run finished: Wed Sep 30 04:10:28 IST 2026 ===
=== Run started: Wed Sep 30 04:20:27 IST 2026 ===
[gh-pages 43d6a1e] Auto-deploy: 2026-09-30T03:20:27Z
 Date: Tue Sep 15 08:43:09 2026 +0100
 4 files changed, 15300 insertions(+)
 create mode 100644 SwiftScheduleParser.log
 create mode 100644 github-swiftschedule-deploy.log
 create mode 100644 index.html
 create mode 100644 logfile
To github-swiftsched:UCD-HEAP/Swift_Schedule.git
 + 90b4cd2...43d6a1e gh-pages -> gh-pages (forced update)
=== Run finished: Wed Sep 30 04:20:29 IST 2026 ===
=== Run started: Wed Sep 30 04:30:25 IST 2026 ===
[gh-pages dcb8b42] Auto-deploy: 2026-09-30T03:30:25Z
 Date: Tue Sep 15 08:43:09 2026 +0100
 4 files changed, 15311 insertions(+)
 create mode 100644 SwiftScheduleParser.log
 create mode 100644 github-swiftschedule-deploy.log
 create mode 100644 index.html
 create mode 100644 logfile
To github-swiftsched:UCD-HEAP/Swift_Schedule.git
 + 43d6a1e...dcb8b42 gh-pages -> gh-pages (forced update)
=== Run finished: Wed Sep 30 04:30:26 IST 2026 ===
=== Run started: Wed Sep 30 04:40:26 IST 2026 ===
[gh-pages 71d62b1] Auto-deploy: 2026-09-30T03:40:26Z
 Date: Tue Sep 15 08:43:09 2026 +0100
 4 files changed, 15322 insertions(+)
 create mode 100644 SwiftScheduleParser.log
 create mode 100644 github-swiftschedule-deploy.log
 create mode 100644 index.html
 create mode 100644 logfile
To github-swiftsched:UCD-HEAP/Swift_Schedule.git
 + dcb8b42...71d62b1 gh-pages -> gh-pages (forced update)
=== Run finished: Wed Sep 30 04:40:28 IST 2026 ===
=== Run started: Wed Sep 30 04:50:26 IST 2026 ===
[gh-pages 0caa24f] Auto-deploy: 2026-09-30T03:50:26Z
 Date: Tue Sep 15 08:43:09 2026 +0100
 4 files changed, 15333 insertions(+)
 create mode 100644 SwiftScheduleParser.log
 create mode 100644 github-swiftschedule-deploy.log
 create mode 100644 index.html
 create mode 100644 logfile
To github-swiftsched:UCD-HEAP/Swift_Schedule.git
 + 71d62b1...0caa24f gh-pages -> gh-pages (forced update)
=== Run finished: Wed Sep 30 04:50:27 IST 2026 ===
=== Run started: Wed Sep 30 05:00:27 IST 2026 ===
[gh-pages bab20f9] Auto-deploy: 2026-09-30T04:00:27Z
 Date: Tue Sep 15 08:43:09 2026 +0100
 4 files changed, 15344 insertions(+)
 create mode 100644 SwiftScheduleParser.log
 create mode 100644 github-swiftschedule-deploy.log
 create mode 100644 index.html
 create mode 100644 logfile
To github-swiftsched:UCD-HEAP/Swift_Schedule.git
 + 0caa24f...bab20f9 gh-pages -> gh-pages (forced update)
=== Run finished: Wed Sep 30 05:00:29 IST 2026 ===
=== Run started: Wed Sep 30 05:10:24 IST 2026 ===
[gh-pages 3ccc4ef] Auto-deploy: 2026-09-30T04:10:24Z
 Date: Tue Sep 15 08:43:09 2026 +0100
 4 files changed, 15355 insertions(+)
 create mode 100644 SwiftScheduleParser.log
 create mode 100644 github-swiftschedule-deploy.log
 create mode 100644 index.html
 create mode 100644 logfile
To github-swiftsched:UCD-HEAP/Swift_Schedule.git
 + bab20f9...3ccc4ef gh-pages -> gh-pages (forced update)
=== Run finished: Wed Sep 30 05:10:26 IST 2026 ===
=== Run started: Wed Sep 30 05:20:34 IST 2026 ===
[gh-pages d533ea7] Auto-deploy: 2026-09-30T04:20:34Z
 Date: Tue Sep 15 08:43:09 2026 +0100
 4 files changed, 15366 insertions(+)
 create mode 100644 SwiftScheduleParser.log
 create mode 100644 github-swiftschedule-deploy.log
 create mode 100644 index.html
 create mode 100644 logfile
To github-swiftsched:UCD-HEAP/Swift_Schedule.git
 + 3ccc4ef...d533ea7 gh-pages -> gh-pages (forced update)
=== Run finished: Wed Sep 30 05:20:36 IST 2026 ===
=== Run started: Wed Sep 30 05:30:25 IST 2026 ===
[gh-pages 984af90] Auto-deploy: 2026-09-30T04:30:25Z
 Date: Tue Sep 15 08:43:09 2026 +0100
 4 files changed, 15377 insertions(+)
 create mode 100644 SwiftScheduleParser.log
 create mode 100644 github-swiftschedule-deploy.log
 create mode 100644 index.html
 create mode 100644 logfile
To github-swiftsched:UCD-HEAP/Swift_Schedule.git
 + d533ea7...984af90 gh-pages -> gh-pages (forced update)
=== Run finished: Wed Sep 30 05:30:27 IST 2026 ===
=== Run started: Wed Sep 30 05:40:25 IST 2026 ===
[gh-pages 21189e0] Auto-deploy: 2026-09-30T04:40:25Z
 Date: Tue Sep 15 08:43:09 2026 +0100
 4 files changed, 15388 insertions(+)
 create mode 100644 SwiftScheduleParser.log
 create mode 100644 github-swiftschedule-deploy.log
 create mode 100644 index.html
 create mode 100644 logfile
To github-swiftsched:UCD-HEAP/Swift_Schedule.git
 + 984af90...21189e0 gh-pages -> gh-pages (forced update)
=== Run finished: Wed Sep 30 05:40:27 IST 2026 ===
=== Run started: Wed Sep 30 05:50:26 IST 2026 ===
[gh-pages 2c6721c] Auto-deploy: 2026-09-30T04:50:26Z
 Date: Tue Sep 15 08:43:09 2026 +0100
 4 files changed, 15399 insertions(+)
 create mode 100644 SwiftScheduleParser.log
 create mode 100644 github-swiftschedule-deploy.log
 create mode 100644 index.html
 create mode 100644 logfile
To github-swiftsched:UCD-HEAP/Swift_Schedule.git
 + 21189e0...2c6721c gh-pages -> gh-pages (forced update)
=== Run finished: Wed Sep 30 05:50:28 IST 2026 ===
=== Run started: Wed Sep 30 06:00:26 IST 2026 ===
[gh-pages 71619e6] Auto-deploy: 2026-09-30T05:00:26Z
 Date: Tue Sep 15 08:43:09 2026 +0100
 4 files changed, 15410 insertions(+)
 create mode 100644 SwiftScheduleParser.log
 create mode 100644 github-swiftschedule-deploy.log
 create mode 100644 index.html
 create mode 100644 logfile
To github-swiftsched:UCD-HEAP/Swift_Schedule.git
 + 2c6721c...71619e6 gh-pages -> gh-pages (forced update)
=== Run finished: Wed Sep 30 06:00:27 IST 2026 ===
=== Run started: Wed Sep 30 06:10:26 IST 2026 ===
[gh-pages a0940b3] Auto-deploy: 2026-09-30T05:10:26Z
 Date: Tue Sep 15 08:43:09 2026 +0100
 4 files changed, 15421 insertions(+)
 create mode 100644 SwiftScheduleParser.log
 create mode 100644 github-swiftschedule-deploy.log
 create mode 100644 index.html
 create mode 100644 logfile
To github-swiftsched:UCD-HEAP/Swift_Schedule.git
 + 71619e6...a0940b3 gh-pages -> gh-pages (forced update)
=== Run finished: Wed Sep 30 06:10:28 IST 2026 ===
=== Run started: Wed Sep 30 06:20:25 IST 2026 ===
[gh-pages 5d8956b] Auto-deploy: 2026-09-30T05:20:25Z
 Date: Tue Sep 15 08:43:09 2026 +0100
 4 files changed, 15432 insertions(+)
 create mode 100644 SwiftScheduleParser.log
 create mode 100644 github-swiftschedule-deploy.log
 create mode 100644 index.html
 create mode 100644 logfile
To github-swiftsched:UCD-HEAP/Swift_Schedule.git
 + a0940b3...5d8956b gh-pages -> gh-pages (forced update)
=== Run finished: Wed Sep 30 06:20:27 IST 2026 ===
=== Run started: Wed Sep 30 06:30:24 IST 2026 ===
[gh-pages dfc0c5f] Auto-deploy: 2026-09-30T05:30:24Z
 Date: Tue Sep 15 08:43:09 2026 +0100
 4 files changed, 15443 insertions(+)
 create mode 100644 SwiftScheduleParser.log
 create mode 100644 github-swiftschedule-deploy.log
 create mode 100644 index.html
 create mode 100644 logfile
To github-swiftsched:UCD-HEAP/Swift_Schedule.git
 + 5d8956b...dfc0c5f gh-pages -> gh-pages (forced update)
=== Run finished: Wed Sep 30 06:30:26 IST 2026 ===
=== Run started: Wed Sep 30 06:40:26 IST 2026 ===
[gh-pages 8cd7c7c] Auto-deploy: 2026-09-30T05:40:27Z
 Date: Tue Sep 15 08:43:09 2026 +0100
 4 files changed, 15454 insertions(+)
 create mode 100644 SwiftScheduleParser.log
 create mode 100644 github-swiftschedule-deploy.log
 create mode 100644 index.html
 create mode 100644 logfile
To github-swiftsched:UCD-HEAP/Swift_Schedule.git
 + dfc0c5f...8cd7c7c gh-pages -> gh-pages (forced update)
=== Run finished: Wed Sep 30 06:40:28 IST 2026 ===
=== Run started: Wed Sep 30 06:50:24 IST 2026 ===
[gh-pages 16c2b11] Auto-deploy: 2026-09-30T05:50:24Z
 Date: Tue Sep 15 08:43:09 2026 +0100
 4 files changed, 15465 insertions(+)
 create mode 100644 SwiftScheduleParser.log
 create mode 100644 github-swiftschedule-deploy.log
 create mode 100644 index.html
 create mode 100644 logfile
To github-swiftsched:UCD-HEAP/Swift_Schedule.git
 + 8cd7c7c...16c2b11 gh-pages -> gh-pages (forced update)
=== Run finished: Wed Sep 30 06:50:26 IST 2026 ===
=== Run started: Wed Sep 30 07:00:26 IST 2026 ===
[gh-pages 30b4ad9] Auto-deploy: 2026-09-30T06:00:26Z
 Date: Tue Sep 15 08:43:09 2026 +0100
 4 files changed, 15476 insertions(+)
 create mode 100644 SwiftScheduleParser.log
 create mode 100644 github-swiftschedule-deploy.log
 create mode 100644 index.html
 create mode 100644 logfile
To github-swiftsched:UCD-HEAP/Swift_Schedule.git
 + 16c2b11...30b4ad9 gh-pages -> gh-pages (forced update)
=== Run finished: Wed Sep 30 07:00:28 IST 2026 ===
=== Run started: Wed Sep 30 07:10:25 IST 2026 ===
[gh-pages bfe6ea0] Auto-deploy: 2026-09-30T06:10:25Z
 Date: Tue Sep 15 08:43:09 2026 +0100
 4 files changed, 15487 insertions(+)
 create mode 100644 SwiftScheduleParser.log
 create mode 100644 github-swiftschedule-deploy.log
 create mode 100644 index.html
 create mode 100644 logfile
To github-swiftsched:UCD-HEAP/Swift_Schedule.git
 + 30b4ad9...bfe6ea0 gh-pages -> gh-pages (forced update)
=== Run finished: Wed Sep 30 07:10:26 IST 2026 ===
=== Run started: Wed Sep 30 07:20:26 IST 2026 ===
[gh-pages 6692e33] Auto-deploy: 2026-09-30T06:20:26Z
 Date: Tue Sep 15 08:43:09 2026 +0100
 4 files changed, 15498 insertions(+)
 create mode 100644 SwiftScheduleParser.log
 create mode 100644 github-swiftschedule-deploy.log
 create mode 100644 index.html
 create mode 100644 logfile
To github-swiftsched:UCD-HEAP/Swift_Schedule.git
 + bfe6ea0...6692e33 gh-pages -> gh-pages (forced update)
=== Run finished: Wed Sep 30 07:20:28 IST 2026 ===
=== Run started: Wed Sep 30 07:30:27 IST 2026 ===
[gh-pages 0e55eb5] Auto-deploy: 2026-09-30T06:30:27Z
 Date: Tue Sep 15 08:43:09 2026 +0100
 4 files changed, 15509 insertions(+)
 create mode 100644 SwiftScheduleParser.log
 create mode 100644 github-swiftschedule-deploy.log
 create mode 100644 index.html
 create mode 100644 logfile
To github-swiftsched:UCD-HEAP/Swift_Schedule.git
 + 6692e33...0e55eb5 gh-pages -> gh-pages (forced update)
=== Run finished: Wed Sep 30 07:30:29 IST 2026 ===
=== Run started: Wed Sep 30 07:40:24 IST 2026 ===
[gh-pages 8313031] Auto-deploy: 2026-09-30T06:40:24Z
 Date: Tue Sep 15 08:43:09 2026 +0100
 4 files changed, 15520 insertions(+)
 create mode 100644 SwiftScheduleParser.log
 create mode 100644 github-swiftschedule-deploy.log
 create mode 100644 index.html
 create mode 100644 logfile
To github-swiftsched:UCD-HEAP/Swift_Schedule.git
 + 0e55eb5...8313031 gh-pages -> gh-pages (forced update)
=== Run finished: Wed Sep 30 07:40:26 IST 2026 ===
=== Run started: Wed Sep 30 07:50:26 IST 2026 ===
[gh-pages 3313290] Auto-deploy: 2026-09-30T06:50:26Z
 Date: Tue Sep 15 08:43:09 2026 +0100
 4 files changed, 15531 insertions(+)
 create mode 100644 SwiftScheduleParser.log
 create mode 100644 github-swiftschedule-deploy.log
 create mode 100644 index.html
 create mode 100644 logfile
To github-swiftsched:UCD-HEAP/Swift_Schedule.git
 + 8313031...3313290 gh-pages -> gh-pages (forced update)
=== Run finished: Wed Sep 30 07:50:28 IST 2026 ===
=== Run started: Wed Sep 30 08:00:25 IST 2026 ===
[gh-pages feb214f] Auto-deploy: 2026-09-30T07:00:25Z
 Date: Tue Sep 15 08:43:09 2026 +0100
 4 files changed, 15542 insertions(+)
 create mode 100644 SwiftScheduleParser.log
 create mode 100644 github-swiftschedule-deploy.log
 create mode 100644 index.html
 create mode 100644 logfile
To github-swiftsched:UCD-HEAP/Swift_Schedule.git
 + 3313290...feb214f gh-pages -> gh-pages (forced update)
=== Run finished: Wed Sep 30 08:00:27 IST 2026 ===
=== Run started: Wed Sep 30 08:10:26 IST 2026 ===
[gh-pages 4172b0c] Auto-deploy: 2026-09-30T07:10:26Z
 Date: Tue Sep 15 08:43:09 2026 +0100
 4 files changed, 15553 insertions(+)
 create mode 100644 SwiftScheduleParser.log
 create mode 100644 github-swiftschedule-deploy.log
 create mode 100644 index.html
 create mode 100644 logfile
To github-swiftsched:UCD-HEAP/Swift_Schedule.git
 + feb214f...4172b0c gh-pages -> gh-pages (forced update)
=== Run finished: Wed Sep 30 08:10:28 IST 2026 ===
=== Run started: Wed Sep 30 08:20:27 IST 2026 ===
[gh-pages e7c449d] Auto-deploy: 2026-09-30T07:20:27Z
 Date: Tue Sep 15 08:43:09 2026 +0100
 4 files changed, 15564 insertions(+)
 create mode 100644 SwiftScheduleParser.log
 create mode 100644 github-swiftschedule-deploy.log
 create mode 100644 index.html
 create mode 100644 logfile
To github-swiftsched:UCD-HEAP/Swift_Schedule.git
 + 4172b0c...e7c449d gh-pages -> gh-pages (forced update)
=== Run finished: Wed Sep 30 08:20:29 IST 2026 ===
=== Run started: Wed Sep 30 08:30:24 IST 2026 ===
[gh-pages e4d95be] Auto-deploy: 2026-09-30T07:30:24Z
 Date: Tue Sep 15 08:43:09 2026 +0100
 4 files changed, 15575 insertions(+)
 create mode 100644 SwiftScheduleParser.log
 create mode 100644 github-swiftschedule-deploy.log
 create mode 100644 index.html
 create mode 100644 logfile
To github-swiftsched:UCD-HEAP/Swift_Schedule.git
 + e7c449d...e4d95be gh-pages -> gh-pages (forced update)
=== Run finished: Wed Sep 30 08:30:26 IST 2026 ===
=== Run started: Wed Sep 30 08:40:32 IST 2026 ===
[gh-pages 9e35265] Auto-deploy: 2026-09-30T07:40:32Z
 Date: Tue Sep 15 08:43:09 2026 +0100
 4 files changed, 15586 insertions(+)
 create mode 100644 SwiftScheduleParser.log
 create mode 100644 github-swiftschedule-deploy.log
 create mode 100644 index.html
 create mode 100644 logfile
To github-swiftsched:UCD-HEAP/Swift_Schedule.git
 + e4d95be...9e35265 gh-pages -> gh-pages (forced update)
=== Run finished: Wed Sep 30 08:40:34 IST 2026 ===
=== Run started: Wed Sep 30 08:50:25 IST 2026 ===
[gh-pages e4fb217] Auto-deploy: 2026-09-30T07:50:25Z
 Date: Tue Sep 15 08:43:09 2026 +0100
 4 files changed, 15597 insertions(+)
 create mode 100644 SwiftScheduleParser.log
 create mode 100644 github-swiftschedule-deploy.log
 create mode 100644 index.html
 create mode 100644 logfile
To github-swiftsched:UCD-HEAP/Swift_Schedule.git
 + 9e35265...e4fb217 gh-pages -> gh-pages (forced update)
=== Run finished: Wed Sep 30 08:50:27 IST 2026 ===
=== Run started: Wed Sep 30 09:00:26 IST 2026 ===
[gh-pages 9b14037] Auto-deploy: 2026-09-30T08:00:26Z
 Date: Tue Sep 15 08:43:09 2026 +0100
 4 files changed, 15608 insertions(+)
 create mode 100644 SwiftScheduleParser.log
 create mode 100644 github-swiftschedule-deploy.log
 create mode 100644 index.html
 create mode 100644 logfile
To github-swiftsched:UCD-HEAP/Swift_Schedule.git
 + e4fb217...9b14037 gh-pages -> gh-pages (forced update)
=== Run finished: Wed Sep 30 09:00:29 IST 2026 ===
=== Run started: Wed Sep 30 09:10:24 IST 2026 ===
[gh-pages 00183c4] Auto-deploy: 2026-09-30T08:10:24Z
 Date: Tue Sep 15 08:43:09 2026 +0100
 4 files changed, 15619 insertions(+)
 create mode 100644 SwiftScheduleParser.log
 create mode 100644 github-swiftschedule-deploy.log
 create mode 100644 index.html
 create mode 100644 logfile
To github-swiftsched:UCD-HEAP/Swift_Schedule.git
 + 9b14037...00183c4 gh-pages -> gh-pages (forced update)
=== Run finished: Wed Sep 30 09:10:26 IST 2026 ===
=== Run started: Wed Sep 30 09:20:26 IST 2026 ===
[gh-pages 13f90c5] Auto-deploy: 2026-09-30T08:20:26Z
 Date: Tue Sep 15 08:43:09 2026 +0100
 4 files changed, 15630 insertions(+)
 create mode 100644 SwiftScheduleParser.log
 create mode 100644 github-swiftschedule-deploy.log
 create mode 100644 index.html
 create mode 100644 logfile
To github-swiftsched:UCD-HEAP/Swift_Schedule.git
 + 00183c4...13f90c5 gh-pages -> gh-pages (forced update)
=== Run finished: Wed Sep 30 09:20:28 IST 2026 ===
=== Run started: Wed Sep 30 09:30:26 IST 2026 ===
[gh-pages f47f9a2] Auto-deploy: 2026-09-30T08:30:26Z
 Date: Tue Sep 15 08:43:09 2026 +0100
 4 files changed, 15641 insertions(+)
 create mode 100644 SwiftScheduleParser.log
 create mode 100644 github-swiftschedule-deploy.log
 create mode 100644 index.html
 create mode 100644 logfile
To github-swiftsched:UCD-HEAP/Swift_Schedule.git
 + 13f90c5...f47f9a2 gh-pages -> gh-pages (forced update)
=== Run finished: Wed Sep 30 09:30:28 IST 2026 ===
=== Run started: Wed Sep 30 09:40:25 IST 2026 ===
[gh-pages b860fe9] Auto-deploy: 2026-09-30T08:40:25Z
 Date: Tue Sep 15 08:43:09 2026 +0100
 4 files changed, 15652 insertions(+)
 create mode 100644 SwiftScheduleParser.log
 create mode 100644 github-swiftschedule-deploy.log
 create mode 100644 index.html
 create mode 100644 logfile
To github-swiftsched:UCD-HEAP/Swift_Schedule.git
 + f47f9a2...b860fe9 gh-pages -> gh-pages (forced update)
=== Run finished: Wed Sep 30 09:40:26 IST 2026 ===
=== Run started: Wed Sep 30 09:50:27 IST 2026 ===
[gh-pages 240b372] Auto-deploy: 2026-09-30T08:50:27Z
 Date: Tue Sep 15 08:43:09 2026 +0100
 4 files changed, 15663 insertions(+)
 create mode 100644 SwiftScheduleParser.log
 create mode 100644 github-swiftschedule-deploy.log
 create mode 100644 index.html
 create mode 100644 logfile
To github-swiftsched:UCD-HEAP/Swift_Schedule.git
 + b860fe9...240b372 gh-pages -> gh-pages (forced update)
=== Run finished: Wed Sep 30 09:50:29 IST 2026 ===
=== Run started: Wed Sep 30 10:00:24 IST 2026 ===
[gh-pages 39b4a52] Auto-deploy: 2026-09-30T09:00:24Z
 Date: Tue Sep 15 08:43:09 2026 +0100
 4 files changed, 15674 insertions(+)
 create mode 100644 SwiftScheduleParser.log
 create mode 100644 github-swiftschedule-deploy.log
 create mode 100644 index.html
 create mode 100644 logfile
To github-swiftsched:UCD-HEAP/Swift_Schedule.git
 + 240b372...39b4a52 gh-pages -> gh-pages (forced update)
=== Run finished: Wed Sep 30 10:00:26 IST 2026 ===
=== Run started: Wed Sep 30 10:10:27 IST 2026 ===
[gh-pages b05871d] Auto-deploy: 2026-09-30T09:10:27Z
 Date: Tue Sep 15 08:43:09 2026 +0100
 4 files changed, 15685 insertions(+)
 create mode 100644 SwiftScheduleParser.log
 create mode 100644 github-swiftschedule-deploy.log
 create mode 100644 index.html
 create mode 100644 logfile
To github-swiftsched:UCD-HEAP/Swift_Schedule.git
 + 39b4a52...b05871d gh-pages -> gh-pages (forced update)
=== Run finished: Wed Sep 30 10:10:28 IST 2026 ===
=== Run started: Wed Sep 30 10:20:25 IST 2026 ===
[gh-pages 2c328ca] Auto-deploy: 2026-09-30T09:20:25Z
 Date: Tue Sep 15 08:43:09 2026 +0100
 4 files changed, 15696 insertions(+)
 create mode 100644 SwiftScheduleParser.log
 create mode 100644 github-swiftschedule-deploy.log
 create mode 100644 index.html
 create mode 100644 logfile
To github-swiftsched:UCD-HEAP/Swift_Schedule.git
 + b05871d...2c328ca gh-pages -> gh-pages (forced update)
=== Run finished: Wed Sep 30 10:20:26 IST 2026 ===
=== Run started: Wed Sep 30 10:30:27 IST 2026 ===
[gh-pages be125bd] Auto-deploy: 2026-09-30T09:30:27Z
 Date: Tue Sep 15 08:43:09 2026 +0100
 4 files changed, 15707 insertions(+)
 create mode 100644 SwiftScheduleParser.log
 create mode 100644 github-swiftschedule-deploy.log
 create mode 100644 index.html
 create mode 100644 logfile
To github-swiftsched:UCD-HEAP/Swift_Schedule.git
 + 2c328ca...be125bd gh-pages -> gh-pages (forced update)
=== Run finished: Wed Sep 30 10:30:29 IST 2026 ===
=== Run started: Wed Sep 30 10:40:24 IST 2026 ===
[gh-pages 7684a82] Auto-deploy: 2026-09-30T09:40:24Z
 Date: Tue Sep 15 08:43:09 2026 +0100
 4 files changed, 15718 insertions(+)
 create mode 100644 SwiftScheduleParser.log
 create mode 100644 github-swiftschedule-deploy.log
 create mode 100644 index.html
 create mode 100644 logfile
To github-swiftsched:UCD-HEAP/Swift_Schedule.git
 + be125bd...7684a82 gh-pages -> gh-pages (forced update)
=== Run finished: Wed Sep 30 10:40:26 IST 2026 ===
=== Run started: Wed Sep 30 10:50:27 IST 2026 ===
[gh-pages e691d02] Auto-deploy: 2026-09-30T09:50:27Z
 Date: Tue Sep 15 08:43:09 2026 +0100
 4 files changed, 15729 insertions(+)
 create mode 100644 SwiftScheduleParser.log
 create mode 100644 github-swiftschedule-deploy.log
 create mode 100644 index.html
 create mode 100644 logfile
To github-swiftsched:UCD-HEAP/Swift_Schedule.git
 + 7684a82...e691d02 gh-pages -> gh-pages (forced update)
=== Run finished: Wed Sep 30 10:50:29 IST 2026 ===
=== Run started: Wed Sep 30 11:00:24 IST 2026 ===
[gh-pages 925ce4a] Auto-deploy: 2026-09-30T10:00:24Z
 Date: Tue Sep 15 08:43:09 2026 +0100
 4 files changed, 15740 insertions(+)
 create mode 100644 SwiftScheduleParser.log
 create mode 100644 github-swiftschedule-deploy.log
 create mode 100644 index.html
 create mode 100644 logfile
To github-swiftsched:UCD-HEAP/Swift_Schedule.git
 + e691d02...925ce4a gh-pages -> gh-pages (forced update)
=== Run finished: Wed Sep 30 11:00:26 IST 2026 ===
=== Run started: Wed Sep 30 11:10:27 IST 2026 ===
[gh-pages fb8aee0] Auto-deploy: 2026-09-30T10:10:27Z
 Date: Tue Sep 15 08:43:09 2026 +0100
 4 files changed, 15751 insertions(+)
 create mode 100644 SwiftScheduleParser.log
 create mode 100644 github-swiftschedule-deploy.log
 create mode 100644 index.html
 create mode 100644 logfile
To github-swiftsched:UCD-HEAP/Swift_Schedule.git
 + 925ce4a...fb8aee0 gh-pages -> gh-pages (forced update)
=== Run finished: Wed Sep 30 11:10:28 IST 2026 ===
=== Run started: Wed Sep 30 11:20:24 IST 2026 ===
[gh-pages da4d6ef] Auto-deploy: 2026-09-30T10:20:24Z
 Date: Tue Sep 15 08:43:09 2026 +0100
 4 files changed, 15762 insertions(+)
 create mode 100644 SwiftScheduleParser.log
 create mode 100644 github-swiftschedule-deploy.log
 create mode 100644 index.html
 create mode 100644 logfile
To github-swiftsched:UCD-HEAP/Swift_Schedule.git
 + fb8aee0...da4d6ef gh-pages -> gh-pages (forced update)
=== Run finished: Wed Sep 30 11:20:26 IST 2026 ===
=== Run started: Wed Sep 30 11:30:27 IST 2026 ===
[gh-pages 4976b7e] Auto-deploy: 2026-09-30T10:30:27Z
 Date: Tue Sep 15 08:43:09 2026 +0100
 4 files changed, 15773 insertions(+)
 create mode 100644 SwiftScheduleParser.log
 create mode 100644 github-swiftschedule-deploy.log
 create mode 100644 index.html
 create mode 100644 logfile
To github-swiftsched:UCD-HEAP/Swift_Schedule.git
 + da4d6ef...4976b7e gh-pages -> gh-pages (forced update)
=== Run finished: Wed Sep 30 11:30:29 IST 2026 ===
=== Run started: Wed Sep 30 11:40:24 IST 2026 ===
[gh-pages 528f7d4] Auto-deploy: 2026-09-30T10:40:24Z
 Date: Tue Sep 15 08:43:09 2026 +0100
 4 files changed, 15784 insertions(+)
 create mode 100644 SwiftScheduleParser.log
 create mode 100644 github-swiftschedule-deploy.log
 create mode 100644 index.html
 create mode 100644 logfile
To github-swiftsched:UCD-HEAP/Swift_Schedule.git
 + 4976b7e...528f7d4 gh-pages -> gh-pages (forced update)
=== Run finished: Wed Sep 30 11:40:26 IST 2026 ===
=== Run started: Wed Sep 30 11:50:27 IST 2026 ===
[gh-pages 7f0d423] Auto-deploy: 2026-09-30T10:50:27Z
 Date: Tue Sep 15 08:43:09 2026 +0100
 4 files changed, 15795 insertions(+)
 create mode 100644 SwiftScheduleParser.log
 create mode 100644 github-swiftschedule-deploy.log
 create mode 100644 index.html
 create mode 100644 logfile
To github-swiftsched:UCD-HEAP/Swift_Schedule.git
 + 528f7d4...7f0d423 gh-pages -> gh-pages (forced update)
=== Run finished: Wed Sep 30 11:50:29 IST 2026 ===
=== Run started: Wed Sep 30 12:00:25 IST 2026 ===
[gh-pages 640f761] Auto-deploy: 2026-09-30T11:00:25Z
 Date: Tue Sep 15 08:43:09 2026 +0100
 4 files changed, 15806 insertions(+)
 create mode 100644 SwiftScheduleParser.log
 create mode 100644 github-swiftschedule-deploy.log
 create mode 100644 index.html
 create mode 100644 logfile
To github-swiftsched:UCD-HEAP/Swift_Schedule.git
 + 7f0d423...640f761 gh-pages -> gh-pages (forced update)
=== Run finished: Wed Sep 30 12:00:26 IST 2026 ===
=== Run started: Wed Sep 30 12:10:26 IST 2026 ===
[gh-pages 2098cc9] Auto-deploy: 2026-09-30T11:10:26Z
 Date: Tue Sep 15 08:43:09 2026 +0100
 4 files changed, 15817 insertions(+)
 create mode 100644 SwiftScheduleParser.log
 create mode 100644 github-swiftschedule-deploy.log
 create mode 100644 index.html
 create mode 100644 logfile
To github-swiftsched:UCD-HEAP/Swift_Schedule.git
 + 640f761...2098cc9 gh-pages -> gh-pages (forced update)
=== Run finished: Wed Sep 30 12:10:28 IST 2026 ===
=== Run started: Wed Sep 30 12:20:25 IST 2026 ===
[gh-pages 9e88de3] Auto-deploy: 2026-09-30T11:20:25Z
 Date: Tue Sep 15 08:43:09 2026 +0100
 4 files changed, 15828 insertions(+)
 create mode 100644 SwiftScheduleParser.log
 create mode 100644 github-swiftschedule-deploy.log
 create mode 100644 index.html
 create mode 100644 logfile
To github-swiftsched:UCD-HEAP/Swift_Schedule.git
 + 2098cc9...9e88de3 gh-pages -> gh-pages (forced update)
=== Run finished: Wed Sep 30 12:20:27 IST 2026 ===
=== Run started: Wed Sep 30 12:30:26 IST 2026 ===
[gh-pages ef5c387] Auto-deploy: 2026-09-30T11:30:26Z
 Date: Tue Sep 15 08:43:09 2026 +0100
 4 files changed, 15839 insertions(+)
 create mode 100644 SwiftScheduleParser.log
 create mode 100644 github-swiftschedule-deploy.log
 create mode 100644 index.html
 create mode 100644 logfile
To github-swiftsched:UCD-HEAP/Swift_Schedule.git
 + 9e88de3...ef5c387 gh-pages -> gh-pages (forced update)
=== Run finished: Wed Sep 30 12:30:28 IST 2026 ===
=== Run started: Wed Sep 30 12:40:27 IST 2026 ===
[gh-pages 6ba6408] Auto-deploy: 2026-09-30T11:40:27Z
 Date: Tue Sep 15 08:43:09 2026 +0100
 4 files changed, 15850 insertions(+)
 create mode 100644 SwiftScheduleParser.log
 create mode 100644 github-swiftschedule-deploy.log
 create mode 100644 index.html
 create mode 100644 logfile
To github-swiftsched:UCD-HEAP/Swift_Schedule.git
 + ef5c387...6ba6408 gh-pages -> gh-pages (forced update)
=== Run finished: Wed Sep 30 12:40:29 IST 2026 ===
=== Run started: Wed Sep 30 12:50:25 IST 2026 ===
[gh-pages b0598fc] Auto-deploy: 2026-09-30T11:50:25Z
 Date: Tue Sep 15 08:43:09 2026 +0100
 4 files changed, 15861 insertions(+)
 create mode 100644 SwiftScheduleParser.log
 create mode 100644 github-swiftschedule-deploy.log
 create mode 100644 index.html
 create mode 100644 logfile
To github-swiftsched:UCD-HEAP/Swift_Schedule.git
 + 6ba6408...b0598fc gh-pages -> gh-pages (forced update)
=== Run finished: Wed Sep 30 12:50:26 IST 2026 ===
=== Run started: Wed Sep 30 13:00:26 IST 2026 ===
[gh-pages cf93752] Auto-deploy: 2026-09-30T12:00:26Z
 Date: Tue Sep 15 08:43:09 2026 +0100
 4 files changed, 15872 insertions(+)
 create mode 100644 SwiftScheduleParser.log
 create mode 100644 github-swiftschedule-deploy.log
 create mode 100644 index.html
 create mode 100644 logfile
To github-swiftsched:UCD-HEAP/Swift_Schedule.git
 + b0598fc...cf93752 gh-pages -> gh-pages (forced update)
=== Run finished: Wed Sep 30 13:00:28 IST 2026 ===
=== Run started: Wed Sep 30 13:10:26 IST 2026 ===
[gh-pages ccc0b19] Auto-deploy: 2026-09-30T12:10:26Z
 Date: Tue Sep 15 08:43:09 2026 +0100
 4 files changed, 15883 insertions(+)
 create mode 100644 SwiftScheduleParser.log
 create mode 100644 github-swiftschedule-deploy.log
 create mode 100644 index.html
 create mode 100644 logfile
To github-swiftsched:UCD-HEAP/Swift_Schedule.git
 + cf93752...ccc0b19 gh-pages -> gh-pages (forced update)
=== Run finished: Wed Sep 30 13:10:28 IST 2026 ===
=== Run started: Wed Sep 30 13:20:26 IST 2026 ===
[gh-pages 1797f4d] Auto-deploy: 2026-09-30T12:20:26Z
 Date: Tue Sep 15 08:43:09 2026 +0100
 4 files changed, 15894 insertions(+)
 create mode 100644 SwiftScheduleParser.log
 create mode 100644 github-swiftschedule-deploy.log
 create mode 100644 index.html
 create mode 100644 logfile
To github-swiftsched:UCD-HEAP/Swift_Schedule.git
 + ccc0b19...1797f4d gh-pages -> gh-pages (forced update)
=== Run finished: Wed Sep 30 13:20:28 IST 2026 ===
=== Run started: Wed Sep 30 13:30:25 IST 2026 ===
[gh-pages a6c73df] Auto-deploy: 2026-09-30T12:30:25Z
 Date: Tue Sep 15 08:43:09 2026 +0100
 4 files changed, 15905 insertions(+)
 create mode 100644 SwiftScheduleParser.log
 create mode 100644 github-swiftschedule-deploy.log
 create mode 100644 index.html
 create mode 100644 logfile
To github-swiftsched:UCD-HEAP/Swift_Schedule.git
 + 1797f4d...a6c73df gh-pages -> gh-pages (forced update)
=== Run finished: Wed Sep 30 13:30:27 IST 2026 ===
=== Run started: Wed Sep 30 13:40:26 IST 2026 ===
[gh-pages 31489d6] Auto-deploy: 2026-09-30T12:40:26Z
 Date: Tue Sep 15 08:43:09 2026 +0100
 4 files changed, 15916 insertions(+)
 create mode 100644 SwiftScheduleParser.log
 create mode 100644 github-swiftschedule-deploy.log
 create mode 100644 index.html
 create mode 100644 logfile
To github-swiftsched:UCD-HEAP/Swift_Schedule.git
 + a6c73df...31489d6 gh-pages -> gh-pages (forced update)
=== Run finished: Wed Sep 30 13:40:28 IST 2026 ===
=== Run started: Wed Sep 30 13:50:24 IST 2026 ===
[gh-pages 5b4c6fc] Auto-deploy: 2026-09-30T12:50:25Z
 Date: Tue Sep 15 08:43:09 2026 +0100
 4 files changed, 15927 insertions(+)
 create mode 100644 SwiftScheduleParser.log
 create mode 100644 github-swiftschedule-deploy.log
 create mode 100644 index.html
 create mode 100644 logfile
To github-swiftsched:UCD-HEAP/Swift_Schedule.git
 + 31489d6...5b4c6fc gh-pages -> gh-pages (forced update)
=== Run finished: Wed Sep 30 13:50:26 IST 2026 ===
=== Run started: Wed Sep 30 14:00:26 IST 2026 ===
[gh-pages 4b9042f] Auto-deploy: 2026-09-30T13:00:26Z
 Date: Tue Sep 15 08:43:09 2026 +0100
 4 files changed, 15938 insertions(+)
 create mode 100644 SwiftScheduleParser.log
 create mode 100644 github-swiftschedule-deploy.log
 create mode 100644 index.html
 create mode 100644 logfile
To github-swiftsched:UCD-HEAP/Swift_Schedule.git
 + 5b4c6fc...4b9042f gh-pages -> gh-pages (forced update)
=== Run finished: Wed Sep 30 14:00:28 IST 2026 ===
=== Run started: Wed Sep 30 14:10:27 IST 2026 ===
[gh-pages 3bef2bb] Auto-deploy: 2026-09-30T13:10:27Z
 Date: Tue Sep 15 08:43:09 2026 +0100
 4 files changed, 15949 insertions(+)
 create mode 100644 SwiftScheduleParser.log
 create mode 100644 github-swiftschedule-deploy.log
 create mode 100644 index.html
 create mode 100644 logfile
To github-swiftsched:UCD-HEAP/Swift_Schedule.git
 + 4b9042f...3bef2bb gh-pages -> gh-pages (forced update)
=== Run finished: Wed Sep 30 14:10:28 IST 2026 ===
=== Run started: Wed Sep 30 14:20:24 IST 2026 ===
[gh-pages 4d52284] Auto-deploy: 2026-09-30T13:20:24Z
 Date: Tue Sep 15 08:43:09 2026 +0100
 4 files changed, 15960 insertions(+)
 create mode 100644 SwiftScheduleParser.log
 create mode 100644 github-swiftschedule-deploy.log
 create mode 100644 index.html
 create mode 100644 logfile
To github-swiftsched:UCD-HEAP/Swift_Schedule.git
 + 3bef2bb...4d52284 gh-pages -> gh-pages (forced update)
=== Run finished: Wed Sep 30 14:20:27 IST 2026 ===
=== Run started: Wed Sep 30 14:30:26 IST 2026 ===
[gh-pages 68656df] Auto-deploy: 2026-09-30T13:30:26Z
 Date: Tue Sep 15 08:43:09 2026 +0100
 4 files changed, 15971 insertions(+)
 create mode 100644 SwiftScheduleParser.log
 create mode 100644 github-swiftschedule-deploy.log
 create mode 100644 index.html
 create mode 100644 logfile
To github-swiftsched:UCD-HEAP/Swift_Schedule.git
 + 4d52284...68656df gh-pages -> gh-pages (forced update)
=== Run finished: Wed Sep 30 14:30:28 IST 2026 ===
=== Run started: Wed Sep 30 14:40:27 IST 2026 ===
[gh-pages fc8a889] Auto-deploy: 2026-09-30T13:40:27Z
 Date: Tue Sep 15 08:43:09 2026 +0100
 4 files changed, 15982 insertions(+)
 create mode 100644 SwiftScheduleParser.log
 create mode 100644 github-swiftschedule-deploy.log
 create mode 100644 index.html
 create mode 100644 logfile
To github-swiftsched:UCD-HEAP/Swift_Schedule.git
 + 68656df...fc8a889 gh-pages -> gh-pages (forced update)
=== Run finished: Wed Sep 30 14:40:29 IST 2026 ===
=== Run started: Wed Sep 30 14:50:24 IST 2026 ===
[gh-pages 22b79d5] Auto-deploy: 2026-09-30T13:50:24Z
 Date: Tue Sep 15 08:43:09 2026 +0100
 4 files changed, 15993 insertions(+)
 create mode 100644 SwiftScheduleParser.log
 create mode 100644 github-swiftschedule-deploy.log
 create mode 100644 index.html
 create mode 100644 logfile
To github-swiftsched:UCD-HEAP/Swift_Schedule.git
 + fc8a889...22b79d5 gh-pages -> gh-pages (forced update)
=== Run finished: Wed Sep 30 14:50:26 IST 2026 ===
=== Run started: Wed Sep 30 15:00:26 IST 2026 ===
[gh-pages 56a61e9] Auto-deploy: 2026-09-30T14:00:26Z
 Date: Tue Sep 15 08:43:09 2026 +0100
 4 files changed, 16004 insertions(+)
 create mode 100644 SwiftScheduleParser.log
 create mode 100644 github-swiftschedule-deploy.log
 create mode 100644 index.html
 create mode 100644 logfile
To github-swiftsched:UCD-HEAP/Swift_Schedule.git
 + 22b79d5...56a61e9 gh-pages -> gh-pages (forced update)
=== Run finished: Wed Sep 30 15:00:28 IST 2026 ===
=== Run started: Wed Sep 30 15:10:26 IST 2026 ===
[gh-pages 6231532] Auto-deploy: 2026-09-30T14:10:26Z
 Date: Tue Sep 15 08:43:09 2026 +0100
 4 files changed, 16015 insertions(+)
 create mode 100644 SwiftScheduleParser.log
 create mode 100644 github-swiftschedule-deploy.log
 create mode 100644 index.html
 create mode 100644 logfile
To github-swiftsched:UCD-HEAP/Swift_Schedule.git
 + 56a61e9...6231532 gh-pages -> gh-pages (forced update)
=== Run finished: Wed Sep 30 15:10:28 IST 2026 ===
=== Run started: Wed Sep 30 15:20:25 IST 2026 ===
[gh-pages 632fe0e] Auto-deploy: 2026-09-30T14:20:25Z
 Date: Tue Sep 15 08:43:09 2026 +0100
 4 files changed, 16026 insertions(+)
 create mode 100644 SwiftScheduleParser.log
 create mode 100644 github-swiftschedule-deploy.log
 create mode 100644 index.html
 create mode 100644 logfile
To github-swiftsched:UCD-HEAP/Swift_Schedule.git
 + 6231532...632fe0e gh-pages -> gh-pages (forced update)
=== Run finished: Wed Sep 30 15:20:27 IST 2026 ===
=== Run started: Wed Sep 30 15:30:27 IST 2026 ===
[gh-pages 623c3a5] Auto-deploy: 2026-09-30T14:30:27Z
 Date: Tue Sep 15 08:43:09 2026 +0100
 4 files changed, 16037 insertions(+)
 create mode 100644 SwiftScheduleParser.log
 create mode 100644 github-swiftschedule-deploy.log
 create mode 100644 index.html
 create mode 100644 logfile
To github-swiftsched:UCD-HEAP/Swift_Schedule.git
 + 632fe0e...623c3a5 gh-pages -> gh-pages (forced update)
=== Run finished: Wed Sep 30 15:30:29 IST 2026 ===
=== Run started: Wed Sep 30 15:40:24 IST 2026 ===
[gh-pages 8b1b3d8] Auto-deploy: 2026-09-30T14:40:24Z
 Date: Tue Sep 15 08:43:09 2026 +0100
 4 files changed, 16048 insertions(+)
 create mode 100644 SwiftScheduleParser.log
 create mode 100644 github-swiftschedule-deploy.log
 create mode 100644 index.html
 create mode 100644 logfile
To github-swiftsched:UCD-HEAP/Swift_Schedule.git
 + 623c3a5...8b1b3d8 gh-pages -> gh-pages (forced update)
=== Run finished: Wed Sep 30 15:40:27 IST 2026 ===
=== Run started: Wed Sep 30 15:50:28 IST 2026 ===
[gh-pages 7ed67b3] Auto-deploy: 2026-09-30T14:50:28Z
 Date: Tue Sep 15 08:43:09 2026 +0100
 4 files changed, 16059 insertions(+)
 create mode 100644 SwiftScheduleParser.log
 create mode 100644 github-swiftschedule-deploy.log
 create mode 100644 index.html
 create mode 100644 logfile
To github-swiftsched:UCD-HEAP/Swift_Schedule.git
 + 8b1b3d8...7ed67b3 gh-pages -> gh-pages (forced update)
=== Run finished: Wed Sep 30 15:50:29 IST 2026 ===
=== Run started: Wed Sep 30 16:00:23 IST 2026 ===
[gh-pages a671f07] Auto-deploy: 2026-09-30T15:00:23Z
 Date: Tue Sep 15 08:43:09 2026 +0100
 4 files changed, 16070 insertions(+)
 create mode 100644 SwiftScheduleParser.log
 create mode 100644 github-swiftschedule-deploy.log
 create mode 100644 index.html
 create mode 100644 logfile
To github-swiftsched:UCD-HEAP/Swift_Schedule.git
 + 7ed67b3...a671f07 gh-pages -> gh-pages (forced update)
=== Run finished: Wed Sep 30 16:00:25 IST 2026 ===
=== Run started: Wed Sep 30 16:10:27 IST 2026 ===
[gh-pages 72d6231] Auto-deploy: 2026-09-30T15:10:27Z
 Date: Tue Sep 15 08:43:09 2026 +0100
 4 files changed, 16081 insertions(+)
 create mode 100644 SwiftScheduleParser.log
 create mode 100644 github-swiftschedule-deploy.log
 create mode 100644 index.html
 create mode 100644 logfile
To github-swiftsched:UCD-HEAP/Swift_Schedule.git
 + a671f07...72d6231 gh-pages -> gh-pages (forced update)
=== Run finished: Wed Sep 30 16:10:29 IST 2026 ===
=== Run started: Wed Sep 30 16:20:24 IST 2026 ===
[gh-pages 803a428] Auto-deploy: 2026-09-30T15:20:24Z
 Date: Tue Sep 15 08:43:09 2026 +0100
 4 files changed, 16092 insertions(+)
 create mode 100644 SwiftScheduleParser.log
 create mode 100644 github-swiftschedule-deploy.log
 create mode 100644 index.html
 create mode 100644 logfile
To github-swiftsched:UCD-HEAP/Swift_Schedule.git
 + 72d6231...803a428 gh-pages -> gh-pages (forced update)
=== Run finished: Wed Sep 30 16:20:26 IST 2026 ===
=== Run started: Wed Sep 30 16:30:27 IST 2026 ===
[gh-pages ca98fe8] Auto-deploy: 2026-09-30T15:30:27Z
 Date: Tue Sep 15 08:43:09 2026 +0100
 4 files changed, 16103 insertions(+)
 create mode 100644 SwiftScheduleParser.log
 create mode 100644 github-swiftschedule-deploy.log
 create mode 100644 index.html
 create mode 100644 logfile
To github-swiftsched:UCD-HEAP/Swift_Schedule.git
 + 803a428...ca98fe8 gh-pages -> gh-pages (forced update)
=== Run finished: Wed Sep 30 16:30:29 IST 2026 ===
=== Run started: Wed Sep 30 16:40:24 IST 2026 ===
[gh-pages d08d804] Auto-deploy: 2026-09-30T15:40:24Z
 Date: Tue Sep 15 08:43:09 2026 +0100
 4 files changed, 16114 insertions(+)
 create mode 100644 SwiftScheduleParser.log
 create mode 100644 github-swiftschedule-deploy.log
 create mode 100644 index.html
 create mode 100644 logfile
To github-swiftsched:UCD-HEAP/Swift_Schedule.git
 + ca98fe8...d08d804 gh-pages -> gh-pages (forced update)
=== Run finished: Wed Sep 30 16:40:26 IST 2026 ===
=== Run started: Wed Sep 30 16:50:26 IST 2026 ===
[gh-pages 3c73ec2] Auto-deploy: 2026-09-30T15:50:26Z
 Date: Tue Sep 15 08:43:09 2026 +0100
 4 files changed, 16125 insertions(+)
 create mode 100644 SwiftScheduleParser.log
 create mode 100644 github-swiftschedule-deploy.log
 create mode 100644 index.html
 create mode 100644 logfile
To github-swiftsched:UCD-HEAP/Swift_Schedule.git
 + d08d804...3c73ec2 gh-pages -> gh-pages (forced update)
=== Run finished: Wed Sep 30 16:50:28 IST 2026 ===
=== Run started: Wed Sep 30 17:00:24 IST 2026 ===
[gh-pages 11c1f9c] Auto-deploy: 2026-09-30T16:00:24Z
 Date: Tue Sep 15 08:43:09 2026 +0100
 4 files changed, 16136 insertions(+)
 create mode 100644 SwiftScheduleParser.log
 create mode 100644 github-swiftschedule-deploy.log
 create mode 100644 index.html
 create mode 100644 logfile
To github-swiftsched:UCD-HEAP/Swift_Schedule.git
 + 3c73ec2...11c1f9c gh-pages -> gh-pages (forced update)
=== Run finished: Wed Sep 30 17:00:26 IST 2026 ===
=== Run started: Wed Sep 30 17:10:26 IST 2026 ===
[gh-pages d81ce0e] Auto-deploy: 2026-09-30T16:10:26Z
 Date: Tue Sep 15 08:43:09 2026 +0100
 4 files changed, 16147 insertions(+)
 create mode 100644 SwiftScheduleParser.log
 create mode 100644 github-swiftschedule-deploy.log
 create mode 100644 index.html
 create mode 100644 logfile
To github-swiftsched:UCD-HEAP/Swift_Schedule.git
 + 11c1f9c...d81ce0e gh-pages -> gh-pages (forced update)
=== Run finished: Wed Sep 30 17:10:28 IST 2026 ===
=== Run started: Wed Sep 30 17:20:25 IST 2026 ===
[gh-pages 2c0789c] Auto-deploy: 2026-09-30T16:20:25Z
 Date: Tue Sep 15 08:43:09 2026 +0100
 4 files changed, 16158 insertions(+)
 create mode 100644 SwiftScheduleParser.log
 create mode 100644 github-swiftschedule-deploy.log
 create mode 100644 index.html
 create mode 100644 logfile
To github-swiftsched:UCD-HEAP/Swift_Schedule.git
 + d81ce0e...2c0789c gh-pages -> gh-pages (forced update)
=== Run finished: Wed Sep 30 17:20:27 IST 2026 ===
=== Run started: Wed Sep 30 17:30:28 IST 2026 ===
[gh-pages b33e970] Auto-deploy: 2026-09-30T16:30:28Z
 Date: Tue Sep 15 08:43:09 2026 +0100
 4 files changed, 16169 insertions(+)
 create mode 100644 SwiftScheduleParser.log
 create mode 100644 github-swiftschedule-deploy.log
 create mode 100644 index.html
 create mode 100644 logfile
To github-swiftsched:UCD-HEAP/Swift_Schedule.git
 + 2c0789c...b33e970 gh-pages -> gh-pages (forced update)
=== Run finished: Wed Sep 30 17:30:30 IST 2026 ===
=== Run started: Wed Sep 30 17:40:24 IST 2026 ===
[gh-pages 27cd693] Auto-deploy: 2026-09-30T16:40:24Z
 Date: Tue Sep 15 08:43:09 2026 +0100
 4 files changed, 16180 insertions(+)
 create mode 100644 SwiftScheduleParser.log
 create mode 100644 github-swiftschedule-deploy.log
 create mode 100644 index.html
 create mode 100644 logfile
To github-swiftsched:UCD-HEAP/Swift_Schedule.git
 + b33e970...27cd693 gh-pages -> gh-pages (forced update)
=== Run finished: Wed Sep 30 17:40:26 IST 2026 ===
=== Run started: Wed Sep 30 17:50:28 IST 2026 ===
[gh-pages eaf359c] Auto-deploy: 2026-09-30T16:50:28Z
 Date: Tue Sep 15 08:43:09 2026 +0100
 4 files changed, 16191 insertions(+)
 create mode 100644 SwiftScheduleParser.log
 create mode 100644 github-swiftschedule-deploy.log
 create mode 100644 index.html
 create mode 100644 logfile
To github-swiftsched:UCD-HEAP/Swift_Schedule.git
 + 27cd693...eaf359c gh-pages -> gh-pages (forced update)
=== Run finished: Wed Sep 30 17:50:30 IST 2026 ===
=== Run started: Wed Sep 30 18:00:24 IST 2026 ===
[gh-pages 6a36efd] Auto-deploy: 2026-09-30T17:00:24Z
 Date: Tue Sep 15 08:43:09 2026 +0100
 4 files changed, 16202 insertions(+)
 create mode 100644 SwiftScheduleParser.log
 create mode 100644 github-swiftschedule-deploy.log
 create mode 100644 index.html
 create mode 100644 logfile
To github-swiftsched:UCD-HEAP/Swift_Schedule.git
 + eaf359c...6a36efd gh-pages -> gh-pages (forced update)
=== Run finished: Wed Sep 30 18:00:26 IST 2026 ===
=== Run started: Wed Sep 30 18:10:27 IST 2026 ===
[gh-pages 3a65fca] Auto-deploy: 2026-09-30T17:10:27Z
 Date: Tue Sep 15 08:43:09 2026 +0100
 4 files changed, 16213 insertions(+)
 create mode 100644 SwiftScheduleParser.log
 create mode 100644 github-swiftschedule-deploy.log
 create mode 100644 index.html
 create mode 100644 logfile
To github-swiftsched:UCD-HEAP/Swift_Schedule.git
 + 6a36efd...3a65fca gh-pages -> gh-pages (forced update)
=== Run finished: Wed Sep 30 18:10:29 IST 2026 ===
=== Run started: Wed Sep 30 18:20:25 IST 2026 ===
[gh-pages 2ef777e] Auto-deploy: 2026-09-30T17:20:25Z
 Date: Tue Sep 15 08:43:09 2026 +0100
 4 files changed, 16224 insertions(+)
 create mode 100644 SwiftScheduleParser.log
 create mode 100644 github-swiftschedule-deploy.log
 create mode 100644 index.html
 create mode 100644 logfile
To github-swiftsched:UCD-HEAP/Swift_Schedule.git
 + 3a65fca...2ef777e gh-pages -> gh-pages (forced update)
=== Run finished: Wed Sep 30 18:20:27 IST 2026 ===
=== Run started: Wed Sep 30 18:30:26 IST 2026 ===
[gh-pages 65302d1] Auto-deploy: 2026-09-30T17:30:26Z
 Date: Tue Sep 15 08:43:09 2026 +0100
 4 files changed, 16235 insertions(+)
 create mode 100644 SwiftScheduleParser.log
 create mode 100644 github-swiftschedule-deploy.log
 create mode 100644 index.html
 create mode 100644 logfile
To github-swiftsched:UCD-HEAP/Swift_Schedule.git
 + 2ef777e...65302d1 gh-pages -> gh-pages (forced update)
=== Run finished: Wed Sep 30 18:30:28 IST 2026 ===
=== Run started: Wed Sep 30 18:40:27 IST 2026 ===
[gh-pages 5b7525e] Auto-deploy: 2026-09-30T17:40:28Z
 Date: Tue Sep 15 08:43:09 2026 +0100
 4 files changed, 16246 insertions(+)
 create mode 100644 SwiftScheduleParser.log
 create mode 100644 github-swiftschedule-deploy.log
 create mode 100644 index.html
 create mode 100644 logfile
To github-swiftsched:UCD-HEAP/Swift_Schedule.git
 + 65302d1...5b7525e gh-pages -> gh-pages (forced update)
=== Run finished: Wed Sep 30 18:40:29 IST 2026 ===
=== Run started: Wed Sep 30 18:50:25 IST 2026 ===
[gh-pages 97541fe] Auto-deploy: 2026-09-30T17:50:25Z
 Date: Tue Sep 15 08:43:09 2026 +0100
 4 files changed, 16257 insertions(+)
 create mode 100644 SwiftScheduleParser.log
 create mode 100644 github-swiftschedule-deploy.log
 create mode 100644 index.html
 create mode 100644 logfile
To github-swiftsched:UCD-HEAP/Swift_Schedule.git
 + 5b7525e...97541fe gh-pages -> gh-pages (forced update)
=== Run finished: Wed Sep 30 18:50:27 IST 2026 ===
=== Run started: Wed Sep 30 19:00:27 IST 2026 ===
[gh-pages 716d6c0] Auto-deploy: 2026-09-30T18:00:27Z
 Date: Tue Sep 15 08:43:09 2026 +0100
 4 files changed, 16268 insertions(+)
 create mode 100644 SwiftScheduleParser.log
 create mode 100644 github-swiftschedule-deploy.log
 create mode 100644 index.html
 create mode 100644 logfile
To github-swiftsched:UCD-HEAP/Swift_Schedule.git
 + 97541fe...716d6c0 gh-pages -> gh-pages (forced update)
=== Run finished: Wed Sep 30 19:00:29 IST 2026 ===
=== Run started: Wed Sep 30 19:10:25 IST 2026 ===
[gh-pages 2403824] Auto-deploy: 2026-09-30T18:10:25Z
 Date: Tue Sep 15 08:43:09 2026 +0100
 4 files changed, 16279 insertions(+)
 create mode 100644 SwiftScheduleParser.log
 create mode 100644 github-swiftschedule-deploy.log
 create mode 100644 index.html
 create mode 100644 logfile
To github-swiftsched:UCD-HEAP/Swift_Schedule.git
 + 716d6c0...2403824 gh-pages -> gh-pages (forced update)
=== Run finished: Wed Sep 30 19:10:27 IST 2026 ===
=== Run started: Wed Sep 30 19:20:27 IST 2026 ===
[gh-pages e3c19d7] Auto-deploy: 2026-09-30T18:20:27Z
 Date: Tue Sep 15 08:43:09 2026 +0100
 4 files changed, 16290 insertions(+)
 create mode 100644 SwiftScheduleParser.log
 create mode 100644 github-swiftschedule-deploy.log
 create mode 100644 index.html
 create mode 100644 logfile
To github-swiftsched:UCD-HEAP/Swift_Schedule.git
 + 2403824...e3c19d7 gh-pages -> gh-pages (forced update)
=== Run finished: Wed Sep 30 19:20:29 IST 2026 ===
=== Run started: Wed Sep 30 19:30:21 IST 2026 ===
[gh-pages a8c0571] Auto-deploy: 2026-09-30T18:30:21Z
 Date: Tue Sep 15 08:43:09 2026 +0100
 4 files changed, 16370 insertions(+)
 create mode 100644 SwiftScheduleParser.log
 create mode 100644 github-swiftschedule-deploy.log
 create mode 100644 index.html
 create mode 100644 logfile
To github-swiftsched:UCD-HEAP/Swift_Schedule.git
 + e3c19d7...a8c0571 gh-pages -> gh-pages (forced update)
=== Run finished: Wed Sep 30 19:30:23 IST 2026 ===
=== Run started: Wed Sep 30 19:40:15 IST 2026 ===
[gh-pages bfb027d] Auto-deploy: 2026-09-30T18:40:15Z
 Date: Tue Sep 15 08:43:09 2026 +0100
 4 files changed, 16381 insertions(+)
 create mode 100644 SwiftScheduleParser.log
 create mode 100644 github-swiftschedule-deploy.log
 create mode 100644 index.html
 create mode 100644 logfile
To github-swiftsched:UCD-HEAP/Swift_Schedule.git
 + a8c0571...bfb027d gh-pages -> gh-pages (forced update)
=== Run finished: Wed Sep 30 19:40:17 IST 2026 ===
=== Run started: Wed Sep 30 19:50:19 IST 2026 ===
[gh-pages c44e76e] Auto-deploy: 2026-09-30T18:50:19Z
 Date: Tue Sep 15 08:43:09 2026 +0100
 4 files changed, 16392 insertions(+)
 create mode 100644 SwiftScheduleParser.log
 create mode 100644 github-swiftschedule-deploy.log
 create mode 100644 index.html
 create mode 100644 logfile
To github-swiftsched:UCD-HEAP/Swift_Schedule.git
 + bfb027d...c44e76e gh-pages -> gh-pages (forced update)
=== Run finished: Wed Sep 30 19:50:21 IST 2026 ===
=== Run started: Wed Sep 30 20:00:15 IST 2026 ===
[gh-pages 3c32f2a] Auto-deploy: 2026-09-30T19:00:15Z
 Date: Tue Sep 15 08:43:09 2026 +0100
 4 files changed, 16403 insertions(+)
 create mode 100644 SwiftScheduleParser.log
 create mode 100644 github-swiftschedule-deploy.log
 create mode 100644 index.html
 create mode 100644 logfile
To github-swiftsched:UCD-HEAP/Swift_Schedule.git
 + c44e76e...3c32f2a gh-pages -> gh-pages (forced update)
=== Run finished: Wed Sep 30 20:00:17 IST 2026 ===
=== Run started: Wed Sep 30 20:10:20 IST 2026 ===
[gh-pages 98dca9d] Auto-deploy: 2026-09-30T19:10:20Z
 Date: Tue Sep 15 08:43:09 2026 +0100
 4 files changed, 16414 insertions(+)
 create mode 100644 SwiftScheduleParser.log
 create mode 100644 github-swiftschedule-deploy.log
 create mode 100644 index.html
 create mode 100644 logfile
To github-swiftsched:UCD-HEAP/Swift_Schedule.git
 + 3c32f2a...98dca9d gh-pages -> gh-pages (forced update)
=== Run finished: Wed Sep 30 20:10:22 IST 2026 ===
=== Run started: Wed Sep 30 20:20:15 IST 2026 ===
[gh-pages aaf1a0d] Auto-deploy: 2026-09-30T19:20:15Z
 Date: Tue Sep 15 08:43:09 2026 +0100
 4 files changed, 16425 insertions(+)
 create mode 100644 SwiftScheduleParser.log
 create mode 100644 github-swiftschedule-deploy.log
 create mode 100644 index.html
 create mode 100644 logfile
To github-swiftsched:UCD-HEAP/Swift_Schedule.git
 + 98dca9d...aaf1a0d gh-pages -> gh-pages (forced update)
=== Run finished: Wed Sep 30 20:20:17 IST 2026 ===
=== Run started: Wed Sep 30 20:30:21 IST 2026 ===
[gh-pages 176fbc8] Auto-deploy: 2026-09-30T19:30:21Z
 Date: Tue Sep 15 08:43:09 2026 +0100
 4 files changed, 16436 insertions(+)
 create mode 100644 SwiftScheduleParser.log
 create mode 100644 github-swiftschedule-deploy.log
 create mode 100644 index.html
 create mode 100644 logfile
To github-swiftsched:UCD-HEAP/Swift_Schedule.git
 + aaf1a0d...176fbc8 gh-pages -> gh-pages (forced update)
=== Run finished: Wed Sep 30 20:30:23 IST 2026 ===
=== Run started: Wed Sep 30 20:40:16 IST 2026 ===
[gh-pages 6e2371b] Auto-deploy: 2026-09-30T19:40:16Z
 Date: Tue Sep 15 08:43:09 2026 +0100
 4 files changed, 16447 insertions(+)
 create mode 100644 SwiftScheduleParser.log
 create mode 100644 github-swiftschedule-deploy.log
 create mode 100644 index.html
 create mode 100644 logfile
To github-swiftsched:UCD-HEAP/Swift_Schedule.git
 + 176fbc8...6e2371b gh-pages -> gh-pages (forced update)
=== Run finished: Wed Sep 30 20:40:18 IST 2026 ===
=== Run started: Wed Sep 30 20:50:19 IST 2026 ===
[gh-pages cfd32f3] Auto-deploy: 2026-09-30T19:50:19Z
 Date: Tue Sep 15 08:43:09 2026 +0100
 4 files changed, 16458 insertions(+)
 create mode 100644 SwiftScheduleParser.log
 create mode 100644 github-swiftschedule-deploy.log
 create mode 100644 index.html
 create mode 100644 logfile
To github-swiftsched:UCD-HEAP/Swift_Schedule.git
 + 6e2371b...cfd32f3 gh-pages -> gh-pages (forced update)
=== Run finished: Wed Sep 30 20:50:21 IST 2026 ===
=== Run started: Wed Sep 30 21:00:16 IST 2026 ===
[gh-pages a582161] Auto-deploy: 2026-09-30T20:00:16Z
 Date: Tue Sep 15 08:43:09 2026 +0100
 4 files changed, 16469 insertions(+)
 create mode 100644 SwiftScheduleParser.log
 create mode 100644 github-swiftschedule-deploy.log
 create mode 100644 index.html
 create mode 100644 logfile
To github-swiftsched:UCD-HEAP/Swift_Schedule.git
 + cfd32f3...a582161 gh-pages -> gh-pages (forced update)
=== Run finished: Wed Sep 30 21:00:17 IST 2026 ===
=== Run started: Wed Sep 30 21:10:19 IST 2026 ===
[gh-pages ba11d59] Auto-deploy: 2026-09-30T20:10:19Z
 Date: Tue Sep 15 08:43:09 2026 +0100
 4 files changed, 16480 insertions(+)
 create mode 100644 SwiftScheduleParser.log
 create mode 100644 github-swiftschedule-deploy.log
 create mode 100644 index.html
 create mode 100644 logfile
To github-swiftsched:UCD-HEAP/Swift_Schedule.git
 + a582161...ba11d59 gh-pages -> gh-pages (forced update)
=== Run finished: Wed Sep 30 21:10:21 IST 2026 ===
=== Run started: Wed Sep 30 21:20:15 IST 2026 ===
[gh-pages 25b4828] Auto-deploy: 2026-09-30T20:20:16Z
 Date: Tue Sep 15 08:43:09 2026 +0100
 4 files changed, 16491 insertions(+)
 create mode 100644 SwiftScheduleParser.log
 create mode 100644 github-swiftschedule-deploy.log
 create mode 100644 index.html
 create mode 100644 logfile
To github-swiftsched:UCD-HEAP/Swift_Schedule.git
 + ba11d59...25b4828 gh-pages -> gh-pages (forced update)
=== Run finished: Wed Sep 30 21:20:17 IST 2026 ===
=== Run started: Wed Sep 30 21:30:19 IST 2026 ===
[gh-pages 8e67424] Auto-deploy: 2026-09-30T20:30:19Z
 Date: Tue Sep 15 08:43:09 2026 +0100
 4 files changed, 16502 insertions(+)
 create mode 100644 SwiftScheduleParser.log
 create mode 100644 github-swiftschedule-deploy.log
 create mode 100644 index.html
 create mode 100644 logfile
To github-swiftsched:UCD-HEAP/Swift_Schedule.git
 + 25b4828...8e67424 gh-pages -> gh-pages (forced update)
=== Run finished: Wed Sep 30 21:30:21 IST 2026 ===
=== Run started: Wed Sep 30 21:40:15 IST 2026 ===
[gh-pages ca8613e] Auto-deploy: 2026-09-30T20:40:15Z
 Date: Tue Sep 15 08:43:09 2026 +0100
 4 files changed, 16513 insertions(+)
 create mode 100644 SwiftScheduleParser.log
 create mode 100644 github-swiftschedule-deploy.log
 create mode 100644 index.html
 create mode 100644 logfile
To github-swiftsched:UCD-HEAP/Swift_Schedule.git
 + 8e67424...ca8613e gh-pages -> gh-pages (forced update)
=== Run finished: Wed Sep 30 21:40:17 IST 2026 ===
=== Run started: Wed Sep 30 21:50:19 IST 2026 ===
[gh-pages 114cc7f] Auto-deploy: 2026-09-30T20:50:19Z
 Date: Tue Sep 15 08:43:09 2026 +0100
 4 files changed, 16524 insertions(+)
 create mode 100644 SwiftScheduleParser.log
 create mode 100644 github-swiftschedule-deploy.log
 create mode 100644 index.html
 create mode 100644 logfile
To github-swiftsched:UCD-HEAP/Swift_Schedule.git
 + ca8613e...114cc7f gh-pages -> gh-pages (forced update)
=== Run finished: Wed Sep 30 21:50:21 IST 2026 ===
=== Run started: Wed Sep 30 22:00:15 IST 2026 ===
[gh-pages ba2fd27] Auto-deploy: 2026-09-30T21:00:15Z
 Date: Tue Sep 15 08:43:09 2026 +0100
 4 files changed, 16535 insertions(+)
 create mode 100644 SwiftScheduleParser.log
 create mode 100644 github-swiftschedule-deploy.log
 create mode 100644 index.html
 create mode 100644 logfile
To github-swiftsched:UCD-HEAP/Swift_Schedule.git
 + 114cc7f...ba2fd27 gh-pages -> gh-pages (forced update)
=== Run finished: Wed Sep 30 22:00:17 IST 2026 ===
=== Run started: Wed Sep 30 22:10:19 IST 2026 ===
[gh-pages a11ddfd] Auto-deploy: 2026-09-30T21:10:20Z
 Date: Tue Sep 15 08:43:09 2026 +0100
 4 files changed, 16546 insertions(+)
 create mode 100644 SwiftScheduleParser.log
 create mode 100644 github-swiftschedule-deploy.log
 create mode 100644 index.html
 create mode 100644 logfile
To github-swiftsched:UCD-HEAP/Swift_Schedule.git
 + ba2fd27...a11ddfd gh-pages -> gh-pages (forced update)
=== Run finished: Wed Sep 30 22:10:21 IST 2026 ===
=== Run started: Wed Sep 30 22:20:16 IST 2026 ===
[gh-pages c3d9a80] Auto-deploy: 2026-09-30T21:20:16Z
 Date: Tue Sep 15 08:43:09 2026 +0100
 4 files changed, 16557 insertions(+)
 create mode 100644 SwiftScheduleParser.log
 create mode 100644 github-swiftschedule-deploy.log
 create mode 100644 index.html
 create mode 100644 logfile
To github-swiftsched:UCD-HEAP/Swift_Schedule.git
 + a11ddfd...c3d9a80 gh-pages -> gh-pages (forced update)
=== Run finished: Wed Sep 30 22:20:18 IST 2026 ===
=== Run started: Wed Sep 30 22:30:19 IST 2026 ===
[gh-pages e434013] Auto-deploy: 2026-09-30T21:30:19Z
 Date: Tue Sep 15 08:43:09 2026 +0100
 4 files changed, 16568 insertions(+)
 create mode 100644 SwiftScheduleParser.log
 create mode 100644 github-swiftschedule-deploy.log
 create mode 100644 index.html
 create mode 100644 logfile
To github-swiftsched:UCD-HEAP/Swift_Schedule.git
 + c3d9a80...e434013 gh-pages -> gh-pages (forced update)
=== Run finished: Wed Sep 30 22:30:21 IST 2026 ===
=== Run started: Wed Sep 30 22:40:16 IST 2026 ===
[gh-pages 5840eff] Auto-deploy: 2026-09-30T21:40:16Z
 Date: Tue Sep 15 08:43:09 2026 +0100
 4 files changed, 16579 insertions(+)
 create mode 100644 SwiftScheduleParser.log
 create mode 100644 github-swiftschedule-deploy.log
 create mode 100644 index.html
 create mode 100644 logfile
To github-swiftsched:UCD-HEAP/Swift_Schedule.git
 + e434013...5840eff gh-pages -> gh-pages (forced update)
=== Run finished: Wed Sep 30 22:40:18 IST 2026 ===
=== Run started: Wed Sep 30 22:50:18 IST 2026 ===
[gh-pages 97a148b] Auto-deploy: 2026-09-30T21:50:18Z
 Date: Tue Sep 15 08:43:09 2026 +0100
 4 files changed, 16590 insertions(+)
 create mode 100644 SwiftScheduleParser.log
 create mode 100644 github-swiftschedule-deploy.log
 create mode 100644 index.html
 create mode 100644 logfile
To github-swiftsched:UCD-HEAP/Swift_Schedule.git
 + 5840eff...97a148b gh-pages -> gh-pages (forced update)
=== Run finished: Wed Sep 30 22:50:20 IST 2026 ===
=== Run started: Wed Sep 30 23:00:21 IST 2026 ===
[gh-pages 2d2f305] Auto-deploy: 2026-09-30T22:00:21Z
 Date: Tue Sep 15 08:43:09 2026 +0100
 4 files changed, 16601 insertions(+)
 create mode 100644 SwiftScheduleParser.log
 create mode 100644 github-swiftschedule-deploy.log
 create mode 100644 index.html
 create mode 100644 logfile
To github-swiftsched:UCD-HEAP/Swift_Schedule.git
 + 97a148b...2d2f305 gh-pages -> gh-pages (forced update)
=== Run finished: Wed Sep 30 23:00:22 IST 2026 ===
=== Run started: Wed Sep 30 23:10:17 IST 2026 ===
[gh-pages 8e78e18] Auto-deploy: 2026-09-30T22:10:17Z
 Date: Tue Sep 15 08:43:09 2026 +0100
 4 files changed, 16612 insertions(+)
 create mode 100644 SwiftScheduleParser.log
 create mode 100644 github-swiftschedule-deploy.log
 create mode 100644 index.html
 create mode 100644 logfile
To github-swiftsched:UCD-HEAP/Swift_Schedule.git
 + 2d2f305...8e78e18 gh-pages -> gh-pages (forced update)
=== Run finished: Wed Sep 30 23:10:19 IST 2026 ===
=== Run started: Wed Sep 30 23:20:18 IST 2026 ===
[gh-pages 18c755c] Auto-deploy: 2026-09-30T22:20:18Z
 Date: Tue Sep 15 08:43:09 2026 +0100
 4 files changed, 16623 insertions(+)
 create mode 100644 SwiftScheduleParser.log
 create mode 100644 github-swiftschedule-deploy.log
 create mode 100644 index.html
 create mode 100644 logfile
To github-swiftsched:UCD-HEAP/Swift_Schedule.git
 + 8e78e18...18c755c gh-pages -> gh-pages (forced update)
=== Run finished: Wed Sep 30 23:20:20 IST 2026 ===
=== Run started: Wed Sep 30 23:30:16 IST 2026 ===
[gh-pages c8b1a03] Auto-deploy: 2026-09-30T22:30:16Z
 Date: Tue Sep 15 08:43:09 2026 +0100
 4 files changed, 16634 insertions(+)
 create mode 100644 SwiftScheduleParser.log
 create mode 100644 github-swiftschedule-deploy.log
 create mode 100644 index.html
 create mode 100644 logfile
To github-swiftsched:UCD-HEAP/Swift_Schedule.git
 + 18c755c...c8b1a03 gh-pages -> gh-pages (forced update)
=== Run finished: Wed Sep 30 23:30:18 IST 2026 ===
=== Run started: Wed Sep 30 23:40:19 IST 2026 ===
[gh-pages 5ad07e3] Auto-deploy: 2026-09-30T22:40:19Z
 Date: Tue Sep 15 08:43:09 2026 +0100
 4 files changed, 16645 insertions(+)
 create mode 100644 SwiftScheduleParser.log
 create mode 100644 github-swiftschedule-deploy.log
 create mode 100644 index.html
 create mode 100644 logfile
To github-swiftsched:UCD-HEAP/Swift_Schedule.git
 + c8b1a03...5ad07e3 gh-pages -> gh-pages (forced update)
=== Run finished: Wed Sep 30 23:40:21 IST 2026 ===
=== Run started: Wed Sep 30 23:50:15 IST 2026 ===
[gh-pages b547235] Auto-deploy: 2026-09-30T22:50:15Z
 Date: Tue Sep 15 08:43:09 2026 +0100
 4 files changed, 16656 insertions(+)
 create mode 100644 SwiftScheduleParser.log
 create mode 100644 github-swiftschedule-deploy.log
 create mode 100644 index.html
 create mode 100644 logfile
To github-swiftsched:UCD-HEAP/Swift_Schedule.git
 + 5ad07e3...b547235 gh-pages -> gh-pages (forced update)
=== Run finished: Wed Sep 30 23:50:17 IST 2026 ===
=== Run started: Thu Oct  1 00:00:19 IST 2026 ===
[gh-pages 3a4d0e8] Auto-deploy: 2026-09-30T23:00:19Z
 Date: Tue Sep 15 08:43:09 2026 +0100
 4 files changed, 16667 insertions(+)
 create mode 100644 SwiftScheduleParser.log
 create mode 100644 github-swiftschedule-deploy.log
 create mode 100644 index.html
 create mode 100644 logfile
To github-swiftsched:UCD-HEAP/Swift_Schedule.git
 + b547235...3a4d0e8 gh-pages -> gh-pages (forced update)
=== Run finished: Thu Oct  1 00:00:21 IST 2026 ===
=== Run started: Thu Oct  1 00:10:15 IST 2026 ===
[gh-pages b396b07] Auto-deploy: 2026-09-30T23:10:15Z
 Date: Tue Sep 15 08:43:09 2026 +0100
 4 files changed, 16678 insertions(+)
 create mode 100644 SwiftScheduleParser.log
 create mode 100644 github-swiftschedule-deploy.log
 create mode 100644 index.html
 create mode 100644 logfile
To github-swiftsched:UCD-HEAP/Swift_Schedule.git
 + 3a4d0e8...b396b07 gh-pages -> gh-pages (forced update)
=== Run finished: Thu Oct  1 00:10:17 IST 2026 ===
=== Run started: Thu Oct  1 00:20:18 IST 2026 ===
[gh-pages d9d2f57] Auto-deploy: 2026-09-30T23:20:18Z
 Date: Tue Sep 15 08:43:09 2026 +0100
 4 files changed, 16689 insertions(+)
 create mode 100644 SwiftScheduleParser.log
 create mode 100644 github-swiftschedule-deploy.log
 create mode 100644 index.html
 create mode 100644 logfile
To github-swiftsched:UCD-HEAP/Swift_Schedule.git
 + b396b07...d9d2f57 gh-pages -> gh-pages (forced update)
=== Run finished: Thu Oct  1 00:20:20 IST 2026 ===
=== Run started: Thu Oct  1 00:30:19 IST 2026 ===
[gh-pages 28d5b32] Auto-deploy: 2026-09-30T23:30:19Z
 Date: Tue Sep 15 08:43:09 2026 +0100
 4 files changed, 16700 insertions(+)
 create mode 100644 SwiftScheduleParser.log
 create mode 100644 github-swiftschedule-deploy.log
 create mode 100644 index.html
 create mode 100644 logfile
To github-swiftsched:UCD-HEAP/Swift_Schedule.git
 + d9d2f57...28d5b32 gh-pages -> gh-pages (forced update)
=== Run finished: Thu Oct  1 00:30:20 IST 2026 ===
=== Run started: Thu Oct  1 00:40:15 IST 2026 ===
[gh-pages 19a2304] Auto-deploy: 2026-09-30T23:40:15Z
 Date: Tue Sep 15 08:43:09 2026 +0100
 4 files changed, 16711 insertions(+)
 create mode 100644 SwiftScheduleParser.log
 create mode 100644 github-swiftschedule-deploy.log
 create mode 100644 index.html
 create mode 100644 logfile
To github-swiftsched:UCD-HEAP/Swift_Schedule.git
 + 28d5b32...19a2304 gh-pages -> gh-pages (forced update)
=== Run finished: Thu Oct  1 00:40:16 IST 2026 ===
=== Run started: Thu Oct  1 00:50:19 IST 2026 ===
[gh-pages 6e3b6ed] Auto-deploy: 2026-09-30T23:50:19Z
 Date: Tue Sep 15 08:43:09 2026 +0100
 4 files changed, 16722 insertions(+)
 create mode 100644 SwiftScheduleParser.log
 create mode 100644 github-swiftschedule-deploy.log
 create mode 100644 index.html
 create mode 100644 logfile
To github-swiftsched:UCD-HEAP/Swift_Schedule.git
 + 19a2304...6e3b6ed gh-pages -> gh-pages (forced update)
=== Run finished: Thu Oct  1 00:50:20 IST 2026 ===
=== Run started: Thu Oct  1 01:00:15 IST 2026 ===
[gh-pages 1be69da] Auto-deploy: 2026-10-01T00:00:15Z
 Date: Tue Sep 15 08:43:09 2026 +0100
 4 files changed, 16715 insertions(+)
 create mode 100644 SwiftScheduleParser.log
 create mode 100644 github-swiftschedule-deploy.log
 create mode 100644 index.html
 create mode 100644 logfile
To github-swiftsched:UCD-HEAP/Swift_Schedule.git
 + 6e3b6ed...1be69da gh-pages -> gh-pages (forced update)
=== Run finished: Thu Oct  1 01:00:17 IST 2026 ===
=== Run started: Thu Oct  1 01:10:18 IST 2026 ===
[gh-pages 1b0a16d] Auto-deploy: 2026-10-01T00:10:18Z
 Date: Tue Sep 15 08:43:09 2026 +0100
 4 files changed, 16726 insertions(+)
 create mode 100644 SwiftScheduleParser.log
 create mode 100644 github-swiftschedule-deploy.log
 create mode 100644 index.html
 create mode 100644 logfile
To github-swiftsched:UCD-HEAP/Swift_Schedule.git
 + 1be69da...1b0a16d gh-pages -> gh-pages (forced update)
=== Run finished: Thu Oct  1 01:10:20 IST 2026 ===
=== Run started: Thu Oct  1 01:20:15 IST 2026 ===
[gh-pages ce1e0c6] Auto-deploy: 2026-10-01T00:20:15Z
 Date: Tue Sep 15 08:43:09 2026 +0100
 4 files changed, 16737 insertions(+)
 create mode 100644 SwiftScheduleParser.log
 create mode 100644 github-swiftschedule-deploy.log
 create mode 100644 index.html
 create mode 100644 logfile
To github-swiftsched:UCD-HEAP/Swift_Schedule.git
 + 1b0a16d...ce1e0c6 gh-pages -> gh-pages (forced update)
=== Run finished: Thu Oct  1 01:20:16 IST 2026 ===
=== Run started: Thu Oct  1 01:30:19 IST 2026 ===
[gh-pages 4363935] Auto-deploy: 2026-10-01T00:30:19Z
 Date: Tue Sep 15 08:43:09 2026 +0100
 4 files changed, 16748 insertions(+)
 create mode 100644 SwiftScheduleParser.log
 create mode 100644 github-swiftschedule-deploy.log
 create mode 100644 index.html
 create mode 100644 logfile
To github-swiftsched:UCD-HEAP/Swift_Schedule.git
 + ce1e0c6...4363935 gh-pages -> gh-pages (forced update)
=== Run finished: Thu Oct  1 01:30:20 IST 2026 ===
=== Run started: Thu Oct  1 01:40:15 IST 2026 ===
[gh-pages 4793f83] Auto-deploy: 2026-10-01T00:40:15Z
 Date: Tue Sep 15 08:43:09 2026 +0100
 4 files changed, 16759 insertions(+)
 create mode 100644 SwiftScheduleParser.log
 create mode 100644 github-swiftschedule-deploy.log
 create mode 100644 index.html
 create mode 100644 logfile
To github-swiftsched:UCD-HEAP/Swift_Schedule.git
 + 4363935...4793f83 gh-pages -> gh-pages (forced update)
=== Run finished: Thu Oct  1 01:40:16 IST 2026 ===
=== Run started: Thu Oct  1 01:50:17 IST 2026 ===
[gh-pages 1bcf5c7] Auto-deploy: 2026-10-01T00:50:17Z
 Date: Tue Sep 15 08:43:09 2026 +0100
 4 files changed, 16770 insertions(+)
 create mode 100644 SwiftScheduleParser.log
 create mode 100644 github-swiftschedule-deploy.log
 create mode 100644 index.html
 create mode 100644 logfile
To github-swiftsched:UCD-HEAP/Swift_Schedule.git
 + 4793f83...1bcf5c7 gh-pages -> gh-pages (forced update)
=== Run finished: Thu Oct  1 01:50:19 IST 2026 ===
=== Run started: Thu Oct  1 02:00:15 IST 2026 ===
[gh-pages 5a75220] Auto-deploy: 2026-10-01T01:00:15Z
 Date: Tue Sep 15 08:43:09 2026 +0100
 4 files changed, 16781 insertions(+)
 create mode 100644 SwiftScheduleParser.log
 create mode 100644 github-swiftschedule-deploy.log
 create mode 100644 index.html
 create mode 100644 logfile
To github-swiftsched:UCD-HEAP/Swift_Schedule.git
 + 1bcf5c7...5a75220 gh-pages -> gh-pages (forced update)
=== Run finished: Thu Oct  1 02:00:16 IST 2026 ===
=== Run started: Thu Oct  1 02:10:18 IST 2026 ===
[gh-pages 4946987] Auto-deploy: 2026-10-01T01:10:18Z
 Date: Tue Sep 15 08:43:09 2026 +0100
 4 files changed, 16792 insertions(+)
 create mode 100644 SwiftScheduleParser.log
 create mode 100644 github-swiftschedule-deploy.log
 create mode 100644 index.html
 create mode 100644 logfile
To github-swiftsched:UCD-HEAP/Swift_Schedule.git
 + 5a75220...4946987 gh-pages -> gh-pages (forced update)
=== Run finished: Thu Oct  1 02:10:20 IST 2026 ===
=== Run started: Thu Oct  1 02:20:15 IST 2026 ===
[gh-pages e8979dc] Auto-deploy: 2026-10-01T01:20:15Z
 Date: Tue Sep 15 08:43:09 2026 +0100
 4 files changed, 16803 insertions(+)
 create mode 100644 SwiftScheduleParser.log
 create mode 100644 github-swiftschedule-deploy.log
 create mode 100644 index.html
 create mode 100644 logfile
To github-swiftsched:UCD-HEAP/Swift_Schedule.git
 + 4946987...e8979dc gh-pages -> gh-pages (forced update)
=== Run finished: Thu Oct  1 02:20:17 IST 2026 ===
=== Run started: Thu Oct  1 02:30:18 IST 2026 ===
[gh-pages e2f779c] Auto-deploy: 2026-10-01T01:30:18Z
 Date: Tue Sep 15 08:43:09 2026 +0100
 4 files changed, 16814 insertions(+)
 create mode 100644 SwiftScheduleParser.log
 create mode 100644 github-swiftschedule-deploy.log
 create mode 100644 index.html
 create mode 100644 logfile
To github-swiftsched:UCD-HEAP/Swift_Schedule.git
 + e8979dc...e2f779c gh-pages -> gh-pages (forced update)
=== Run finished: Thu Oct  1 02:30:19 IST 2026 ===
=== Run started: Thu Oct  1 02:40:15 IST 2026 ===
[gh-pages e858f69] Auto-deploy: 2026-10-01T01:40:15Z
 Date: Tue Sep 15 08:43:09 2026 +0100
 4 files changed, 16825 insertions(+)
 create mode 100644 SwiftScheduleParser.log
 create mode 100644 github-swiftschedule-deploy.log
 create mode 100644 index.html
 create mode 100644 logfile
To github-swiftsched:UCD-HEAP/Swift_Schedule.git
 + e2f779c...e858f69 gh-pages -> gh-pages (forced update)
=== Run finished: Thu Oct  1 02:40:17 IST 2026 ===
=== Run started: Thu Oct  1 02:50:18 IST 2026 ===
[gh-pages 8b286f7] Auto-deploy: 2026-10-01T01:50:19Z
 Date: Tue Sep 15 08:43:09 2026 +0100
 4 files changed, 16836 insertions(+)
 create mode 100644 SwiftScheduleParser.log
 create mode 100644 github-swiftschedule-deploy.log
 create mode 100644 index.html
 create mode 100644 logfile
To github-swiftsched:UCD-HEAP/Swift_Schedule.git
 + e858f69...8b286f7 gh-pages -> gh-pages (forced update)
=== Run finished: Thu Oct  1 02:50:20 IST 2026 ===
=== Run started: Thu Oct  1 03:00:14 IST 2026 ===
[gh-pages 3c79ed1] Auto-deploy: 2026-10-01T02:00:15Z
 Date: Tue Sep 15 08:43:09 2026 +0100
 4 files changed, 16847 insertions(+)
 create mode 100644 SwiftScheduleParser.log
 create mode 100644 github-swiftschedule-deploy.log
 create mode 100644 index.html
 create mode 100644 logfile
To github-swiftsched:UCD-HEAP/Swift_Schedule.git
 + 8b286f7...3c79ed1 gh-pages -> gh-pages (forced update)
=== Run finished: Thu Oct  1 03:00:16 IST 2026 ===
=== Run started: Thu Oct  1 03:10:20 IST 2026 ===
[gh-pages 51120ca] Auto-deploy: 2026-10-01T02:10:20Z
 Date: Tue Sep 15 08:43:09 2026 +0100
 4 files changed, 16858 insertions(+)
 create mode 100644 SwiftScheduleParser.log
 create mode 100644 github-swiftschedule-deploy.log
 create mode 100644 index.html
 create mode 100644 logfile
To github-swiftsched:UCD-HEAP/Swift_Schedule.git
 + 3c79ed1...51120ca gh-pages -> gh-pages (forced update)
=== Run finished: Thu Oct  1 03:10:22 IST 2026 ===
=== Run started: Thu Oct  1 03:20:15 IST 2026 ===
[gh-pages 9a1fad0] Auto-deploy: 2026-10-01T02:20:15Z
 Date: Tue Sep 15 08:43:09 2026 +0100
 4 files changed, 16869 insertions(+)
 create mode 100644 SwiftScheduleParser.log
 create mode 100644 github-swiftschedule-deploy.log
 create mode 100644 index.html
 create mode 100644 logfile
To github-swiftsched:UCD-HEAP/Swift_Schedule.git
 + 51120ca...9a1fad0 gh-pages -> gh-pages (forced update)
=== Run finished: Thu Oct  1 03:20:17 IST 2026 ===
=== Run started: Thu Oct  1 03:30:18 IST 2026 ===
[gh-pages c19b63e] Auto-deploy: 2026-10-01T02:30:19Z
 Date: Tue Sep 15 08:43:09 2026 +0100
 4 files changed, 16880 insertions(+)
 create mode 100644 SwiftScheduleParser.log
 create mode 100644 github-swiftschedule-deploy.log
 create mode 100644 index.html
 create mode 100644 logfile
To github-swiftsched:UCD-HEAP/Swift_Schedule.git
 + 9a1fad0...c19b63e gh-pages -> gh-pages (forced update)
=== Run finished: Thu Oct  1 03:30:20 IST 2026 ===
=== Run started: Thu Oct  1 03:40:16 IST 2026 ===
[gh-pages 39bfaeb] Auto-deploy: 2026-10-01T02:40:16Z
 Date: Tue Sep 15 08:43:09 2026 +0100
 4 files changed, 16891 insertions(+)
 create mode 100644 SwiftScheduleParser.log
 create mode 100644 github-swiftschedule-deploy.log
 create mode 100644 index.html
 create mode 100644 logfile
To github-swiftsched:UCD-HEAP/Swift_Schedule.git
 + c19b63e...39bfaeb gh-pages -> gh-pages (forced update)
=== Run finished: Thu Oct  1 03:40:18 IST 2026 ===
=== Run started: Thu Oct  1 03:50:18 IST 2026 ===
[gh-pages 2174f06] Auto-deploy: 2026-10-01T02:50:19Z
 Date: Tue Sep 15 08:43:09 2026 +0100
 4 files changed, 16902 insertions(+)
 create mode 100644 SwiftScheduleParser.log
 create mode 100644 github-swiftschedule-deploy.log
 create mode 100644 index.html
 create mode 100644 logfile
To github-swiftsched:UCD-HEAP/Swift_Schedule.git
 + 39bfaeb...2174f06 gh-pages -> gh-pages (forced update)
=== Run finished: Thu Oct  1 03:50:20 IST 2026 ===
=== Run started: Thu Oct  1 04:00:17 IST 2026 ===
[gh-pages 2a57d3b] Auto-deploy: 2026-10-01T03:00:17Z
 Date: Tue Sep 15 08:43:09 2026 +0100
 4 files changed, 16913 insertions(+)
 create mode 100644 SwiftScheduleParser.log
 create mode 100644 github-swiftschedule-deploy.log
 create mode 100644 index.html
 create mode 100644 logfile
To github-swiftsched:UCD-HEAP/Swift_Schedule.git
 + 2174f06...2a57d3b gh-pages -> gh-pages (forced update)
=== Run finished: Thu Oct  1 04:00:18 IST 2026 ===
=== Run started: Thu Oct  1 04:10:16 IST 2026 ===
[gh-pages ec37694] Auto-deploy: 2026-10-01T03:10:16Z
 Date: Tue Sep 15 08:43:09 2026 +0100
 4 files changed, 16924 insertions(+)
 create mode 100644 SwiftScheduleParser.log
 create mode 100644 github-swiftschedule-deploy.log
 create mode 100644 index.html
 create mode 100644 logfile
To github-swiftsched:UCD-HEAP/Swift_Schedule.git
 + 2a57d3b...ec37694 gh-pages -> gh-pages (forced update)
=== Run finished: Thu Oct  1 04:10:18 IST 2026 ===
=== Run started: Thu Oct  1 04:20:18 IST 2026 ===
[gh-pages 2b4bc2a] Auto-deploy: 2026-10-01T03:20:18Z
 Date: Tue Sep 15 08:43:09 2026 +0100
 4 files changed, 16935 insertions(+)
 create mode 100644 SwiftScheduleParser.log
 create mode 100644 github-swiftschedule-deploy.log
 create mode 100644 index.html
 create mode 100644 logfile
To github-swiftsched:UCD-HEAP/Swift_Schedule.git
 + ec37694...2b4bc2a gh-pages -> gh-pages (forced update)
=== Run finished: Thu Oct  1 04:20:20 IST 2026 ===
=== Run started: Thu Oct  1 04:30:17 IST 2026 ===
[gh-pages e9560a5] Auto-deploy: 2026-10-01T03:30:17Z
 Date: Tue Sep 15 08:43:09 2026 +0100
 4 files changed, 16946 insertions(+)
 create mode 100644 SwiftScheduleParser.log
 create mode 100644 github-swiftschedule-deploy.log
 create mode 100644 index.html
 create mode 100644 logfile
To github-swiftsched:UCD-HEAP/Swift_Schedule.git
 + 2b4bc2a...e9560a5 gh-pages -> gh-pages (forced update)
=== Run finished: Thu Oct  1 04:30:19 IST 2026 ===
=== Run started: Thu Oct  1 04:40:17 IST 2026 ===
[gh-pages 6a6ae4b] Auto-deploy: 2026-10-01T03:40:17Z
 Date: Tue Sep 15 08:43:09 2026 +0100
 4 files changed, 16957 insertions(+)
 create mode 100644 SwiftScheduleParser.log
 create mode 100644 github-swiftschedule-deploy.log
 create mode 100644 index.html
 create mode 100644 logfile
To github-swiftsched:UCD-HEAP/Swift_Schedule.git
 + e9560a5...6a6ae4b gh-pages -> gh-pages (forced update)
=== Run finished: Thu Oct  1 04:40:19 IST 2026 ===
=== Run started: Thu Oct  1 04:50:17 IST 2026 ===
[gh-pages 6fd5d23] Auto-deploy: 2026-10-01T03:50:17Z
 Date: Tue Sep 15 08:43:09 2026 +0100
 4 files changed, 16968 insertions(+)
 create mode 100644 SwiftScheduleParser.log
 create mode 100644 github-swiftschedule-deploy.log
 create mode 100644 index.html
 create mode 100644 logfile
To github-swiftsched:UCD-HEAP/Swift_Schedule.git
 + 6a6ae4b...6fd5d23 gh-pages -> gh-pages (forced update)
=== Run finished: Thu Oct  1 04:50:19 IST 2026 ===
=== Run started: Thu Oct  1 05:00:18 IST 2026 ===
[gh-pages 7d72712] Auto-deploy: 2026-10-01T04:00:18Z
 Date: Tue Sep 15 08:43:09 2026 +0100
 4 files changed, 16979 insertions(+)
 create mode 100644 SwiftScheduleParser.log
 create mode 100644 github-swiftschedule-deploy.log
 create mode 100644 index.html
 create mode 100644 logfile
To github-swiftsched:UCD-HEAP/Swift_Schedule.git
 + 6fd5d23...7d72712 gh-pages -> gh-pages (forced update)
=== Run finished: Thu Oct  1 05:00:20 IST 2026 ===
=== Run started: Thu Oct  1 05:10:19 IST 2026 ===
[gh-pages bf4ff29] Auto-deploy: 2026-10-01T04:10:19Z
 Date: Tue Sep 15 08:43:09 2026 +0100
 4 files changed, 16990 insertions(+)
 create mode 100644 SwiftScheduleParser.log
 create mode 100644 github-swiftschedule-deploy.log
 create mode 100644 index.html
 create mode 100644 logfile
To github-swiftsched:UCD-HEAP/Swift_Schedule.git
 + 7d72712...bf4ff29 gh-pages -> gh-pages (forced update)
=== Run finished: Thu Oct  1 05:10:20 IST 2026 ===
=== Run started: Thu Oct  1 05:20:15 IST 2026 ===
[gh-pages 40cf078] Auto-deploy: 2026-10-01T04:20:15Z
 Date: Tue Sep 15 08:43:09 2026 +0100
 4 files changed, 17001 insertions(+)
 create mode 100644 SwiftScheduleParser.log
 create mode 100644 github-swiftschedule-deploy.log
 create mode 100644 index.html
 create mode 100644 logfile
To github-swiftsched:UCD-HEAP/Swift_Schedule.git
 + bf4ff29...40cf078 gh-pages -> gh-pages (forced update)
=== Run finished: Thu Oct  1 05:20:17 IST 2026 ===
=== Run started: Thu Oct  1 05:30:18 IST 2026 ===
[gh-pages 62003aa] Auto-deploy: 2026-10-01T04:30:18Z
 Date: Tue Sep 15 08:43:09 2026 +0100
 4 files changed, 17012 insertions(+)
 create mode 100644 SwiftScheduleParser.log
 create mode 100644 github-swiftschedule-deploy.log
 create mode 100644 index.html
 create mode 100644 logfile
To github-swiftsched:UCD-HEAP/Swift_Schedule.git
 + 40cf078...62003aa gh-pages -> gh-pages (forced update)
=== Run finished: Thu Oct  1 05:30:20 IST 2026 ===
=== Run started: Thu Oct  1 05:40:15 IST 2026 ===
[gh-pages a7f605d] Auto-deploy: 2026-10-01T04:40:15Z
 Date: Tue Sep 15 08:43:09 2026 +0100
 4 files changed, 17023 insertions(+)
 create mode 100644 SwiftScheduleParser.log
 create mode 100644 github-swiftschedule-deploy.log
 create mode 100644 index.html
 create mode 100644 logfile
To github-swiftsched:UCD-HEAP/Swift_Schedule.git
 + 62003aa...a7f605d gh-pages -> gh-pages (forced update)
=== Run finished: Thu Oct  1 05:40:17 IST 2026 ===
=== Run started: Thu Oct  1 05:50:19 IST 2026 ===
[gh-pages 80de09d] Auto-deploy: 2026-10-01T04:50:19Z
 Date: Tue Sep 15 08:43:09 2026 +0100
 4 files changed, 17034 insertions(+)
 create mode 100644 SwiftScheduleParser.log
 create mode 100644 github-swiftschedule-deploy.log
 create mode 100644 index.html
 create mode 100644 logfile
To github-swiftsched:UCD-HEAP/Swift_Schedule.git
 + a7f605d...80de09d gh-pages -> gh-pages (forced update)
=== Run finished: Thu Oct  1 05:50:21 IST 2026 ===
=== Run started: Thu Oct  1 06:00:17 IST 2026 ===
[gh-pages 59672d6] Auto-deploy: 2026-10-01T05:00:17Z
 Date: Tue Sep 15 08:43:09 2026 +0100
 4 files changed, 17045 insertions(+)
 create mode 100644 SwiftScheduleParser.log
 create mode 100644 github-swiftschedule-deploy.log
 create mode 100644 index.html
 create mode 100644 logfile
To github-swiftsched:UCD-HEAP/Swift_Schedule.git
 + 80de09d...59672d6 gh-pages -> gh-pages (forced update)
=== Run finished: Thu Oct  1 06:00:18 IST 2026 ===
=== Run started: Thu Oct  1 06:10:17 IST 2026 ===
[gh-pages a376dc4] Auto-deploy: 2026-10-01T05:10:18Z
 Date: Tue Sep 15 08:43:09 2026 +0100
 4 files changed, 17056 insertions(+)
 create mode 100644 SwiftScheduleParser.log
 create mode 100644 github-swiftschedule-deploy.log
 create mode 100644 index.html
 create mode 100644 logfile
To github-swiftsched:UCD-HEAP/Swift_Schedule.git
 + 59672d6...a376dc4 gh-pages -> gh-pages (forced update)
=== Run finished: Thu Oct  1 06:10:19 IST 2026 ===
=== Run started: Thu Oct  1 06:20:15 IST 2026 ===
[gh-pages c1cffdd] Auto-deploy: 2026-10-01T05:20:15Z
 Date: Tue Sep 15 08:43:09 2026 +0100
 4 files changed, 17067 insertions(+)
 create mode 100644 SwiftScheduleParser.log
 create mode 100644 github-swiftschedule-deploy.log
 create mode 100644 index.html
 create mode 100644 logfile
To github-swiftsched:UCD-HEAP/Swift_Schedule.git
 + a376dc4...c1cffdd gh-pages -> gh-pages (forced update)
=== Run finished: Thu Oct  1 06:20:17 IST 2026 ===
=== Run started: Thu Oct  1 06:30:19 IST 2026 ===
[gh-pages 7f1b6c3] Auto-deploy: 2026-10-01T05:30:19Z
 Date: Tue Sep 15 08:43:09 2026 +0100
 4 files changed, 17078 insertions(+)
 create mode 100644 SwiftScheduleParser.log
 create mode 100644 github-swiftschedule-deploy.log
 create mode 100644 index.html
 create mode 100644 logfile
To github-swiftsched:UCD-HEAP/Swift_Schedule.git
 + c1cffdd...7f1b6c3 gh-pages -> gh-pages (forced update)
=== Run finished: Thu Oct  1 06:30:21 IST 2026 ===
=== Run started: Thu Oct  1 06:40:15 IST 2026 ===
[gh-pages 33249dd] Auto-deploy: 2026-10-01T05:40:15Z
 Date: Tue Sep 15 08:43:09 2026 +0100
 4 files changed, 17089 insertions(+)
 create mode 100644 SwiftScheduleParser.log
 create mode 100644 github-swiftschedule-deploy.log
 create mode 100644 index.html
 create mode 100644 logfile
To github-swiftsched:UCD-HEAP/Swift_Schedule.git
 + 7f1b6c3...33249dd gh-pages -> gh-pages (forced update)
=== Run finished: Thu Oct  1 06:40:17 IST 2026 ===
=== Run started: Thu Oct  1 06:50:18 IST 2026 ===
[gh-pages 2d81584] Auto-deploy: 2026-10-01T05:50:18Z
 Date: Tue Sep 15 08:43:09 2026 +0100
 4 files changed, 17100 insertions(+)
 create mode 100644 SwiftScheduleParser.log
 create mode 100644 github-swiftschedule-deploy.log
 create mode 100644 index.html
 create mode 100644 logfile
To github-swiftsched:UCD-HEAP/Swift_Schedule.git
 + 33249dd...2d81584 gh-pages -> gh-pages (forced update)
=== Run finished: Thu Oct  1 06:50:20 IST 2026 ===
=== Run started: Thu Oct  1 07:00:15 IST 2026 ===
[gh-pages da16d79] Auto-deploy: 2026-10-01T06:00:15Z
 Date: Tue Sep 15 08:43:09 2026 +0100
 4 files changed, 17111 insertions(+)
 create mode 100644 SwiftScheduleParser.log
 create mode 100644 github-swiftschedule-deploy.log
 create mode 100644 index.html
 create mode 100644 logfile
To github-swiftsched:UCD-HEAP/Swift_Schedule.git
 + 2d81584...da16d79 gh-pages -> gh-pages (forced update)
=== Run finished: Thu Oct  1 07:00:17 IST 2026 ===
=== Run started: Thu Oct  1 07:10:18 IST 2026 ===
[gh-pages 280c8dc] Auto-deploy: 2026-10-01T06:10:18Z
 Date: Tue Sep 15 08:43:09 2026 +0100
 4 files changed, 17122 insertions(+)
 create mode 100644 SwiftScheduleParser.log
 create mode 100644 github-swiftschedule-deploy.log
 create mode 100644 index.html
 create mode 100644 logfile
To github-swiftsched:UCD-HEAP/Swift_Schedule.git
 + da16d79...280c8dc gh-pages -> gh-pages (forced update)
=== Run finished: Thu Oct  1 07:10:20 IST 2026 ===
=== Run started: Thu Oct  1 07:20:15 IST 2026 ===
[gh-pages dad84a1] Auto-deploy: 2026-10-01T06:20:15Z
 Date: Tue Sep 15 08:43:09 2026 +0100
 4 files changed, 17133 insertions(+)
 create mode 100644 SwiftScheduleParser.log
 create mode 100644 github-swiftschedule-deploy.log
 create mode 100644 index.html
 create mode 100644 logfile
To github-swiftsched:UCD-HEAP/Swift_Schedule.git
 + 280c8dc...dad84a1 gh-pages -> gh-pages (forced update)
=== Run finished: Thu Oct  1 07:20:17 IST 2026 ===
=== Run started: Thu Oct  1 07:30:17 IST 2026 ===
[gh-pages 404d238] Auto-deploy: 2026-10-01T06:30:17Z
 Date: Tue Sep 15 08:43:09 2026 +0100
 4 files changed, 17144 insertions(+)
 create mode 100644 SwiftScheduleParser.log
 create mode 100644 github-swiftschedule-deploy.log
 create mode 100644 index.html
 create mode 100644 logfile
To github-swiftsched:UCD-HEAP/Swift_Schedule.git
 + dad84a1...404d238 gh-pages -> gh-pages (forced update)
=== Run finished: Thu Oct  1 07:30:19 IST 2026 ===
=== Run started: Thu Oct  1 07:40:23 IST 2026 ===
[gh-pages 09bee43] Auto-deploy: 2026-10-01T06:40:23Z
 Date: Tue Sep 15 08:43:09 2026 +0100
 4 files changed, 17155 insertions(+)
 create mode 100644 SwiftScheduleParser.log
 create mode 100644 github-swiftschedule-deploy.log
 create mode 100644 index.html
 create mode 100644 logfile
To github-swiftsched:UCD-HEAP/Swift_Schedule.git
 + 404d238...09bee43 gh-pages -> gh-pages (forced update)
=== Run finished: Thu Oct  1 07:40:24 IST 2026 ===
=== Run started: Thu Oct  1 07:50:15 IST 2026 ===
[gh-pages d7304b5] Auto-deploy: 2026-10-01T06:50:15Z
 Date: Tue Sep 15 08:43:09 2026 +0100
 4 files changed, 17166 insertions(+)
 create mode 100644 SwiftScheduleParser.log
 create mode 100644 github-swiftschedule-deploy.log
 create mode 100644 index.html
 create mode 100644 logfile
To github-swiftsched:UCD-HEAP/Swift_Schedule.git
 + 09bee43...d7304b5 gh-pages -> gh-pages (forced update)
=== Run finished: Thu Oct  1 07:50:17 IST 2026 ===
=== Run started: Thu Oct  1 08:00:18 IST 2026 ===
[gh-pages e420c5f] Auto-deploy: 2026-10-01T07:00:18Z
 Date: Tue Sep 15 08:43:09 2026 +0100
 4 files changed, 17177 insertions(+)
 create mode 100644 SwiftScheduleParser.log
 create mode 100644 github-swiftschedule-deploy.log
 create mode 100644 index.html
 create mode 100644 logfile
To github-swiftsched:UCD-HEAP/Swift_Schedule.git
 + d7304b5...e420c5f gh-pages -> gh-pages (forced update)
=== Run finished: Thu Oct  1 08:00:20 IST 2026 ===
=== Run started: Thu Oct  1 08:10:15 IST 2026 ===
[gh-pages 3898512] Auto-deploy: 2026-10-01T07:10:15Z
 Date: Tue Sep 15 08:43:09 2026 +0100
 4 files changed, 17188 insertions(+)
 create mode 100644 SwiftScheduleParser.log
 create mode 100644 github-swiftschedule-deploy.log
 create mode 100644 index.html
 create mode 100644 logfile
To github-swiftsched:UCD-HEAP/Swift_Schedule.git
 + e420c5f...3898512 gh-pages -> gh-pages (forced update)
=== Run finished: Thu Oct  1 08:10:17 IST 2026 ===
=== Run started: Thu Oct  1 08:20:17 IST 2026 ===
[gh-pages f6ac2b7] Auto-deploy: 2026-10-01T07:20:17Z
 Date: Tue Sep 15 08:43:09 2026 +0100
 4 files changed, 17199 insertions(+)
 create mode 100644 SwiftScheduleParser.log
 create mode 100644 github-swiftschedule-deploy.log
 create mode 100644 index.html
 create mode 100644 logfile
To github-swiftsched:UCD-HEAP/Swift_Schedule.git
 + 3898512...f6ac2b7 gh-pages -> gh-pages (forced update)
=== Run finished: Thu Oct  1 08:20:19 IST 2026 ===
=== Run started: Thu Oct  1 08:30:19 IST 2026 ===
[gh-pages 1d99c22] Auto-deploy: 2026-10-01T07:30:19Z
 Date: Tue Sep 15 08:43:09 2026 +0100
 4 files changed, 17210 insertions(+)
 create mode 100644 SwiftScheduleParser.log
 create mode 100644 github-swiftschedule-deploy.log
 create mode 100644 index.html
 create mode 100644 logfile
To github-swiftsched:UCD-HEAP/Swift_Schedule.git
 + f6ac2b7...1d99c22 gh-pages -> gh-pages (forced update)
=== Run finished: Thu Oct  1 08:30:21 IST 2026 ===
=== Run started: Thu Oct  1 08:40:15 IST 2026 ===
[gh-pages 5983ffe] Auto-deploy: 2026-10-01T07:40:15Z
 Date: Tue Sep 15 08:43:09 2026 +0100
 4 files changed, 17221 insertions(+)
 create mode 100644 SwiftScheduleParser.log
 create mode 100644 github-swiftschedule-deploy.log
 create mode 100644 index.html
 create mode 100644 logfile
To github-swiftsched:UCD-HEAP/Swift_Schedule.git
 + 1d99c22...5983ffe gh-pages -> gh-pages (forced update)
=== Run finished: Thu Oct  1 08:40:16 IST 2026 ===
=== Run started: Thu Oct  1 08:50:18 IST 2026 ===
[gh-pages 0410160] Auto-deploy: 2026-10-01T07:50:18Z
 Date: Tue Sep 15 08:43:09 2026 +0100
 4 files changed, 17232 insertions(+)
 create mode 100644 SwiftScheduleParser.log
 create mode 100644 github-swiftschedule-deploy.log
 create mode 100644 index.html
 create mode 100644 logfile
To github-swiftsched:UCD-HEAP/Swift_Schedule.git
 + 5983ffe...0410160 gh-pages -> gh-pages (forced update)
=== Run finished: Thu Oct  1 08:50:19 IST 2026 ===
=== Run started: Thu Oct  1 09:00:15 IST 2026 ===
[gh-pages cdea497] Auto-deploy: 2026-10-01T08:00:15Z
 Date: Tue Sep 15 08:43:09 2026 +0100
 4 files changed, 17243 insertions(+)
 create mode 100644 SwiftScheduleParser.log
 create mode 100644 github-swiftschedule-deploy.log
 create mode 100644 index.html
 create mode 100644 logfile
To github-swiftsched:UCD-HEAP/Swift_Schedule.git
 + 0410160...cdea497 gh-pages -> gh-pages (forced update)
=== Run finished: Thu Oct  1 09:00:17 IST 2026 ===
=== Run started: Thu Oct  1 09:10:18 IST 2026 ===
[gh-pages b07cf06] Auto-deploy: 2026-10-01T08:10:18Z
 Date: Tue Sep 15 08:43:09 2026 +0100
 4 files changed, 17254 insertions(+)
 create mode 100644 SwiftScheduleParser.log
 create mode 100644 github-swiftschedule-deploy.log
 create mode 100644 index.html
 create mode 100644 logfile
To github-swiftsched:UCD-HEAP/Swift_Schedule.git
 + cdea497...b07cf06 gh-pages -> gh-pages (forced update)
=== Run finished: Thu Oct  1 09:10:20 IST 2026 ===
=== Run started: Thu Oct  1 09:20:15 IST 2026 ===
[gh-pages da2cddb] Auto-deploy: 2026-10-01T08:20:15Z
 Date: Tue Sep 15 08:43:09 2026 +0100
 4 files changed, 17265 insertions(+)
 create mode 100644 SwiftScheduleParser.log
 create mode 100644 github-swiftschedule-deploy.log
 create mode 100644 index.html
 create mode 100644 logfile
To github-swiftsched:UCD-HEAP/Swift_Schedule.git
 + b07cf06...da2cddb gh-pages -> gh-pages (forced update)
=== Run finished: Thu Oct  1 09:20:17 IST 2026 ===
=== Run started: Thu Oct  1 09:30:18 IST 2026 ===
[gh-pages 0aa462a] Auto-deploy: 2026-10-01T08:30:18Z
 Date: Tue Sep 15 08:43:09 2026 +0100
 4 files changed, 17276 insertions(+)
 create mode 100644 SwiftScheduleParser.log
 create mode 100644 github-swiftschedule-deploy.log
 create mode 100644 index.html
 create mode 100644 logfile
To github-swiftsched:UCD-HEAP/Swift_Schedule.git
 + da2cddb...0aa462a gh-pages -> gh-pages (forced update)
=== Run finished: Thu Oct  1 09:30:19 IST 2026 ===
=== Run started: Thu Oct  1 09:40:18 IST 2026 ===
[gh-pages 6b4420b] Auto-deploy: 2026-10-01T08:40:18Z
 Date: Tue Sep 15 08:43:09 2026 +0100
 4 files changed, 17287 insertions(+)
 create mode 100644 SwiftScheduleParser.log
 create mode 100644 github-swiftschedule-deploy.log
 create mode 100644 index.html
 create mode 100644 logfile
To github-swiftsched:UCD-HEAP/Swift_Schedule.git
 + 0aa462a...6b4420b gh-pages -> gh-pages (forced update)
=== Run finished: Thu Oct  1 09:40:20 IST 2026 ===
=== Run started: Thu Oct  1 09:50:15 IST 2026 ===
[gh-pages db32e35] Auto-deploy: 2026-10-01T08:50:15Z
 Date: Tue Sep 15 08:43:09 2026 +0100
 4 files changed, 17298 insertions(+)
 create mode 100644 SwiftScheduleParser.log
 create mode 100644 github-swiftschedule-deploy.log
 create mode 100644 index.html
 create mode 100644 logfile
To github-swiftsched:UCD-HEAP/Swift_Schedule.git
 + 6b4420b...db32e35 gh-pages -> gh-pages (forced update)
=== Run finished: Thu Oct  1 09:50:17 IST 2026 ===
=== Run started: Thu Oct  1 10:00:17 IST 2026 ===
[gh-pages 5122b75] Auto-deploy: 2026-10-01T09:00:17Z
 Date: Tue Sep 15 08:43:09 2026 +0100
 4 files changed, 17309 insertions(+)
 create mode 100644 SwiftScheduleParser.log
 create mode 100644 github-swiftschedule-deploy.log
 create mode 100644 index.html
 create mode 100644 logfile
To github-swiftsched:UCD-HEAP/Swift_Schedule.git
 + db32e35...5122b75 gh-pages -> gh-pages (forced update)
=== Run finished: Thu Oct  1 10:00:19 IST 2026 ===
=== Run started: Thu Oct  1 10:10:18 IST 2026 ===
[gh-pages 8f88e59] Auto-deploy: 2026-10-01T09:10:18Z
 Date: Tue Sep 15 08:43:09 2026 +0100
 4 files changed, 17320 insertions(+)
 create mode 100644 SwiftScheduleParser.log
 create mode 100644 github-swiftschedule-deploy.log
 create mode 100644 index.html
 create mode 100644 logfile
To github-swiftsched:UCD-HEAP/Swift_Schedule.git
 + 5122b75...8f88e59 gh-pages -> gh-pages (forced update)
=== Run finished: Thu Oct  1 10:10:20 IST 2026 ===
=== Run started: Thu Oct  1 10:20:15 IST 2026 ===
[gh-pages 08d0657] Auto-deploy: 2026-10-01T09:20:15Z
 Date: Tue Sep 15 08:43:09 2026 +0100
 4 files changed, 17331 insertions(+)
 create mode 100644 SwiftScheduleParser.log
 create mode 100644 github-swiftschedule-deploy.log
 create mode 100644 index.html
 create mode 100644 logfile
To github-swiftsched:UCD-HEAP/Swift_Schedule.git
 + 8f88e59...08d0657 gh-pages -> gh-pages (forced update)
=== Run finished: Thu Oct  1 10:20:17 IST 2026 ===
=== Run started: Thu Oct  1 10:30:18 IST 2026 ===
[gh-pages ac4a995] Auto-deploy: 2026-10-01T09:30:18Z
 Date: Tue Sep 15 08:43:09 2026 +0100
 4 files changed, 17342 insertions(+)
 create mode 100644 SwiftScheduleParser.log
 create mode 100644 github-swiftschedule-deploy.log
 create mode 100644 index.html
 create mode 100644 logfile
To github-swiftsched:UCD-HEAP/Swift_Schedule.git
 + 08d0657...ac4a995 gh-pages -> gh-pages (forced update)
=== Run finished: Thu Oct  1 10:30:19 IST 2026 ===
=== Run started: Thu Oct  1 10:40:20 IST 2026 ===
[gh-pages 647d14e] Auto-deploy: 2026-10-01T09:40:20Z
 Date: Tue Sep 15 08:43:09 2026 +0100
 4 files changed, 17353 insertions(+)
 create mode 100644 SwiftScheduleParser.log
 create mode 100644 github-swiftschedule-deploy.log
 create mode 100644 index.html
 create mode 100644 logfile
To github-swiftsched:UCD-HEAP/Swift_Schedule.git
 + ac4a995...647d14e gh-pages -> gh-pages (forced update)
=== Run finished: Thu Oct  1 10:40:21 IST 2026 ===
=== Run started: Thu Oct  1 10:50:16 IST 2026 ===
[gh-pages 81003ad] Auto-deploy: 2026-10-01T09:50:16Z
 Date: Tue Sep 15 08:43:09 2026 +0100
 4 files changed, 17364 insertions(+)
 create mode 100644 SwiftScheduleParser.log
 create mode 100644 github-swiftschedule-deploy.log
 create mode 100644 index.html
 create mode 100644 logfile
To github-swiftsched:UCD-HEAP/Swift_Schedule.git
 + 647d14e...81003ad gh-pages -> gh-pages (forced update)
=== Run finished: Thu Oct  1 10:50:17 IST 2026 ===
=== Run started: Thu Oct  1 11:00:16 IST 2026 ===
[gh-pages b845dcb] Auto-deploy: 2026-10-01T10:00:16Z
 Date: Tue Sep 15 08:43:09 2026 +0100
 4 files changed, 17375 insertions(+)
 create mode 100644 SwiftScheduleParser.log
 create mode 100644 github-swiftschedule-deploy.log
 create mode 100644 index.html
 create mode 100644 logfile
To github-swiftsched:UCD-HEAP/Swift_Schedule.git
 + 81003ad...b845dcb gh-pages -> gh-pages (forced update)
=== Run finished: Thu Oct  1 11:00:18 IST 2026 ===
=== Run started: Thu Oct  1 11:10:18 IST 2026 ===
[gh-pages 86d391c] Auto-deploy: 2026-10-01T10:10:18Z
 Date: Tue Sep 15 08:43:09 2026 +0100
 4 files changed, 17386 insertions(+)
 create mode 100644 SwiftScheduleParser.log
 create mode 100644 github-swiftschedule-deploy.log
 create mode 100644 index.html
 create mode 100644 logfile
To github-swiftsched:UCD-HEAP/Swift_Schedule.git
 + b845dcb...86d391c gh-pages -> gh-pages (forced update)
=== Run finished: Thu Oct  1 11:10:19 IST 2026 ===
=== Run started: Thu Oct  1 11:20:14 IST 2026 ===
[gh-pages 8e0ae3e] Auto-deploy: 2026-10-01T10:20:14Z
 Date: Tue Sep 15 08:43:09 2026 +0100
 4 files changed, 17397 insertions(+)
 create mode 100644 SwiftScheduleParser.log
 create mode 100644 github-swiftschedule-deploy.log
 create mode 100644 index.html
 create mode 100644 logfile
To github-swiftsched:UCD-HEAP/Swift_Schedule.git
 + 86d391c...8e0ae3e gh-pages -> gh-pages (forced update)
=== Run finished: Thu Oct  1 11:20:16 IST 2026 ===
=== Run started: Thu Oct  1 11:30:19 IST 2026 ===
[gh-pages 88d0ef5] Auto-deploy: 2026-10-01T10:30:19Z
 Date: Tue Sep 15 08:43:09 2026 +0100
 4 files changed, 17408 insertions(+)
 create mode 100644 SwiftScheduleParser.log
 create mode 100644 github-swiftschedule-deploy.log
 create mode 100644 index.html
 create mode 100644 logfile
To github-swiftsched:UCD-HEAP/Swift_Schedule.git
 + 8e0ae3e...88d0ef5 gh-pages -> gh-pages (forced update)
=== Run finished: Thu Oct  1 11:30:21 IST 2026 ===
=== Run started: Thu Oct  1 11:40:19 IST 2026 ===
[gh-pages 18c709e] Auto-deploy: 2026-10-01T10:40:19Z
 Date: Tue Sep 15 08:43:09 2026 +0100
 4 files changed, 17419 insertions(+)
 create mode 100644 SwiftScheduleParser.log
 create mode 100644 github-swiftschedule-deploy.log
 create mode 100644 index.html
 create mode 100644 logfile
To github-swiftsched:UCD-HEAP/Swift_Schedule.git
 + 88d0ef5...18c709e gh-pages -> gh-pages (forced update)
=== Run finished: Thu Oct  1 11:40:21 IST 2026 ===
=== Run started: Thu Oct  1 11:50:18 IST 2026 ===
[gh-pages 95b7902] Auto-deploy: 2026-10-01T10:50:18Z
 Date: Tue Sep 15 08:43:09 2026 +0100
 4 files changed, 17430 insertions(+)
 create mode 100644 SwiftScheduleParser.log
 create mode 100644 github-swiftschedule-deploy.log
 create mode 100644 index.html
 create mode 100644 logfile
To github-swiftsched:UCD-HEAP/Swift_Schedule.git
 + 18c709e...95b7902 gh-pages -> gh-pages (forced update)
=== Run finished: Thu Oct  1 11:50:20 IST 2026 ===
=== Run started: Thu Oct  1 12:00:16 IST 2026 ===
[gh-pages 7098d6f] Auto-deploy: 2026-10-01T11:00:16Z
 Date: Tue Sep 15 08:43:09 2026 +0100
 4 files changed, 17441 insertions(+)
 create mode 100644 SwiftScheduleParser.log
 create mode 100644 github-swiftschedule-deploy.log
 create mode 100644 index.html
 create mode 100644 logfile
To github-swiftsched:UCD-HEAP/Swift_Schedule.git
 + 95b7902...7098d6f gh-pages -> gh-pages (forced update)
=== Run finished: Thu Oct  1 12:00:17 IST 2026 ===
=== Run started: Thu Oct  1 12:10:19 IST 2026 ===
[gh-pages 73c3286] Auto-deploy: 2026-10-01T11:10:19Z
 Date: Tue Sep 15 08:43:09 2026 +0100
 4 files changed, 17452 insertions(+)
 create mode 100644 SwiftScheduleParser.log
 create mode 100644 github-swiftschedule-deploy.log
 create mode 100644 index.html
 create mode 100644 logfile
To github-swiftsched:UCD-HEAP/Swift_Schedule.git
 + 7098d6f...73c3286 gh-pages -> gh-pages (forced update)
=== Run finished: Thu Oct  1 12:10:20 IST 2026 ===
=== Run started: Thu Oct  1 12:20:14 IST 2026 ===
[gh-pages f69f63e] Auto-deploy: 2026-10-01T11:20:14Z
 Date: Tue Sep 15 08:43:09 2026 +0100
 4 files changed, 17463 insertions(+)
 create mode 100644 SwiftScheduleParser.log
 create mode 100644 github-swiftschedule-deploy.log
 create mode 100644 index.html
 create mode 100644 logfile
To github-swiftsched:UCD-HEAP/Swift_Schedule.git
 + 73c3286...f69f63e gh-pages -> gh-pages (forced update)
=== Run finished: Thu Oct  1 12:20:16 IST 2026 ===
=== Run started: Thu Oct  1 12:30:18 IST 2026 ===
[gh-pages 9f5f820] Auto-deploy: 2026-10-01T11:30:18Z
 Date: Tue Sep 15 08:43:09 2026 +0100
 4 files changed, 17474 insertions(+)
 create mode 100644 SwiftScheduleParser.log
 create mode 100644 github-swiftschedule-deploy.log
 create mode 100644 index.html
 create mode 100644 logfile
To github-swiftsched:UCD-HEAP/Swift_Schedule.git
 + f69f63e...9f5f820 gh-pages -> gh-pages (forced update)
=== Run finished: Thu Oct  1 12:30:20 IST 2026 ===
=== Run started: Thu Oct  1 12:40:15 IST 2026 ===
[gh-pages 2278155] Auto-deploy: 2026-10-01T11:40:15Z
 Date: Tue Sep 15 08:43:09 2026 +0100
 4 files changed, 17485 insertions(+)
 create mode 100644 SwiftScheduleParser.log
 create mode 100644 github-swiftschedule-deploy.log
 create mode 100644 index.html
 create mode 100644 logfile
To github-swiftsched:UCD-HEAP/Swift_Schedule.git
 + 9f5f820...2278155 gh-pages -> gh-pages (forced update)
=== Run finished: Thu Oct  1 12:40:17 IST 2026 ===
=== Run started: Thu Oct  1 12:50:19 IST 2026 ===
[gh-pages 8be7397] Auto-deploy: 2026-10-01T11:50:19Z
 Date: Tue Sep 15 08:43:09 2026 +0100
 4 files changed, 17496 insertions(+)
 create mode 100644 SwiftScheduleParser.log
 create mode 100644 github-swiftschedule-deploy.log
 create mode 100644 index.html
 create mode 100644 logfile
To github-swiftsched:UCD-HEAP/Swift_Schedule.git
 + 2278155...8be7397 gh-pages -> gh-pages (forced update)
=== Run finished: Thu Oct  1 12:50:21 IST 2026 ===
=== Run started: Thu Oct  1 13:00:15 IST 2026 ===
[gh-pages 011c3ed] Auto-deploy: 2026-10-01T12:00:15Z
 Date: Tue Sep 15 08:43:09 2026 +0100
 4 files changed, 17507 insertions(+)
 create mode 100644 SwiftScheduleParser.log
 create mode 100644 github-swiftschedule-deploy.log
 create mode 100644 index.html
 create mode 100644 logfile
To github-swiftsched:UCD-HEAP/Swift_Schedule.git
 + 8be7397...011c3ed gh-pages -> gh-pages (forced update)
=== Run finished: Thu Oct  1 13:00:16 IST 2026 ===
=== Run started: Thu Oct  1 13:10:19 IST 2026 ===
[gh-pages 267ecf3] Auto-deploy: 2026-10-01T12:10:19Z
 Date: Tue Sep 15 08:43:09 2026 +0100
 4 files changed, 17518 insertions(+)
 create mode 100644 SwiftScheduleParser.log
 create mode 100644 github-swiftschedule-deploy.log
 create mode 100644 index.html
 create mode 100644 logfile
To github-swiftsched:UCD-HEAP/Swift_Schedule.git
 + 011c3ed...267ecf3 gh-pages -> gh-pages (forced update)
=== Run finished: Thu Oct  1 13:10:21 IST 2026 ===
=== Run started: Thu Oct  1 13:20:15 IST 2026 ===
[gh-pages 235cda6] Auto-deploy: 2026-10-01T12:20:15Z
 Date: Tue Sep 15 08:43:09 2026 +0100
 4 files changed, 17529 insertions(+)
 create mode 100644 SwiftScheduleParser.log
 create mode 100644 github-swiftschedule-deploy.log
 create mode 100644 index.html
 create mode 100644 logfile
To github-swiftsched:UCD-HEAP/Swift_Schedule.git
 + 267ecf3...235cda6 gh-pages -> gh-pages (forced update)
=== Run finished: Thu Oct  1 13:20:17 IST 2026 ===
=== Run started: Thu Oct  1 13:30:18 IST 2026 ===
[gh-pages 6bd5abd] Auto-deploy: 2026-10-01T12:30:18Z
 Date: Tue Sep 15 08:43:09 2026 +0100
 4 files changed, 17540 insertions(+)
 create mode 100644 SwiftScheduleParser.log
 create mode 100644 github-swiftschedule-deploy.log
 create mode 100644 index.html
 create mode 100644 logfile
To github-swiftsched:UCD-HEAP/Swift_Schedule.git
 + 235cda6...6bd5abd gh-pages -> gh-pages (forced update)
=== Run finished: Thu Oct  1 13:30:20 IST 2026 ===
=== Run started: Thu Oct  1 13:40:19 IST 2026 ===
[gh-pages 991578d] Auto-deploy: 2026-10-01T12:40:19Z
 Date: Tue Sep 15 08:43:09 2026 +0100
 4 files changed, 17551 insertions(+)
 create mode 100644 SwiftScheduleParser.log
 create mode 100644 github-swiftschedule-deploy.log
 create mode 100644 index.html
 create mode 100644 logfile
To github-swiftsched:UCD-HEAP/Swift_Schedule.git
 + 6bd5abd...991578d gh-pages -> gh-pages (forced update)
=== Run finished: Thu Oct  1 13:40:21 IST 2026 ===
=== Run started: Thu Oct  1 13:50:15 IST 2026 ===
[gh-pages bbae410] Auto-deploy: 2026-10-01T12:50:15Z
 Date: Tue Sep 15 08:43:09 2026 +0100
 4 files changed, 17562 insertions(+)
 create mode 100644 SwiftScheduleParser.log
 create mode 100644 github-swiftschedule-deploy.log
 create mode 100644 index.html
 create mode 100644 logfile
To github-swiftsched:UCD-HEAP/Swift_Schedule.git
 + 991578d...bbae410 gh-pages -> gh-pages (forced update)
=== Run finished: Thu Oct  1 13:50:17 IST 2026 ===
=== Run started: Thu Oct  1 14:00:18 IST 2026 ===
[gh-pages 19c6045] Auto-deploy: 2026-10-01T13:00:18Z
 Date: Tue Sep 15 08:43:09 2026 +0100
 4 files changed, 17573 insertions(+)
 create mode 100644 SwiftScheduleParser.log
 create mode 100644 github-swiftschedule-deploy.log
 create mode 100644 index.html
 create mode 100644 logfile
To github-swiftsched:UCD-HEAP/Swift_Schedule.git
 + bbae410...19c6045 gh-pages -> gh-pages (forced update)
=== Run finished: Thu Oct  1 14:00:20 IST 2026 ===
=== Run started: Thu Oct  1 14:10:16 IST 2026 ===
[gh-pages 84e9aff] Auto-deploy: 2026-10-01T13:10:16Z
 Date: Tue Sep 15 08:43:09 2026 +0100
 4 files changed, 17584 insertions(+)
 create mode 100644 SwiftScheduleParser.log
 create mode 100644 github-swiftschedule-deploy.log
 create mode 100644 index.html
 create mode 100644 logfile
To github-swiftsched:UCD-HEAP/Swift_Schedule.git
 + 19c6045...84e9aff gh-pages -> gh-pages (forced update)
=== Run finished: Thu Oct  1 14:10:18 IST 2026 ===
=== Run started: Thu Oct  1 14:20:17 IST 2026 ===
[gh-pages 5165031] Auto-deploy: 2026-10-01T13:20:17Z
 Date: Tue Sep 15 08:43:09 2026 +0100
 4 files changed, 17595 insertions(+)
 create mode 100644 SwiftScheduleParser.log
 create mode 100644 github-swiftschedule-deploy.log
 create mode 100644 index.html
 create mode 100644 logfile
To github-swiftsched:UCD-HEAP/Swift_Schedule.git
 + 84e9aff...5165031 gh-pages -> gh-pages (forced update)
=== Run finished: Thu Oct  1 14:20:18 IST 2026 ===
=== Run started: Thu Oct  1 14:30:17 IST 2026 ===
[gh-pages b15d422] Auto-deploy: 2026-10-01T13:30:17Z
 Date: Tue Sep 15 08:43:09 2026 +0100
 4 files changed, 17606 insertions(+)
 create mode 100644 SwiftScheduleParser.log
 create mode 100644 github-swiftschedule-deploy.log
 create mode 100644 index.html
 create mode 100644 logfile
To github-swiftsched:UCD-HEAP/Swift_Schedule.git
 + 5165031...b15d422 gh-pages -> gh-pages (forced update)
=== Run finished: Thu Oct  1 14:30:19 IST 2026 ===
=== Run started: Thu Oct  1 14:40:19 IST 2026 ===
[gh-pages 8b8adb4] Auto-deploy: 2026-10-01T13:40:19Z
 Date: Tue Sep 15 08:43:09 2026 +0100
 4 files changed, 17617 insertions(+)
 create mode 100644 SwiftScheduleParser.log
 create mode 100644 github-swiftschedule-deploy.log
 create mode 100644 index.html
 create mode 100644 logfile
To github-swiftsched:UCD-HEAP/Swift_Schedule.git
 + b15d422...8b8adb4 gh-pages -> gh-pages (forced update)
=== Run finished: Thu Oct  1 14:40:21 IST 2026 ===
=== Run started: Thu Oct  1 14:50:15 IST 2026 ===
[gh-pages 351e4a7] Auto-deploy: 2026-10-01T13:50:15Z
 Date: Tue Sep 15 08:43:09 2026 +0100
 4 files changed, 17628 insertions(+)
 create mode 100644 SwiftScheduleParser.log
 create mode 100644 github-swiftschedule-deploy.log
 create mode 100644 index.html
 create mode 100644 logfile
To github-swiftsched:UCD-HEAP/Swift_Schedule.git
 + 8b8adb4...351e4a7 gh-pages -> gh-pages (forced update)
=== Run finished: Thu Oct  1 14:50:17 IST 2026 ===
=== Run started: Thu Oct  1 15:00:18 IST 2026 ===
[gh-pages 276fadf] Auto-deploy: 2026-10-01T14:00:18Z
 Date: Tue Sep 15 08:43:09 2026 +0100
 4 files changed, 17639 insertions(+)
 create mode 100644 SwiftScheduleParser.log
 create mode 100644 github-swiftschedule-deploy.log
 create mode 100644 index.html
 create mode 100644 logfile
To github-swiftsched:UCD-HEAP/Swift_Schedule.git
 + 351e4a7...276fadf gh-pages -> gh-pages (forced update)
=== Run finished: Thu Oct  1 15:00:19 IST 2026 ===
=== Run started: Thu Oct  1 15:10:15 IST 2026 ===
[gh-pages af9c2e9] Auto-deploy: 2026-10-01T14:10:15Z
 Date: Tue Sep 15 08:43:09 2026 +0100
 4 files changed, 17650 insertions(+)
 create mode 100644 SwiftScheduleParser.log
 create mode 100644 github-swiftschedule-deploy.log
 create mode 100644 index.html
 create mode 100644 logfile
To github-swiftsched:UCD-HEAP/Swift_Schedule.git
 + 276fadf...af9c2e9 gh-pages -> gh-pages (forced update)
=== Run finished: Thu Oct  1 15:10:17 IST 2026 ===
=== Run started: Thu Oct  1 15:20:17 IST 2026 ===
[gh-pages 05d9605] Auto-deploy: 2026-10-01T14:20:18Z
 Date: Tue Sep 15 08:43:09 2026 +0100
 4 files changed, 17661 insertions(+)
 create mode 100644 SwiftScheduleParser.log
 create mode 100644 github-swiftschedule-deploy.log
 create mode 100644 index.html
 create mode 100644 logfile
To github-swiftsched:UCD-HEAP/Swift_Schedule.git
 + af9c2e9...05d9605 gh-pages -> gh-pages (forced update)
=== Run finished: Thu Oct  1 15:20:20 IST 2026 ===
=== Run started: Thu Oct  1 15:30:15 IST 2026 ===
[gh-pages 57a4fe5] Auto-deploy: 2026-10-01T14:30:15Z
 Date: Tue Sep 15 08:43:09 2026 +0100
 4 files changed, 17672 insertions(+)
 create mode 100644 SwiftScheduleParser.log
 create mode 100644 github-swiftschedule-deploy.log
 create mode 100644 index.html
 create mode 100644 logfile
To github-swiftsched:UCD-HEAP/Swift_Schedule.git
 + 05d9605...57a4fe5 gh-pages -> gh-pages (forced update)
=== Run finished: Thu Oct  1 15:30:17 IST 2026 ===
=== Run started: Thu Oct  1 15:40:23 IST 2026 ===
[gh-pages 5530781] Auto-deploy: 2026-10-01T14:40:23Z
 Date: Tue Sep 15 08:43:09 2026 +0100
 4 files changed, 17683 insertions(+)
 create mode 100644 SwiftScheduleParser.log
 create mode 100644 github-swiftschedule-deploy.log
 create mode 100644 index.html
 create mode 100644 logfile
To github-swiftsched:UCD-HEAP/Swift_Schedule.git
 + 57a4fe5...5530781 gh-pages -> gh-pages (forced update)
=== Run finished: Thu Oct  1 15:40:25 IST 2026 ===
=== Run started: Thu Oct  1 15:50:17 IST 2026 ===
[gh-pages b3dfa11] Auto-deploy: 2026-10-01T14:50:17Z
 Date: Tue Sep 15 08:43:09 2026 +0100
 4 files changed, 17694 insertions(+)
 create mode 100644 SwiftScheduleParser.log
 create mode 100644 github-swiftschedule-deploy.log
 create mode 100644 index.html
 create mode 100644 logfile
To github-swiftsched:UCD-HEAP/Swift_Schedule.git
 + 5530781...b3dfa11 gh-pages -> gh-pages (forced update)
=== Run finished: Thu Oct  1 15:50:19 IST 2026 ===
=== Run started: Thu Oct  1 16:00:16 IST 2026 ===
[gh-pages 6bd274a] Auto-deploy: 2026-10-01T15:00:16Z
 Date: Tue Sep 15 08:43:09 2026 +0100
 4 files changed, 17705 insertions(+)
 create mode 100644 SwiftScheduleParser.log
 create mode 100644 github-swiftschedule-deploy.log
 create mode 100644 index.html
 create mode 100644 logfile
To github-swiftsched:UCD-HEAP/Swift_Schedule.git
 + b3dfa11...6bd274a gh-pages -> gh-pages (forced update)
=== Run finished: Thu Oct  1 16:00:18 IST 2026 ===
=== Run started: Thu Oct  1 16:10:18 IST 2026 ===
[gh-pages bcf66b2] Auto-deploy: 2026-10-01T15:10:18Z
 Date: Tue Sep 15 08:43:09 2026 +0100
 4 files changed, 17716 insertions(+)
 create mode 100644 SwiftScheduleParser.log
 create mode 100644 github-swiftschedule-deploy.log
 create mode 100644 index.html
 create mode 100644 logfile
To github-swiftsched:UCD-HEAP/Swift_Schedule.git
 + 6bd274a...bcf66b2 gh-pages -> gh-pages (forced update)
=== Run finished: Thu Oct  1 16:10:20 IST 2026 ===
=== Run started: Thu Oct  1 16:20:15 IST 2026 ===
[gh-pages 8a93743] Auto-deploy: 2026-10-01T15:20:15Z
 Date: Tue Sep 15 08:43:09 2026 +0100
 4 files changed, 17727 insertions(+)
 create mode 100644 SwiftScheduleParser.log
 create mode 100644 github-swiftschedule-deploy.log
 create mode 100644 index.html
 create mode 100644 logfile
To github-swiftsched:UCD-HEAP/Swift_Schedule.git
 + bcf66b2...8a93743 gh-pages -> gh-pages (forced update)
=== Run finished: Thu Oct  1 16:20:17 IST 2026 ===
=== Run started: Thu Oct  1 16:30:18 IST 2026 ===
[gh-pages a88ce15] Auto-deploy: 2026-10-01T15:30:18Z
 Date: Tue Sep 15 08:43:09 2026 +0100
 4 files changed, 17738 insertions(+)
 create mode 100644 SwiftScheduleParser.log
 create mode 100644 github-swiftschedule-deploy.log
 create mode 100644 index.html
 create mode 100644 logfile
To github-swiftsched:UCD-HEAP/Swift_Schedule.git
 + 8a93743...a88ce15 gh-pages -> gh-pages (forced update)
=== Run finished: Thu Oct  1 16:30:20 IST 2026 ===
=== Run started: Thu Oct  1 16:40:15 IST 2026 ===
[gh-pages 5e43a48] Auto-deploy: 2026-10-01T15:40:15Z
 Date: Tue Sep 15 08:43:09 2026 +0100
 4 files changed, 17749 insertions(+)
 create mode 100644 SwiftScheduleParser.log
 create mode 100644 github-swiftschedule-deploy.log
 create mode 100644 index.html
 create mode 100644 logfile
To github-swiftsched:UCD-HEAP/Swift_Schedule.git
 + a88ce15...5e43a48 gh-pages -> gh-pages (forced update)
=== Run finished: Thu Oct  1 16:40:16 IST 2026 ===
=== Run started: Thu Oct  1 16:50:19 IST 2026 ===
[gh-pages 45c3d9e] Auto-deploy: 2026-10-01T15:50:19Z
 Date: Tue Sep 15 08:43:09 2026 +0100
 4 files changed, 17760 insertions(+)
 create mode 100644 SwiftScheduleParser.log
 create mode 100644 github-swiftschedule-deploy.log
 create mode 100644 index.html
 create mode 100644 logfile
To github-swiftsched:UCD-HEAP/Swift_Schedule.git
 + 5e43a48...45c3d9e gh-pages -> gh-pages (forced update)
=== Run finished: Thu Oct  1 16:50:21 IST 2026 ===
=== Run started: Thu Oct  1 17:00:15 IST 2026 ===
[gh-pages 75555f4] Auto-deploy: 2026-10-01T16:00:15Z
 Date: Tue Sep 15 08:43:09 2026 +0100
 4 files changed, 17771 insertions(+)
 create mode 100644 SwiftScheduleParser.log
 create mode 100644 github-swiftschedule-deploy.log
 create mode 100644 index.html
 create mode 100644 logfile
To github-swiftsched:UCD-HEAP/Swift_Schedule.git
 + 45c3d9e...75555f4 gh-pages -> gh-pages (forced update)
=== Run finished: Thu Oct  1 17:00:17 IST 2026 ===
=== Run started: Thu Oct  1 17:10:16 IST 2026 ===
[gh-pages 4a98149] Auto-deploy: 2026-10-01T16:10:16Z
 Date: Tue Sep 15 08:43:09 2026 +0100
 4 files changed, 17782 insertions(+)
 create mode 100644 SwiftScheduleParser.log
 create mode 100644 github-swiftschedule-deploy.log
 create mode 100644 index.html
 create mode 100644 logfile
To github-swiftsched:UCD-HEAP/Swift_Schedule.git
 + 75555f4...4a98149 gh-pages -> gh-pages (forced update)
=== Run finished: Thu Oct  1 17:10:18 IST 2026 ===
=== Run started: Thu Oct  1 17:20:17 IST 2026 ===
[gh-pages fe53535] Auto-deploy: 2026-10-01T16:20:17Z
 Date: Tue Sep 15 08:43:09 2026 +0100
 4 files changed, 17793 insertions(+)
 create mode 100644 SwiftScheduleParser.log
 create mode 100644 github-swiftschedule-deploy.log
 create mode 100644 index.html
 create mode 100644 logfile
To github-swiftsched:UCD-HEAP/Swift_Schedule.git
 + 4a98149...fe53535 gh-pages -> gh-pages (forced update)
=== Run finished: Thu Oct  1 17:20:19 IST 2026 ===
=== Run started: Thu Oct  1 17:30:16 IST 2026 ===
[gh-pages 512953e] Auto-deploy: 2026-10-01T16:30:16Z
 Date: Tue Sep 15 08:43:09 2026 +0100
 4 files changed, 17804 insertions(+)
 create mode 100644 SwiftScheduleParser.log
 create mode 100644 github-swiftschedule-deploy.log
 create mode 100644 index.html
 create mode 100644 logfile
To github-swiftsched:UCD-HEAP/Swift_Schedule.git
 + fe53535...512953e gh-pages -> gh-pages (forced update)
=== Run finished: Thu Oct  1 17:30:18 IST 2026 ===
=== Run started: Thu Oct  1 17:40:18 IST 2026 ===
Auto packing the repository in background for optimum performance.
See "git help gc" for manual housekeeping.
[gh-pages 170d544] Auto-deploy: 2026-10-01T16:40:18Z
 Date: Tue Sep 15 08:43:09 2026 +0100
 4 files changed, 17817 insertions(+)
 create mode 100644 SwiftScheduleParser.log
 create mode 100644 github-swiftschedule-deploy.log
 create mode 100644 index.html
 create mode 100644 logfile
To github-swiftsched:UCD-HEAP/Swift_Schedule.git
 + 512953e...170d544 gh-pages -> gh-pages (forced update)
=== Run finished: Thu Oct  1 17:40:20 IST 2026 ===
=== Run started: Thu Oct  1 17:50:17 IST 2026 ===
[gh-pages 7138185] Auto-deploy: 2026-10-01T16:50:17Z
 Date: Tue Sep 15 08:43:09 2026 +0100
 4 files changed, 17828 insertions(+)
 create mode 100644 SwiftScheduleParser.log
 create mode 100644 github-swiftschedule-deploy.log
 create mode 100644 index.html
 create mode 100644 logfile
To github-swiftsched:UCD-HEAP/Swift_Schedule.git
 + 170d544...7138185 gh-pages -> gh-pages (forced update)
=== Run finished: Thu Oct  1 17:50:19 IST 2026 ===
=== Run started: Thu Oct  1 18:00:16 IST 2026 ===
[gh-pages b21a999] Auto-deploy: 2026-10-01T17:00:16Z
 Date: Tue Sep 15 08:43:09 2026 +0100
 4 files changed, 17839 insertions(+)
 create mode 100644 SwiftScheduleParser.log
 create mode 100644 github-swiftschedule-deploy.log
 create mode 100644 index.html
 create mode 100644 logfile
To github-swiftsched:UCD-HEAP/Swift_Schedule.git
 + 7138185...b21a999 gh-pages -> gh-pages (forced update)
=== Run finished: Thu Oct  1 18:00:18 IST 2026 ===
=== Run started: Thu Oct  1 18:10:20 IST 2026 ===
[gh-pages 7935df1] Auto-deploy: 2026-10-01T17:10:20Z
 Date: Tue Sep 15 08:43:09 2026 +0100
 4 files changed, 17850 insertions(+)
 create mode 100644 SwiftScheduleParser.log
 create mode 100644 github-swiftschedule-deploy.log
 create mode 100644 index.html
 create mode 100644 logfile
To github-swiftsched:UCD-HEAP/Swift_Schedule.git
 + b21a999...7935df1 gh-pages -> gh-pages (forced update)
=== Run finished: Thu Oct  1 18:10:22 IST 2026 ===
=== Run started: Thu Oct  1 18:20:15 IST 2026 ===
[gh-pages 1c8d7b7] Auto-deploy: 2026-10-01T17:20:15Z
 Date: Tue Sep 15 08:43:09 2026 +0100
 4 files changed, 17861 insertions(+)
 create mode 100644 SwiftScheduleParser.log
 create mode 100644 github-swiftschedule-deploy.log
 create mode 100644 index.html
 create mode 100644 logfile
To github-swiftsched:UCD-HEAP/Swift_Schedule.git
 + 7935df1...1c8d7b7 gh-pages -> gh-pages (forced update)
=== Run finished: Thu Oct  1 18:20:17 IST 2026 ===
=== Run started: Thu Oct  1 18:30:18 IST 2026 ===
[gh-pages 5dc68f4] Auto-deploy: 2026-10-01T17:30:18Z
 Date: Tue Sep 15 08:43:09 2026 +0100
 4 files changed, 17872 insertions(+)
 create mode 100644 SwiftScheduleParser.log
 create mode 100644 github-swiftschedule-deploy.log
 create mode 100644 index.html
 create mode 100644 logfile
To github-swiftsched:UCD-HEAP/Swift_Schedule.git
 + 1c8d7b7...5dc68f4 gh-pages -> gh-pages (forced update)
=== Run finished: Thu Oct  1 18:30:20 IST 2026 ===
=== Run started: Thu Oct  1 18:40:19 IST 2026 ===
[gh-pages 4021d24] Auto-deploy: 2026-10-01T17:40:20Z
 Date: Tue Sep 15 08:43:09 2026 +0100
 4 files changed, 17883 insertions(+)
 create mode 100644 SwiftScheduleParser.log
 create mode 100644 github-swiftschedule-deploy.log
 create mode 100644 index.html
 create mode 100644 logfile
To github-swiftsched:UCD-HEAP/Swift_Schedule.git
 + 5dc68f4...4021d24 gh-pages -> gh-pages (forced update)
=== Run finished: Thu Oct  1 18:40:21 IST 2026 ===
=== Run started: Thu Oct  1 18:50:17 IST 2026 ===
[gh-pages c59b941] Auto-deploy: 2026-10-01T17:50:17Z
 Date: Tue Sep 15 08:43:09 2026 +0100
 4 files changed, 17894 insertions(+)
 create mode 100644 SwiftScheduleParser.log
 create mode 100644 github-swiftschedule-deploy.log
 create mode 100644 index.html
 create mode 100644 logfile
To github-swiftsched:UCD-HEAP/Swift_Schedule.git
 + 4021d24...c59b941 gh-pages -> gh-pages (forced update)
=== Run finished: Thu Oct  1 18:50:18 IST 2026 ===
=== Run started: Thu Oct  1 19:00:18 IST 2026 ===
[gh-pages 06f5a21] Auto-deploy: 2026-10-01T18:00:18Z
 Date: Tue Sep 15 08:43:09 2026 +0100
 4 files changed, 17905 insertions(+)
 create mode 100644 SwiftScheduleParser.log
 create mode 100644 github-swiftschedule-deploy.log
 create mode 100644 index.html
 create mode 100644 logfile
To github-swiftsched:UCD-HEAP/Swift_Schedule.git
 + c59b941...06f5a21 gh-pages -> gh-pages (forced update)
=== Run finished: Thu Oct  1 19:00:20 IST 2026 ===
=== Run started: Thu Oct  1 19:10:17 IST 2026 ===
[gh-pages f5c039c] Auto-deploy: 2026-10-01T18:10:17Z
 Date: Tue Sep 15 08:43:09 2026 +0100
 4 files changed, 17916 insertions(+)
 create mode 100644 SwiftScheduleParser.log
 create mode 100644 github-swiftschedule-deploy.log
 create mode 100644 index.html
 create mode 100644 logfile
To github-swiftsched:UCD-HEAP/Swift_Schedule.git
 + 06f5a21...f5c039c gh-pages -> gh-pages (forced update)
=== Run finished: Thu Oct  1 19:10:19 IST 2026 ===
=== Run started: Thu Oct  1 19:20:16 IST 2026 ===
[gh-pages 26b8b95] Auto-deploy: 2026-10-01T18:20:16Z
 Date: Tue Sep 15 08:43:09 2026 +0100
 4 files changed, 17927 insertions(+)
 create mode 100644 SwiftScheduleParser.log
 create mode 100644 github-swiftschedule-deploy.log
 create mode 100644 index.html
 create mode 100644 logfile
To github-swiftsched:UCD-HEAP/Swift_Schedule.git
 + f5c039c...26b8b95 gh-pages -> gh-pages (forced update)
=== Run finished: Thu Oct  1 19:20:18 IST 2026 ===
=== Run started: Thu Oct  1 19:30:18 IST 2026 ===
[gh-pages f33e69b] Auto-deploy: 2026-10-01T18:30:18Z
 Date: Tue Sep 15 08:43:09 2026 +0100
 4 files changed, 17938 insertions(+)
 create mode 100644 SwiftScheduleParser.log
 create mode 100644 github-swiftschedule-deploy.log
 create mode 100644 index.html
 create mode 100644 logfile
To github-swiftsched:UCD-HEAP/Swift_Schedule.git
 + 26b8b95...f33e69b gh-pages -> gh-pages (forced update)
=== Run finished: Thu Oct  1 19:30:20 IST 2026 ===
=== Run started: Thu Oct  1 19:40:16 IST 2026 ===
[gh-pages 7c2fc19] Auto-deploy: 2026-10-01T18:40:16Z
 Date: Tue Sep 15 08:43:09 2026 +0100
 4 files changed, 17949 insertions(+)
 create mode 100644 SwiftScheduleParser.log
 create mode 100644 github-swiftschedule-deploy.log
 create mode 100644 index.html
 create mode 100644 logfile
To github-swiftsched:UCD-HEAP/Swift_Schedule.git
 + f33e69b...7c2fc19 gh-pages -> gh-pages (forced update)
=== Run finished: Thu Oct  1 19:40:18 IST 2026 ===
=== Run started: Thu Oct  1 19:50:20 IST 2026 ===
[gh-pages 174e1a3] Auto-deploy: 2026-10-01T18:50:20Z
 Date: Tue Sep 15 08:43:09 2026 +0100
 4 files changed, 17960 insertions(+)
 create mode 100644 SwiftScheduleParser.log
 create mode 100644 github-swiftschedule-deploy.log
 create mode 100644 index.html
 create mode 100644 logfile
To github-swiftsched:UCD-HEAP/Swift_Schedule.git
 + 7c2fc19...174e1a3 gh-pages -> gh-pages (forced update)
=== Run finished: Thu Oct  1 19:50:22 IST 2026 ===
=== Run started: Thu Oct  1 20:00:16 IST 2026 ===
[gh-pages 8c2bed1] Auto-deploy: 2026-10-01T19:00:17Z
 Date: Tue Sep 15 08:43:09 2026 +0100
 4 files changed, 17971 insertions(+)
 create mode 100644 SwiftScheduleParser.log
 create mode 100644 github-swiftschedule-deploy.log
 create mode 100644 index.html
 create mode 100644 logfile
To github-swiftsched:UCD-HEAP/Swift_Schedule.git
 + 174e1a3...8c2bed1 gh-pages -> gh-pages (forced update)
=== Run finished: Thu Oct  1 20:00:18 IST 2026 ===
=== Run started: Thu Oct  1 20:10:17 IST 2026 ===
[gh-pages e3c996e] Auto-deploy: 2026-10-01T19:10:17Z
 Date: Tue Sep 15 08:43:09 2026 +0100
 4 files changed, 17982 insertions(+)
 create mode 100644 SwiftScheduleParser.log
 create mode 100644 github-swiftschedule-deploy.log
 create mode 100644 index.html
 create mode 100644 logfile
To github-swiftsched:UCD-HEAP/Swift_Schedule.git
 + 8c2bed1...e3c996e gh-pages -> gh-pages (forced update)
=== Run finished: Thu Oct  1 20:10:19 IST 2026 ===
=== Run started: Thu Oct  1 20:20:17 IST 2026 ===
[gh-pages 7a9ea51] Auto-deploy: 2026-10-01T19:20:17Z
 Date: Tue Sep 15 08:43:09 2026 +0100
 4 files changed, 17993 insertions(+)
 create mode 100644 SwiftScheduleParser.log
 create mode 100644 github-swiftschedule-deploy.log
 create mode 100644 index.html
 create mode 100644 logfile
To github-swiftsched:UCD-HEAP/Swift_Schedule.git
 + e3c996e...7a9ea51 gh-pages -> gh-pages (forced update)
=== Run finished: Thu Oct  1 20:20:19 IST 2026 ===
=== Run started: Thu Oct  1 20:30:19 IST 2026 ===
[gh-pages 449daca] Auto-deploy: 2026-10-01T19:30:19Z
 Date: Tue Sep 15 08:43:09 2026 +0100
 4 files changed, 18026 insertions(+)
 create mode 100644 SwiftScheduleParser.log
 create mode 100644 github-swiftschedule-deploy.log
 create mode 100644 index.html
 create mode 100644 logfile
To github-swiftsched:UCD-HEAP/Swift_Schedule.git
 + 7a9ea51...449daca gh-pages -> gh-pages (forced update)
=== Run finished: Thu Oct  1 20:30:21 IST 2026 ===
=== Run started: Thu Oct  1 20:40:15 IST 2026 ===
[gh-pages 6194fce] Auto-deploy: 2026-10-01T19:40:15Z
 Date: Tue Sep 15 08:43:09 2026 +0100
 4 files changed, 18037 insertions(+)
 create mode 100644 SwiftScheduleParser.log
 create mode 100644 github-swiftschedule-deploy.log
 create mode 100644 index.html
 create mode 100644 logfile
To github-swiftsched:UCD-HEAP/Swift_Schedule.git
 + 449daca...6194fce gh-pages -> gh-pages (forced update)
=== Run finished: Thu Oct  1 20:40:17 IST 2026 ===
=== Run started: Thu Oct  1 20:50:18 IST 2026 ===
[gh-pages 59eaf2f] Auto-deploy: 2026-10-01T19:50:18Z
 Date: Tue Sep 15 08:43:09 2026 +0100
 4 files changed, 18048 insertions(+)
 create mode 100644 SwiftScheduleParser.log
 create mode 100644 github-swiftschedule-deploy.log
 create mode 100644 index.html
 create mode 100644 logfile
To github-swiftsched:UCD-HEAP/Swift_Schedule.git
 + 6194fce...59eaf2f gh-pages -> gh-pages (forced update)
=== Run finished: Thu Oct  1 20:50:20 IST 2026 ===
=== Run started: Thu Oct  1 21:00:15 IST 2026 ===
[gh-pages f3e80ab] Auto-deploy: 2026-10-01T20:00:15Z
 Date: Tue Sep 15 08:43:09 2026 +0100
 4 files changed, 18059 insertions(+)
 create mode 100644 SwiftScheduleParser.log
 create mode 100644 github-swiftschedule-deploy.log
 create mode 100644 index.html
 create mode 100644 logfile
To github-swiftsched:UCD-HEAP/Swift_Schedule.git
 + 59eaf2f...f3e80ab gh-pages -> gh-pages (forced update)
=== Run finished: Thu Oct  1 21:00:17 IST 2026 ===
=== Run started: Thu Oct  1 21:10:18 IST 2026 ===
[gh-pages 42f9ee9] Auto-deploy: 2026-10-01T20:10:19Z
 Date: Tue Sep 15 08:43:09 2026 +0100
 4 files changed, 18070 insertions(+)
 create mode 100644 SwiftScheduleParser.log
 create mode 100644 github-swiftschedule-deploy.log
 create mode 100644 index.html
 create mode 100644 logfile
To github-swiftsched:UCD-HEAP/Swift_Schedule.git
 + f3e80ab...42f9ee9 gh-pages -> gh-pages (forced update)
=== Run finished: Thu Oct  1 21:10:20 IST 2026 ===
=== Run started: Thu Oct  1 21:20:18 IST 2026 ===
[gh-pages ddaaffe] Auto-deploy: 2026-10-01T20:20:18Z
 Date: Tue Sep 15 08:43:09 2026 +0100
 4 files changed, 18081 insertions(+)
 create mode 100644 SwiftScheduleParser.log
 create mode 100644 github-swiftschedule-deploy.log
 create mode 100644 index.html
 create mode 100644 logfile
To github-swiftsched:UCD-HEAP/Swift_Schedule.git
 + 42f9ee9...ddaaffe gh-pages -> gh-pages (forced update)
=== Run finished: Thu Oct  1 21:20:19 IST 2026 ===
=== Run started: Thu Oct  1 21:30:16 IST 2026 ===
[gh-pages 875f114] Auto-deploy: 2026-10-01T20:30:16Z
 Date: Tue Sep 15 08:43:09 2026 +0100
 4 files changed, 18092 insertions(+)
 create mode 100644 SwiftScheduleParser.log
 create mode 100644 github-swiftschedule-deploy.log
 create mode 100644 index.html
 create mode 100644 logfile
To github-swiftsched:UCD-HEAP/Swift_Schedule.git
 + ddaaffe...875f114 gh-pages -> gh-pages (forced update)
=== Run finished: Thu Oct  1 21:30:17 IST 2026 ===
=== Run started: Thu Oct  1 21:40:19 IST 2026 ===
[gh-pages cb12b0f] Auto-deploy: 2026-10-01T20:40:19Z
 Date: Tue Sep 15 08:43:09 2026 +0100
 4 files changed, 18103 insertions(+)
 create mode 100644 SwiftScheduleParser.log
 create mode 100644 github-swiftschedule-deploy.log
 create mode 100644 index.html
 create mode 100644 logfile
To github-swiftsched:UCD-HEAP/Swift_Schedule.git
 + 875f114...cb12b0f gh-pages -> gh-pages (forced update)
=== Run finished: Thu Oct  1 21:40:20 IST 2026 ===
=== Run started: Thu Oct  1 21:50:19 IST 2026 ===
[gh-pages a9c3fdf] Auto-deploy: 2026-10-01T20:50:19Z
 Date: Tue Sep 15 08:43:09 2026 +0100
 4 files changed, 18114 insertions(+)
 create mode 100644 SwiftScheduleParser.log
 create mode 100644 github-swiftschedule-deploy.log
 create mode 100644 index.html
 create mode 100644 logfile
To github-swiftsched:UCD-HEAP/Swift_Schedule.git
 + cb12b0f...a9c3fdf gh-pages -> gh-pages (forced update)
=== Run finished: Thu Oct  1 21:50:20 IST 2026 ===
=== Run started: Thu Oct  1 22:00:15 IST 2026 ===
[gh-pages 5aade29] Auto-deploy: 2026-10-01T21:00:15Z
 Date: Tue Sep 15 08:43:09 2026 +0100
 4 files changed, 18125 insertions(+)
 create mode 100644 SwiftScheduleParser.log
 create mode 100644 github-swiftschedule-deploy.log
 create mode 100644 index.html
 create mode 100644 logfile
To github-swiftsched:UCD-HEAP/Swift_Schedule.git
 + a9c3fdf...5aade29 gh-pages -> gh-pages (forced update)
=== Run finished: Thu Oct  1 22:00:17 IST 2026 ===
=== Run started: Thu Oct  1 22:10:18 IST 2026 ===
[gh-pages 1b5ea3b] Auto-deploy: 2026-10-01T21:10:18Z
 Date: Tue Sep 15 08:43:09 2026 +0100
 4 files changed, 18136 insertions(+)
 create mode 100644 SwiftScheduleParser.log
 create mode 100644 github-swiftschedule-deploy.log
 create mode 100644 index.html
 create mode 100644 logfile
To github-swiftsched:UCD-HEAP/Swift_Schedule.git
 + 5aade29...1b5ea3b gh-pages -> gh-pages (forced update)
=== Run finished: Thu Oct  1 22:10:20 IST 2026 ===
=== Run started: Thu Oct  1 22:20:15 IST 2026 ===
[gh-pages 2420d94] Auto-deploy: 2026-10-01T21:20:15Z
 Date: Tue Sep 15 08:43:09 2026 +0100
 4 files changed, 18147 insertions(+)
 create mode 100644 SwiftScheduleParser.log
 create mode 100644 github-swiftschedule-deploy.log
 create mode 100644 index.html
 create mode 100644 logfile
To github-swiftsched:UCD-HEAP/Swift_Schedule.git
 + 1b5ea3b...2420d94 gh-pages -> gh-pages (forced update)
=== Run finished: Thu Oct  1 22:20:16 IST 2026 ===
=== Run started: Thu Oct  1 22:30:17 IST 2026 ===
[gh-pages c268bfd] Auto-deploy: 2026-10-01T21:30:17Z
 Date: Tue Sep 15 08:43:09 2026 +0100
 4 files changed, 18158 insertions(+)
 create mode 100644 SwiftScheduleParser.log
 create mode 100644 github-swiftschedule-deploy.log
 create mode 100644 index.html
 create mode 100644 logfile
To github-swiftsched:UCD-HEAP/Swift_Schedule.git
 + 2420d94...c268bfd gh-pages -> gh-pages (forced update)
=== Run finished: Thu Oct  1 22:30:19 IST 2026 ===
=== Run started: Thu Oct  1 22:40:15 IST 2026 ===
[gh-pages 97785e3] Auto-deploy: 2026-10-01T21:40:15Z
 Date: Tue Sep 15 08:43:09 2026 +0100
 4 files changed, 18169 insertions(+)
 create mode 100644 SwiftScheduleParser.log
 create mode 100644 github-swiftschedule-deploy.log
 create mode 100644 index.html
 create mode 100644 logfile
To github-swiftsched:UCD-HEAP/Swift_Schedule.git
 + c268bfd...97785e3 gh-pages -> gh-pages (forced update)
=== Run finished: Thu Oct  1 22:40:17 IST 2026 ===
=== Run started: Thu Oct  1 22:50:18 IST 2026 ===
[gh-pages ed533d0] Auto-deploy: 2026-10-01T21:50:18Z
 Date: Tue Sep 15 08:43:09 2026 +0100
 4 files changed, 18180 insertions(+)
 create mode 100644 SwiftScheduleParser.log
 create mode 100644 github-swiftschedule-deploy.log
 create mode 100644 index.html
 create mode 100644 logfile
To github-swiftsched:UCD-HEAP/Swift_Schedule.git
 + 97785e3...ed533d0 gh-pages -> gh-pages (forced update)
=== Run finished: Thu Oct  1 22:50:19 IST 2026 ===
=== Run started: Thu Oct  1 23:00:15 IST 2026 ===
[gh-pages 99aafe9] Auto-deploy: 2026-10-01T22:00:15Z
 Date: Tue Sep 15 08:43:09 2026 +0100
 4 files changed, 18191 insertions(+)
 create mode 100644 SwiftScheduleParser.log
 create mode 100644 github-swiftschedule-deploy.log
 create mode 100644 index.html
 create mode 100644 logfile
To github-swiftsched:UCD-HEAP/Swift_Schedule.git
 + ed533d0...99aafe9 gh-pages -> gh-pages (forced update)
=== Run finished: Thu Oct  1 23:00:17 IST 2026 ===
=== Run started: Thu Oct  1 23:10:18 IST 2026 ===
[gh-pages d8c1ba3] Auto-deploy: 2026-10-01T22:10:18Z
 Date: Tue Sep 15 08:43:09 2026 +0100
 4 files changed, 18202 insertions(+)
 create mode 100644 SwiftScheduleParser.log
 create mode 100644 github-swiftschedule-deploy.log
 create mode 100644 index.html
 create mode 100644 logfile
To github-swiftsched:UCD-HEAP/Swift_Schedule.git
 + 99aafe9...d8c1ba3 gh-pages -> gh-pages (forced update)
=== Run finished: Thu Oct  1 23:10:19 IST 2026 ===
=== Run started: Thu Oct  1 23:20:19 IST 2026 ===
[gh-pages c65450a] Auto-deploy: 2026-10-01T22:20:19Z
 Date: Tue Sep 15 08:43:09 2026 +0100
 4 files changed, 18213 insertions(+)
 create mode 100644 SwiftScheduleParser.log
 create mode 100644 github-swiftschedule-deploy.log
 create mode 100644 index.html
 create mode 100644 logfile
To github-swiftsched:UCD-HEAP/Swift_Schedule.git
 + d8c1ba3...c65450a gh-pages -> gh-pages (forced update)
=== Run finished: Thu Oct  1 23:20:21 IST 2026 ===
=== Run started: Thu Oct  1 23:30:15 IST 2026 ===
[gh-pages 46b846d] Auto-deploy: 2026-10-01T22:30:15Z
 Date: Tue Sep 15 08:43:09 2026 +0100
 4 files changed, 18224 insertions(+)
 create mode 100644 SwiftScheduleParser.log
 create mode 100644 github-swiftschedule-deploy.log
 create mode 100644 index.html
 create mode 100644 logfile
To github-swiftsched:UCD-HEAP/Swift_Schedule.git
 + c65450a...46b846d gh-pages -> gh-pages (forced update)
=== Run finished: Thu Oct  1 23:30:17 IST 2026 ===
=== Run started: Thu Oct  1 23:40:18 IST 2026 ===
[gh-pages 1aa3cc9] Auto-deploy: 2026-10-01T22:40:18Z
 Date: Tue Sep 15 08:43:09 2026 +0100
 4 files changed, 18235 insertions(+)
 create mode 100644 SwiftScheduleParser.log
 create mode 100644 github-swiftschedule-deploy.log
 create mode 100644 index.html
 create mode 100644 logfile
To github-swiftsched:UCD-HEAP/Swift_Schedule.git
 + 46b846d...1aa3cc9 gh-pages -> gh-pages (forced update)
=== Run finished: Thu Oct  1 23:40:20 IST 2026 ===
=== Run started: Thu Oct  1 23:50:15 IST 2026 ===
[gh-pages 1ebf810] Auto-deploy: 2026-10-01T22:50:15Z
 Date: Tue Sep 15 08:43:09 2026 +0100
 4 files changed, 18246 insertions(+)
 create mode 100644 SwiftScheduleParser.log
 create mode 100644 github-swiftschedule-deploy.log
 create mode 100644 index.html
 create mode 100644 logfile
To github-swiftsched:UCD-HEAP/Swift_Schedule.git
 + 1aa3cc9...1ebf810 gh-pages -> gh-pages (forced update)
=== Run finished: Thu Oct  1 23:50:17 IST 2026 ===
=== Run started: Fri Oct  2 00:00:18 IST 2026 ===
[gh-pages 9245b2d] Auto-deploy: 2026-10-01T23:00:18Z
 Date: Tue Sep 15 08:43:09 2026 +0100
 4 files changed, 18257 insertions(+)
 create mode 100644 SwiftScheduleParser.log
 create mode 100644 github-swiftschedule-deploy.log
 create mode 100644 index.html
 create mode 100644 logfile
To github-swiftsched:UCD-HEAP/Swift_Schedule.git
 + 1ebf810...9245b2d gh-pages -> gh-pages (forced update)
=== Run finished: Fri Oct  2 00:00:20 IST 2026 ===
=== Run started: Fri Oct  2 00:10:15 IST 2026 ===
[gh-pages 7ed5d93] Auto-deploy: 2026-10-01T23:10:16Z
 Date: Tue Sep 15 08:43:09 2026 +0100
 4 files changed, 18268 insertions(+)
 create mode 100644 SwiftScheduleParser.log
 create mode 100644 github-swiftschedule-deploy.log
 create mode 100644 index.html
 create mode 100644 logfile
To github-swiftsched:UCD-HEAP/Swift_Schedule.git
 + 9245b2d...7ed5d93 gh-pages -> gh-pages (forced update)
=== Run finished: Fri Oct  2 00:10:17 IST 2026 ===
=== Run started: Fri Oct  2 00:20:17 IST 2026 ===
[gh-pages 0e4d733] Auto-deploy: 2026-10-01T23:20:17Z
 Date: Tue Sep 15 08:43:09 2026 +0100
 4 files changed, 18279 insertions(+)
 create mode 100644 SwiftScheduleParser.log
 create mode 100644 github-swiftschedule-deploy.log
 create mode 100644 index.html
 create mode 100644 logfile
To github-swiftsched:UCD-HEAP/Swift_Schedule.git
 + 7ed5d93...0e4d733 gh-pages -> gh-pages (forced update)
=== Run finished: Fri Oct  2 00:20:19 IST 2026 ===
=== Run started: Fri Oct  2 00:30:18 IST 2026 ===
[gh-pages 3b975c8] Auto-deploy: 2026-10-01T23:30:18Z
 Date: Tue Sep 15 08:43:09 2026 +0100
 4 files changed, 18290 insertions(+)
 create mode 100644 SwiftScheduleParser.log
 create mode 100644 github-swiftschedule-deploy.log
 create mode 100644 index.html
 create mode 100644 logfile
To github-swiftsched:UCD-HEAP/Swift_Schedule.git
 + 0e4d733...3b975c8 gh-pages -> gh-pages (forced update)
=== Run finished: Fri Oct  2 00:30:22 IST 2026 ===
=== Run started: Fri Oct  2 00:40:15 IST 2026 ===
[gh-pages 06539a6] Auto-deploy: 2026-10-01T23:40:15Z
 Date: Tue Sep 15 08:43:09 2026 +0100
 4 files changed, 18301 insertions(+)
 create mode 100644 SwiftScheduleParser.log
 create mode 100644 github-swiftschedule-deploy.log
 create mode 100644 index.html
 create mode 100644 logfile
To github-swiftsched:UCD-HEAP/Swift_Schedule.git
 + 3b975c8...06539a6 gh-pages -> gh-pages (forced update)
=== Run finished: Fri Oct  2 00:40:17 IST 2026 ===
=== Run started: Fri Oct  2 00:50:18 IST 2026 ===
[gh-pages 4d9bb54] Auto-deploy: 2026-10-01T23:50:18Z
 Date: Tue Sep 15 08:43:09 2026 +0100
 4 files changed, 18312 insertions(+)
 create mode 100644 SwiftScheduleParser.log
 create mode 100644 github-swiftschedule-deploy.log
 create mode 100644 index.html
 create mode 100644 logfile
To github-swiftsched:UCD-HEAP/Swift_Schedule.git
 + 06539a6...4d9bb54 gh-pages -> gh-pages (forced update)
=== Run finished: Fri Oct  2 00:50:20 IST 2026 ===
=== Run started: Fri Oct  2 01:00:16 IST 2026 ===
[gh-pages c7a3fc6] Auto-deploy: 2026-10-02T00:00:16Z
 Date: Tue Sep 15 08:43:09 2026 +0100
 4 files changed, 18279 insertions(+)
 create mode 100644 SwiftScheduleParser.log
 create mode 100644 github-swiftschedule-deploy.log
 create mode 100644 index.html
 create mode 100644 logfile
To github-swiftsched:UCD-HEAP/Swift_Schedule.git
 + 4d9bb54...c7a3fc6 gh-pages -> gh-pages (forced update)
=== Run finished: Fri Oct  2 01:00:19 IST 2026 ===
=== Run started: Fri Oct  2 01:10:17 IST 2026 ===
[gh-pages ea9dcce] Auto-deploy: 2026-10-02T00:10:17Z
 Date: Tue Sep 15 08:43:09 2026 +0100
 4 files changed, 18290 insertions(+)
 create mode 100644 SwiftScheduleParser.log
 create mode 100644 github-swiftschedule-deploy.log
 create mode 100644 index.html
 create mode 100644 logfile
To github-swiftsched:UCD-HEAP/Swift_Schedule.git
 + c7a3fc6...ea9dcce gh-pages -> gh-pages (forced update)
=== Run finished: Fri Oct  2 01:10:19 IST 2026 ===
=== Run started: Fri Oct  2 01:20:15 IST 2026 ===
[gh-pages 834caf9] Auto-deploy: 2026-10-02T00:20:15Z
 Date: Tue Sep 15 08:43:09 2026 +0100
 4 files changed, 18301 insertions(+)
 create mode 100644 SwiftScheduleParser.log
 create mode 100644 github-swiftschedule-deploy.log
 create mode 100644 index.html
 create mode 100644 logfile
To github-swiftsched:UCD-HEAP/Swift_Schedule.git
 + ea9dcce...834caf9 gh-pages -> gh-pages (forced update)
=== Run finished: Fri Oct  2 01:20:16 IST 2026 ===
=== Run started: Fri Oct  2 01:30:17 IST 2026 ===
[gh-pages e42410a] Auto-deploy: 2026-10-02T00:30:17Z
 Date: Tue Sep 15 08:43:09 2026 +0100
 4 files changed, 18312 insertions(+)
 create mode 100644 SwiftScheduleParser.log
 create mode 100644 github-swiftschedule-deploy.log
 create mode 100644 index.html
 create mode 100644 logfile
To github-swiftsched:UCD-HEAP/Swift_Schedule.git
 + 834caf9...e42410a gh-pages -> gh-pages (forced update)
=== Run finished: Fri Oct  2 01:30:19 IST 2026 ===
=== Run started: Fri Oct  2 01:40:17 IST 2026 ===
[gh-pages dcac6ca] Auto-deploy: 2026-10-02T00:40:18Z
 Date: Tue Sep 15 08:43:09 2026 +0100
 4 files changed, 18323 insertions(+)
 create mode 100644 SwiftScheduleParser.log
 create mode 100644 github-swiftschedule-deploy.log
 create mode 100644 index.html
 create mode 100644 logfile
To github-swiftsched:UCD-HEAP/Swift_Schedule.git
 + e42410a...dcac6ca gh-pages -> gh-pages (forced update)
=== Run finished: Fri Oct  2 01:40:19 IST 2026 ===
=== Run started: Fri Oct  2 01:50:15 IST 2026 ===
[gh-pages 0e41e37] Auto-deploy: 2026-10-02T00:50:15Z
 Date: Tue Sep 15 08:43:09 2026 +0100
 4 files changed, 18334 insertions(+)
 create mode 100644 SwiftScheduleParser.log
 create mode 100644 github-swiftschedule-deploy.log
 create mode 100644 index.html
 create mode 100644 logfile
To github-swiftsched:UCD-HEAP/Swift_Schedule.git
 + dcac6ca...0e41e37 gh-pages -> gh-pages (forced update)
=== Run finished: Fri Oct  2 01:50:17 IST 2026 ===
=== Run started: Fri Oct  2 02:00:17 IST 2026 ===
[gh-pages e2a99b2] Auto-deploy: 2026-10-02T01:00:17Z
 Date: Tue Sep 15 08:43:09 2026 +0100
 4 files changed, 18345 insertions(+)
 create mode 100644 SwiftScheduleParser.log
 create mode 100644 github-swiftschedule-deploy.log
 create mode 100644 index.html
 create mode 100644 logfile
To github-swiftsched:UCD-HEAP/Swift_Schedule.git
 + 0e41e37...e2a99b2 gh-pages -> gh-pages (forced update)
=== Run finished: Fri Oct  2 02:00:19 IST 2026 ===
=== Run started: Fri Oct  2 02:10:15 IST 2026 ===
[gh-pages 37f40fd] Auto-deploy: 2026-10-02T01:10:15Z
 Date: Tue Sep 15 08:43:09 2026 +0100
 4 files changed, 18356 insertions(+)
 create mode 100644 SwiftScheduleParser.log
 create mode 100644 github-swiftschedule-deploy.log
 create mode 100644 index.html
 create mode 100644 logfile
To github-swiftsched:UCD-HEAP/Swift_Schedule.git
 + e2a99b2...37f40fd gh-pages -> gh-pages (forced update)
=== Run finished: Fri Oct  2 02:10:17 IST 2026 ===
=== Run started: Fri Oct  2 02:20:16 IST 2026 ===
[gh-pages 9b1b52f] Auto-deploy: 2026-10-02T01:20:16Z
 Date: Tue Sep 15 08:43:09 2026 +0100
 4 files changed, 18367 insertions(+)
 create mode 100644 SwiftScheduleParser.log
 create mode 100644 github-swiftschedule-deploy.log
 create mode 100644 index.html
 create mode 100644 logfile
To github-swiftsched:UCD-HEAP/Swift_Schedule.git
 + 37f40fd...9b1b52f gh-pages -> gh-pages (forced update)
=== Run finished: Fri Oct  2 02:20:18 IST 2026 ===
=== Run started: Fri Oct  2 02:30:18 IST 2026 ===
[gh-pages 4022159] Auto-deploy: 2026-10-02T01:30:18Z
 Date: Tue Sep 15 08:43:09 2026 +0100
 4 files changed, 18378 insertions(+)
 create mode 100644 SwiftScheduleParser.log
 create mode 100644 github-swiftschedule-deploy.log
 create mode 100644 index.html
 create mode 100644 logfile
To github-swiftsched:UCD-HEAP/Swift_Schedule.git
 + 9b1b52f...4022159 gh-pages -> gh-pages (forced update)
=== Run finished: Fri Oct  2 02:30:20 IST 2026 ===
=== Run started: Fri Oct  2 02:40:15 IST 2026 ===
[gh-pages 2527d0d] Auto-deploy: 2026-10-02T01:40:15Z
 Date: Tue Sep 15 08:43:09 2026 +0100
 4 files changed, 18389 insertions(+)
 create mode 100644 SwiftScheduleParser.log
 create mode 100644 github-swiftschedule-deploy.log
 create mode 100644 index.html
 create mode 100644 logfile
To github-swiftsched:UCD-HEAP/Swift_Schedule.git
 + 4022159...2527d0d gh-pages -> gh-pages (forced update)
=== Run finished: Fri Oct  2 02:40:16 IST 2026 ===
=== Run started: Fri Oct  2 02:50:18 IST 2026 ===
[gh-pages 062ed7f] Auto-deploy: 2026-10-02T01:50:18Z
 Date: Tue Sep 15 08:43:09 2026 +0100
 4 files changed, 18400 insertions(+)
 create mode 100644 SwiftScheduleParser.log
 create mode 100644 github-swiftschedule-deploy.log
 create mode 100644 index.html
 create mode 100644 logfile
To github-swiftsched:UCD-HEAP/Swift_Schedule.git
 + 2527d0d...062ed7f gh-pages -> gh-pages (forced update)
=== Run finished: Fri Oct  2 02:50:19 IST 2026 ===
=== Run started: Fri Oct  2 03:00:14 IST 2026 ===
[gh-pages d4525e5] Auto-deploy: 2026-10-02T02:00:14Z
 Date: Tue Sep 15 08:43:09 2026 +0100
 4 files changed, 18411 insertions(+)
 create mode 100644 SwiftScheduleParser.log
 create mode 100644 github-swiftschedule-deploy.log
 create mode 100644 index.html
 create mode 100644 logfile
To github-swiftsched:UCD-HEAP/Swift_Schedule.git
 + 062ed7f...d4525e5 gh-pages -> gh-pages (forced update)
=== Run finished: Fri Oct  2 03:00:16 IST 2026 ===
=== Run started: Fri Oct  2 03:10:18 IST 2026 ===
[gh-pages 7f7cda7] Auto-deploy: 2026-10-02T02:10:18Z
 Date: Tue Sep 15 08:43:09 2026 +0100
 4 files changed, 18422 insertions(+)
 create mode 100644 SwiftScheduleParser.log
 create mode 100644 github-swiftschedule-deploy.log
 create mode 100644 index.html
 create mode 100644 logfile
To github-swiftsched:UCD-HEAP/Swift_Schedule.git
 + d4525e5...7f7cda7 gh-pages -> gh-pages (forced update)
=== Run finished: Fri Oct  2 03:10:19 IST 2026 ===
=== Run started: Fri Oct  2 03:20:14 IST 2026 ===
[gh-pages 2de340c] Auto-deploy: 2026-10-02T02:20:14Z
 Date: Tue Sep 15 08:43:09 2026 +0100
 4 files changed, 18433 insertions(+)
 create mode 100644 SwiftScheduleParser.log
 create mode 100644 github-swiftschedule-deploy.log
 create mode 100644 index.html
 create mode 100644 logfile
To github-swiftsched:UCD-HEAP/Swift_Schedule.git
 + 7f7cda7...2de340c gh-pages -> gh-pages (forced update)
=== Run finished: Fri Oct  2 03:20:16 IST 2026 ===
=== Run started: Fri Oct  2 03:30:18 IST 2026 ===
[gh-pages 88fe660] Auto-deploy: 2026-10-02T02:30:18Z
 Date: Tue Sep 15 08:43:09 2026 +0100
 4 files changed, 18444 insertions(+)
 create mode 100644 SwiftScheduleParser.log
 create mode 100644 github-swiftschedule-deploy.log
 create mode 100644 index.html
 create mode 100644 logfile
To github-swiftsched:UCD-HEAP/Swift_Schedule.git
 + 2de340c...88fe660 gh-pages -> gh-pages (forced update)
=== Run finished: Fri Oct  2 03:30:20 IST 2026 ===
=== Run started: Fri Oct  2 03:40:15 IST 2026 ===
[gh-pages 6dcf27f] Auto-deploy: 2026-10-02T02:40:15Z
 Date: Tue Sep 15 08:43:09 2026 +0100
 4 files changed, 18455 insertions(+)
 create mode 100644 SwiftScheduleParser.log
 create mode 100644 github-swiftschedule-deploy.log
 create mode 100644 index.html
 create mode 100644 logfile
To github-swiftsched:UCD-HEAP/Swift_Schedule.git
 + 88fe660...6dcf27f gh-pages -> gh-pages (forced update)
=== Run finished: Fri Oct  2 03:40:17 IST 2026 ===
=== Run started: Fri Oct  2 03:50:18 IST 2026 ===
[gh-pages fc209ed] Auto-deploy: 2026-10-02T02:50:18Z
 Date: Tue Sep 15 08:43:09 2026 +0100
 4 files changed, 18466 insertions(+)
 create mode 100644 SwiftScheduleParser.log
 create mode 100644 github-swiftschedule-deploy.log
 create mode 100644 index.html
 create mode 100644 logfile
To github-swiftsched:UCD-HEAP/Swift_Schedule.git
 + 6dcf27f...fc209ed gh-pages -> gh-pages (forced update)
=== Run finished: Fri Oct  2 03:50:19 IST 2026 ===
=== Run started: Fri Oct  2 04:00:19 IST 2026 ===
[gh-pages 8e3c9fd] Auto-deploy: 2026-10-02T03:00:19Z
 Date: Tue Sep 15 08:43:09 2026 +0100
 4 files changed, 18477 insertions(+)
 create mode 100644 SwiftScheduleParser.log
 create mode 100644 github-swiftschedule-deploy.log
 create mode 100644 index.html
 create mode 100644 logfile
To github-swiftsched:UCD-HEAP/Swift_Schedule.git
 + fc209ed...8e3c9fd gh-pages -> gh-pages (forced update)
=== Run finished: Fri Oct  2 04:00:20 IST 2026 ===
=== Run started: Fri Oct  2 04:10:15 IST 2026 ===
[gh-pages fcb8e17] Auto-deploy: 2026-10-02T03:10:15Z
 Date: Tue Sep 15 08:43:09 2026 +0100
 4 files changed, 18488 insertions(+)
 create mode 100644 SwiftScheduleParser.log
 create mode 100644 github-swiftschedule-deploy.log
 create mode 100644 index.html
 create mode 100644 logfile
To github-swiftsched:UCD-HEAP/Swift_Schedule.git
 + 8e3c9fd...fcb8e17 gh-pages -> gh-pages (forced update)
=== Run finished: Fri Oct  2 04:10:17 IST 2026 ===
=== Run started: Fri Oct  2 04:20:17 IST 2026 ===
[gh-pages 6f5134b] Auto-deploy: 2026-10-02T03:20:17Z
 Date: Tue Sep 15 08:43:09 2026 +0100
 4 files changed, 18499 insertions(+)
 create mode 100644 SwiftScheduleParser.log
 create mode 100644 github-swiftschedule-deploy.log
 create mode 100644 index.html
 create mode 100644 logfile
To github-swiftsched:UCD-HEAP/Swift_Schedule.git
 + fcb8e17...6f5134b gh-pages -> gh-pages (forced update)
=== Run finished: Fri Oct  2 04:20:18 IST 2026 ===
=== Run started: Fri Oct  2 04:30:18 IST 2026 ===
[gh-pages 7f1b0ea] Auto-deploy: 2026-10-02T03:30:18Z
 Date: Tue Sep 15 08:43:09 2026 +0100
 4 files changed, 18510 insertions(+)
 create mode 100644 SwiftScheduleParser.log
 create mode 100644 github-swiftschedule-deploy.log
 create mode 100644 index.html
 create mode 100644 logfile
To github-swiftsched:UCD-HEAP/Swift_Schedule.git
 + 6f5134b...7f1b0ea gh-pages -> gh-pages (forced update)
=== Run finished: Fri Oct  2 04:30:20 IST 2026 ===
=== Run started: Fri Oct  2 04:40:15 IST 2026 ===
[gh-pages d9c2fa2] Auto-deploy: 2026-10-02T03:40:15Z
 Date: Tue Sep 15 08:43:09 2026 +0100
 4 files changed, 18521 insertions(+)
 create mode 100644 SwiftScheduleParser.log
 create mode 100644 github-swiftschedule-deploy.log
 create mode 100644 index.html
 create mode 100644 logfile
To github-swiftsched:UCD-HEAP/Swift_Schedule.git
 + 7f1b0ea...d9c2fa2 gh-pages -> gh-pages (forced update)
=== Run finished: Fri Oct  2 04:40:16 IST 2026 ===
=== Run started: Fri Oct  2 04:50:17 IST 2026 ===
[gh-pages 1faf0bc] Auto-deploy: 2026-10-02T03:50:17Z
 Date: Tue Sep 15 08:43:09 2026 +0100
 4 files changed, 18532 insertions(+)
 create mode 100644 SwiftScheduleParser.log
 create mode 100644 github-swiftschedule-deploy.log
 create mode 100644 index.html
 create mode 100644 logfile
To github-swiftsched:UCD-HEAP/Swift_Schedule.git
 + d9c2fa2...1faf0bc gh-pages -> gh-pages (forced update)
=== Run finished: Fri Oct  2 04:50:19 IST 2026 ===
=== Run started: Fri Oct  2 05:00:17 IST 2026 ===
[gh-pages 1ecc33e] Auto-deploy: 2026-10-02T04:00:17Z
 Date: Tue Sep 15 08:43:09 2026 +0100
 4 files changed, 18543 insertions(+)
 create mode 100644 SwiftScheduleParser.log
 create mode 100644 github-swiftschedule-deploy.log
 create mode 100644 index.html
 create mode 100644 logfile
To github-swiftsched:UCD-HEAP/Swift_Schedule.git
 + 1faf0bc...1ecc33e gh-pages -> gh-pages (forced update)
=== Run finished: Fri Oct  2 05:00:19 IST 2026 ===
=== Run started: Fri Oct  2 05:10:18 IST 2026 ===
[gh-pages 852dad8] Auto-deploy: 2026-10-02T04:10:18Z
 Date: Tue Sep 15 08:43:09 2026 +0100
 4 files changed, 18554 insertions(+)
 create mode 100644 SwiftScheduleParser.log
 create mode 100644 github-swiftschedule-deploy.log
 create mode 100644 index.html
 create mode 100644 logfile
To github-swiftsched:UCD-HEAP/Swift_Schedule.git
 + 1ecc33e...852dad8 gh-pages -> gh-pages (forced update)
=== Run finished: Fri Oct  2 05:10:20 IST 2026 ===
=== Run started: Fri Oct  2 05:20:15 IST 2026 ===
[gh-pages 129225e] Auto-deploy: 2026-10-02T04:20:15Z
 Date: Tue Sep 15 08:43:09 2026 +0100
 4 files changed, 18565 insertions(+)
 create mode 100644 SwiftScheduleParser.log
 create mode 100644 github-swiftschedule-deploy.log
 create mode 100644 index.html
 create mode 100644 logfile
To github-swiftsched:UCD-HEAP/Swift_Schedule.git
 + 852dad8...129225e gh-pages -> gh-pages (forced update)
=== Run finished: Fri Oct  2 05:20:17 IST 2026 ===
=== Run started: Fri Oct  2 05:30:17 IST 2026 ===
[gh-pages 012e02e] Auto-deploy: 2026-10-02T04:30:17Z
 Date: Tue Sep 15 08:43:09 2026 +0100
 4 files changed, 18576 insertions(+)
 create mode 100644 SwiftScheduleParser.log
 create mode 100644 github-swiftschedule-deploy.log
 create mode 100644 index.html
 create mode 100644 logfile
To github-swiftsched:UCD-HEAP/Swift_Schedule.git
 + 129225e...012e02e gh-pages -> gh-pages (forced update)
=== Run finished: Fri Oct  2 05:30:19 IST 2026 ===
=== Run started: Fri Oct  2 05:40:17 IST 2026 ===
[gh-pages cd75bce] Auto-deploy: 2026-10-02T04:40:17Z
 Date: Tue Sep 15 08:43:09 2026 +0100
 4 files changed, 18587 insertions(+)
 create mode 100644 SwiftScheduleParser.log
 create mode 100644 github-swiftschedule-deploy.log
 create mode 100644 index.html
 create mode 100644 logfile
To github-swiftsched:UCD-HEAP/Swift_Schedule.git
 + 012e02e...cd75bce gh-pages -> gh-pages (forced update)
=== Run finished: Fri Oct  2 05:40:18 IST 2026 ===
=== Run started: Fri Oct  2 05:50:17 IST 2026 ===
[gh-pages c4d5d75] Auto-deploy: 2026-10-02T04:50:17Z
 Date: Tue Sep 15 08:43:09 2026 +0100
 4 files changed, 18598 insertions(+)
 create mode 100644 SwiftScheduleParser.log
 create mode 100644 github-swiftschedule-deploy.log
 create mode 100644 index.html
 create mode 100644 logfile
To github-swiftsched:UCD-HEAP/Swift_Schedule.git
 + cd75bce...c4d5d75 gh-pages -> gh-pages (forced update)
=== Run finished: Fri Oct  2 05:50:19 IST 2026 ===
=== Run started: Fri Oct  2 06:00:16 IST 2026 ===
[gh-pages 8ce7a23] Auto-deploy: 2026-10-02T05:00:16Z
 Date: Tue Sep 15 08:43:09 2026 +0100
 4 files changed, 18609 insertions(+)
 create mode 100644 SwiftScheduleParser.log
 create mode 100644 github-swiftschedule-deploy.log
 create mode 100644 index.html
 create mode 100644 logfile
To github-swiftsched:UCD-HEAP/Swift_Schedule.git
 + c4d5d75...8ce7a23 gh-pages -> gh-pages (forced update)
=== Run finished: Fri Oct  2 06:00:17 IST 2026 ===
=== Run started: Fri Oct  2 06:10:17 IST 2026 ===
[gh-pages dd6fc22] Auto-deploy: 2026-10-02T05:10:17Z
 Date: Tue Sep 15 08:43:09 2026 +0100
 4 files changed, 18620 insertions(+)
 create mode 100644 SwiftScheduleParser.log
 create mode 100644 github-swiftschedule-deploy.log
 create mode 100644 index.html
 create mode 100644 logfile
To github-swiftsched:UCD-HEAP/Swift_Schedule.git
 + 8ce7a23...dd6fc22 gh-pages -> gh-pages (forced update)
=== Run finished: Fri Oct  2 06:10:19 IST 2026 ===
=== Run started: Fri Oct  2 06:20:15 IST 2026 ===
[gh-pages 522bc9e] Auto-deploy: 2026-10-02T05:20:15Z
 Date: Tue Sep 15 08:43:09 2026 +0100
 4 files changed, 18631 insertions(+)
 create mode 100644 SwiftScheduleParser.log
 create mode 100644 github-swiftschedule-deploy.log
 create mode 100644 index.html
 create mode 100644 logfile
To github-swiftsched:UCD-HEAP/Swift_Schedule.git
 + dd6fc22...522bc9e gh-pages -> gh-pages (forced update)
=== Run finished: Fri Oct  2 06:20:17 IST 2026 ===
=== Run started: Fri Oct  2 06:30:18 IST 2026 ===
[gh-pages b08676b] Auto-deploy: 2026-10-02T05:30:18Z
 Date: Tue Sep 15 08:43:09 2026 +0100
 4 files changed, 18642 insertions(+)
 create mode 100644 SwiftScheduleParser.log
 create mode 100644 github-swiftschedule-deploy.log
 create mode 100644 index.html
 create mode 100644 logfile
To github-swiftsched:UCD-HEAP/Swift_Schedule.git
 + 522bc9e...b08676b gh-pages -> gh-pages (forced update)
=== Run finished: Fri Oct  2 06:30:20 IST 2026 ===
=== Run started: Fri Oct  2 06:40:15 IST 2026 ===
[gh-pages 2a8d9ed] Auto-deploy: 2026-10-02T05:40:15Z
 Date: Tue Sep 15 08:43:09 2026 +0100
 4 files changed, 18653 insertions(+)
 create mode 100644 SwiftScheduleParser.log
 create mode 100644 github-swiftschedule-deploy.log
 create mode 100644 index.html
 create mode 100644 logfile
To github-swiftsched:UCD-HEAP/Swift_Schedule.git
 + b08676b...2a8d9ed gh-pages -> gh-pages (forced update)
=== Run finished: Fri Oct  2 06:40:16 IST 2026 ===
=== Run started: Fri Oct  2 06:50:17 IST 2026 ===
[gh-pages c977746] Auto-deploy: 2026-10-02T05:50:17Z
 Date: Tue Sep 15 08:43:09 2026 +0100
 4 files changed, 18664 insertions(+)
 create mode 100644 SwiftScheduleParser.log
 create mode 100644 github-swiftschedule-deploy.log
 create mode 100644 index.html
 create mode 100644 logfile
To github-swiftsched:UCD-HEAP/Swift_Schedule.git
 + 2a8d9ed...c977746 gh-pages -> gh-pages (forced update)
=== Run finished: Fri Oct  2 06:50:19 IST 2026 ===
=== Run started: Fri Oct  2 07:00:15 IST 2026 ===
[gh-pages 2d49266] Auto-deploy: 2026-10-02T06:00:15Z
 Date: Tue Sep 15 08:43:09 2026 +0100
 4 files changed, 18675 insertions(+)
 create mode 100644 SwiftScheduleParser.log
 create mode 100644 github-swiftschedule-deploy.log
 create mode 100644 index.html
 create mode 100644 logfile
To github-swiftsched:UCD-HEAP/Swift_Schedule.git
 + c977746...2d49266 gh-pages -> gh-pages (forced update)
=== Run finished: Fri Oct  2 07:00:17 IST 2026 ===
=== Run started: Fri Oct  2 07:10:17 IST 2026 ===
[gh-pages 7e65bc2] Auto-deploy: 2026-10-02T06:10:17Z
 Date: Tue Sep 15 08:43:09 2026 +0100
 4 files changed, 18686 insertions(+)
 create mode 100644 SwiftScheduleParser.log
 create mode 100644 github-swiftschedule-deploy.log
 create mode 100644 index.html
 create mode 100644 logfile
To github-swiftsched:UCD-HEAP/Swift_Schedule.git
 + 2d49266...7e65bc2 gh-pages -> gh-pages (forced update)
=== Run finished: Fri Oct  2 07:10:19 IST 2026 ===
=== Run started: Fri Oct  2 07:20:18 IST 2026 ===
[gh-pages 3ca7e07] Auto-deploy: 2026-10-02T06:20:18Z
 Date: Tue Sep 15 08:43:09 2026 +0100
 4 files changed, 18697 insertions(+)
 create mode 100644 SwiftScheduleParser.log
 create mode 100644 github-swiftschedule-deploy.log
 create mode 100644 index.html
 create mode 100644 logfile
To github-swiftsched:UCD-HEAP/Swift_Schedule.git
 + 7e65bc2...3ca7e07 gh-pages -> gh-pages (forced update)
=== Run finished: Fri Oct  2 07:20:19 IST 2026 ===
=== Run started: Fri Oct  2 07:30:14 IST 2026 ===
[gh-pages 5bdae29] Auto-deploy: 2026-10-02T06:30:14Z
 Date: Tue Sep 15 08:43:09 2026 +0100
 4 files changed, 18708 insertions(+)
 create mode 100644 SwiftScheduleParser.log
 create mode 100644 github-swiftschedule-deploy.log
 create mode 100644 index.html
 create mode 100644 logfile
To github-swiftsched:UCD-HEAP/Swift_Schedule.git
 + 3ca7e07...5bdae29 gh-pages -> gh-pages (forced update)
=== Run finished: Fri Oct  2 07:30:16 IST 2026 ===
=== Run started: Fri Oct  2 07:40:18 IST 2026 ===
[gh-pages c96e484] Auto-deploy: 2026-10-02T06:40:18Z
 Date: Tue Sep 15 08:43:09 2026 +0100
 4 files changed, 18719 insertions(+)
 create mode 100644 SwiftScheduleParser.log
 create mode 100644 github-swiftschedule-deploy.log
 create mode 100644 index.html
 create mode 100644 logfile
To github-swiftsched:UCD-HEAP/Swift_Schedule.git
 + 5bdae29...c96e484 gh-pages -> gh-pages (forced update)
=== Run finished: Fri Oct  2 07:40:20 IST 2026 ===
=== Run started: Fri Oct  2 07:50:15 IST 2026 ===
[gh-pages ad7125d] Auto-deploy: 2026-10-02T06:50:15Z
 Date: Tue Sep 15 08:43:09 2026 +0100
 4 files changed, 18730 insertions(+)
 create mode 100644 SwiftScheduleParser.log
 create mode 100644 github-swiftschedule-deploy.log
 create mode 100644 index.html
 create mode 100644 logfile
To github-swiftsched:UCD-HEAP/Swift_Schedule.git
 + c96e484...ad7125d gh-pages -> gh-pages (forced update)
=== Run finished: Fri Oct  2 07:50:16 IST 2026 ===
=== Run started: Fri Oct  2 08:00:17 IST 2026 ===
[gh-pages 43296e6] Auto-deploy: 2026-10-02T07:00:17Z
 Date: Tue Sep 15 08:43:09 2026 +0100
 4 files changed, 18741 insertions(+)
 create mode 100644 SwiftScheduleParser.log
 create mode 100644 github-swiftschedule-deploy.log
 create mode 100644 index.html
 create mode 100644 logfile
To github-swiftsched:UCD-HEAP/Swift_Schedule.git
 + ad7125d...43296e6 gh-pages -> gh-pages (forced update)
=== Run finished: Fri Oct  2 08:00:19 IST 2026 ===
=== Run started: Fri Oct  2 08:10:18 IST 2026 ===
[gh-pages 97245b4] Auto-deploy: 2026-10-02T07:10:18Z
 Date: Tue Sep 15 08:43:09 2026 +0100
 4 files changed, 18752 insertions(+)
 create mode 100644 SwiftScheduleParser.log
 create mode 100644 github-swiftschedule-deploy.log
 create mode 100644 index.html
 create mode 100644 logfile
To github-swiftsched:UCD-HEAP/Swift_Schedule.git
 + 43296e6...97245b4 gh-pages -> gh-pages (forced update)
=== Run finished: Fri Oct  2 08:10:20 IST 2026 ===
=== Run started: Fri Oct  2 08:20:15 IST 2026 ===
[gh-pages 044ddb9] Auto-deploy: 2026-10-02T07:20:15Z
 Date: Tue Sep 15 08:43:09 2026 +0100
 4 files changed, 18763 insertions(+)
 create mode 100644 SwiftScheduleParser.log
 create mode 100644 github-swiftschedule-deploy.log
 create mode 100644 index.html
 create mode 100644 logfile
To github-swiftsched:UCD-HEAP/Swift_Schedule.git
 + 97245b4...044ddb9 gh-pages -> gh-pages (forced update)
=== Run finished: Fri Oct  2 08:20:17 IST 2026 ===
=== Run started: Fri Oct  2 08:30:18 IST 2026 ===
[gh-pages 0bbc6c0] Auto-deploy: 2026-10-02T07:30:18Z
 Date: Tue Sep 15 08:43:09 2026 +0100
 4 files changed, 18774 insertions(+)
 create mode 100644 SwiftScheduleParser.log
 create mode 100644 github-swiftschedule-deploy.log
 create mode 100644 index.html
 create mode 100644 logfile
To github-swiftsched:UCD-HEAP/Swift_Schedule.git
 + 044ddb9...0bbc6c0 gh-pages -> gh-pages (forced update)
=== Run finished: Fri Oct  2 08:30:19 IST 2026 ===
=== Run started: Fri Oct  2 08:40:18 IST 2026 ===
[gh-pages 32283e1] Auto-deploy: 2026-10-02T07:40:18Z
 Date: Tue Sep 15 08:43:09 2026 +0100
 4 files changed, 18785 insertions(+)
 create mode 100644 SwiftScheduleParser.log
 create mode 100644 github-swiftschedule-deploy.log
 create mode 100644 index.html
 create mode 100644 logfile
To github-swiftsched:UCD-HEAP/Swift_Schedule.git
 + 0bbc6c0...32283e1 gh-pages -> gh-pages (forced update)
=== Run finished: Fri Oct  2 08:40:20 IST 2026 ===
=== Run started: Fri Oct  2 08:50:15 IST 2026 ===
[gh-pages 38856ac] Auto-deploy: 2026-10-02T07:50:15Z
 Date: Tue Sep 15 08:43:09 2026 +0100
 4 files changed, 18796 insertions(+)
 create mode 100644 SwiftScheduleParser.log
 create mode 100644 github-swiftschedule-deploy.log
 create mode 100644 index.html
 create mode 100644 logfile
To github-swiftsched:UCD-HEAP/Swift_Schedule.git
 + 32283e1...38856ac gh-pages -> gh-pages (forced update)
=== Run finished: Fri Oct  2 08:50:17 IST 2026 ===
=== Run started: Fri Oct  2 09:00:17 IST 2026 ===
[gh-pages 7b69260] Auto-deploy: 2026-10-02T08:00:17Z
 Date: Tue Sep 15 08:43:09 2026 +0100
 4 files changed, 18807 insertions(+)
 create mode 100644 SwiftScheduleParser.log
 create mode 100644 github-swiftschedule-deploy.log
 create mode 100644 index.html
 create mode 100644 logfile
To github-swiftsched:UCD-HEAP/Swift_Schedule.git
 + 38856ac...7b69260 gh-pages -> gh-pages (forced update)
=== Run finished: Fri Oct  2 09:00:19 IST 2026 ===
=== Run started: Fri Oct  2 09:10:17 IST 2026 ===
[gh-pages e023ef2] Auto-deploy: 2026-10-02T08:10:17Z
 Date: Tue Sep 15 08:43:09 2026 +0100
 4 files changed, 18818 insertions(+)
 create mode 100644 SwiftScheduleParser.log
 create mode 100644 github-swiftschedule-deploy.log
 create mode 100644 index.html
 create mode 100644 logfile
To github-swiftsched:UCD-HEAP/Swift_Schedule.git
 + 7b69260...e023ef2 gh-pages -> gh-pages (forced update)
=== Run finished: Fri Oct  2 09:10:19 IST 2026 ===
=== Run started: Fri Oct  2 09:20:15 IST 2026 ===
[gh-pages 72fb13d] Auto-deploy: 2026-10-02T08:20:15Z
 Date: Tue Sep 15 08:43:09 2026 +0100
 4 files changed, 18829 insertions(+)
 create mode 100644 SwiftScheduleParser.log
 create mode 100644 github-swiftschedule-deploy.log
 create mode 100644 index.html
 create mode 100644 logfile
To github-swiftsched:UCD-HEAP/Swift_Schedule.git
 + e023ef2...72fb13d gh-pages -> gh-pages (forced update)
=== Run finished: Fri Oct  2 09:20:17 IST 2026 ===
=== Run started: Fri Oct  2 09:30:18 IST 2026 ===
[gh-pages d6fd066] Auto-deploy: 2026-10-02T08:30:18Z
 Date: Tue Sep 15 08:43:09 2026 +0100
 4 files changed, 18840 insertions(+)
 create mode 100644 SwiftScheduleParser.log
 create mode 100644 github-swiftschedule-deploy.log
 create mode 100644 index.html
 create mode 100644 logfile
To github-swiftsched:UCD-HEAP/Swift_Schedule.git
 + 72fb13d...d6fd066 gh-pages -> gh-pages (forced update)
=== Run finished: Fri Oct  2 09:30:20 IST 2026 ===
=== Run started: Fri Oct  2 09:40:15 IST 2026 ===
[gh-pages ad00f7e] Auto-deploy: 2026-10-02T08:40:15Z
 Date: Tue Sep 15 08:43:09 2026 +0100
 4 files changed, 18851 insertions(+)
 create mode 100644 SwiftScheduleParser.log
 create mode 100644 github-swiftschedule-deploy.log
 create mode 100644 index.html
 create mode 100644 logfile
To github-swiftsched:UCD-HEAP/Swift_Schedule.git
 + d6fd066...ad00f7e gh-pages -> gh-pages (forced update)
=== Run finished: Fri Oct  2 09:40:17 IST 2026 ===
=== Run started: Fri Oct  2 09:50:17 IST 2026 ===
[gh-pages b34df52] Auto-deploy: 2026-10-02T08:50:17Z
 Date: Tue Sep 15 08:43:09 2026 +0100
 4 files changed, 18862 insertions(+)
 create mode 100644 SwiftScheduleParser.log
 create mode 100644 github-swiftschedule-deploy.log
 create mode 100644 index.html
 create mode 100644 logfile
To github-swiftsched:UCD-HEAP/Swift_Schedule.git
 + ad00f7e...b34df52 gh-pages -> gh-pages (forced update)
=== Run finished: Fri Oct  2 09:50:18 IST 2026 ===
=== Run started: Fri Oct  2 10:00:15 IST 2026 ===
[gh-pages 6f815f6] Auto-deploy: 2026-10-02T09:00:15Z
 Date: Tue Sep 15 08:43:09 2026 +0100
 4 files changed, 18873 insertions(+)
 create mode 100644 SwiftScheduleParser.log
 create mode 100644 github-swiftschedule-deploy.log
 create mode 100644 index.html
 create mode 100644 logfile
To github-swiftsched:UCD-HEAP/Swift_Schedule.git
 + b34df52...6f815f6 gh-pages -> gh-pages (forced update)
=== Run finished: Fri Oct  2 10:00:16 IST 2026 ===
=== Run started: Fri Oct  2 10:10:17 IST 2026 ===
[gh-pages c693632] Auto-deploy: 2026-10-02T09:10:17Z
 Date: Tue Sep 15 08:43:09 2026 +0100
 4 files changed, 18884 insertions(+)
 create mode 100644 SwiftScheduleParser.log
 create mode 100644 github-swiftschedule-deploy.log
 create mode 100644 index.html
 create mode 100644 logfile
To github-swiftsched:UCD-HEAP/Swift_Schedule.git
 + 6f815f6...c693632 gh-pages -> gh-pages (forced update)
=== Run finished: Fri Oct  2 10:10:19 IST 2026 ===
=== Run started: Fri Oct  2 10:20:16 IST 2026 ===
[gh-pages c207dfd] Auto-deploy: 2026-10-02T09:20:16Z
 Date: Tue Sep 15 08:43:09 2026 +0100
 4 files changed, 18895 insertions(+)
 create mode 100644 SwiftScheduleParser.log
 create mode 100644 github-swiftschedule-deploy.log
 create mode 100644 index.html
 create mode 100644 logfile
To github-swiftsched:UCD-HEAP/Swift_Schedule.git
 + c693632...c207dfd gh-pages -> gh-pages (forced update)
=== Run finished: Fri Oct  2 10:20:18 IST 2026 ===
=== Run started: Fri Oct  2 10:30:16 IST 2026 ===
[gh-pages bb40d53] Auto-deploy: 2026-10-02T09:30:16Z
 Date: Tue Sep 15 08:43:09 2026 +0100
 4 files changed, 18906 insertions(+)
 create mode 100644 SwiftScheduleParser.log
 create mode 100644 github-swiftschedule-deploy.log
 create mode 100644 index.html
 create mode 100644 logfile
To github-swiftsched:UCD-HEAP/Swift_Schedule.git
 + c207dfd...bb40d53 gh-pages -> gh-pages (forced update)
=== Run finished: Fri Oct  2 10:30:18 IST 2026 ===
=== Run started: Fri Oct  2 10:40:18 IST 2026 ===
[gh-pages 4b3701e] Auto-deploy: 2026-10-02T09:40:18Z
 Date: Tue Sep 15 08:43:09 2026 +0100
 4 files changed, 18917 insertions(+)
 create mode 100644 SwiftScheduleParser.log
 create mode 100644 github-swiftschedule-deploy.log
 create mode 100644 index.html
 create mode 100644 logfile
To github-swiftsched:UCD-HEAP/Swift_Schedule.git
 + bb40d53...4b3701e gh-pages -> gh-pages (forced update)
=== Run finished: Fri Oct  2 10:40:20 IST 2026 ===
=== Run started: Fri Oct  2 10:50:15 IST 2026 ===
[gh-pages ff9cb07] Auto-deploy: 2026-10-02T09:50:15Z
 Date: Tue Sep 15 08:43:09 2026 +0100
 4 files changed, 18928 insertions(+)
 create mode 100644 SwiftScheduleParser.log
 create mode 100644 github-swiftschedule-deploy.log
 create mode 100644 index.html
 create mode 100644 logfile
To github-swiftsched:UCD-HEAP/Swift_Schedule.git
 + 4b3701e...ff9cb07 gh-pages -> gh-pages (forced update)
=== Run finished: Fri Oct  2 10:50:17 IST 2026 ===
=== Run started: Fri Oct  2 11:00:16 IST 2026 ===
[gh-pages 8d5080c] Auto-deploy: 2026-10-02T10:00:16Z
 Date: Tue Sep 15 08:43:09 2026 +0100
 4 files changed, 18939 insertions(+)
 create mode 100644 SwiftScheduleParser.log
 create mode 100644 github-swiftschedule-deploy.log
 create mode 100644 index.html
 create mode 100644 logfile
To github-swiftsched:UCD-HEAP/Swift_Schedule.git
 + ff9cb07...8d5080c gh-pages -> gh-pages (forced update)
=== Run finished: Fri Oct  2 11:00:18 IST 2026 ===
=== Run started: Fri Oct  2 11:10:17 IST 2026 ===
[gh-pages ab03030] Auto-deploy: 2026-10-02T10:10:17Z
 Date: Tue Sep 15 08:43:09 2026 +0100
 4 files changed, 18950 insertions(+)
 create mode 100644 SwiftScheduleParser.log
 create mode 100644 github-swiftschedule-deploy.log
 create mode 100644 index.html
 create mode 100644 logfile
To github-swiftsched:UCD-HEAP/Swift_Schedule.git
 + 8d5080c...ab03030 gh-pages -> gh-pages (forced update)
=== Run finished: Fri Oct  2 11:10:19 IST 2026 ===
=== Run started: Fri Oct  2 11:20:14 IST 2026 ===
[gh-pages 870c16a] Auto-deploy: 2026-10-02T10:20:14Z
 Date: Tue Sep 15 08:43:09 2026 +0100
 4 files changed, 18961 insertions(+)
 create mode 100644 SwiftScheduleParser.log
 create mode 100644 github-swiftschedule-deploy.log
 create mode 100644 index.html
 create mode 100644 logfile
To github-swiftsched:UCD-HEAP/Swift_Schedule.git
 + ab03030...870c16a gh-pages -> gh-pages (forced update)
=== Run finished: Fri Oct  2 11:20:16 IST 2026 ===
=== Run started: Fri Oct  2 11:30:19 IST 2026 ===
[gh-pages 86dda5c] Auto-deploy: 2026-10-02T10:30:19Z
 Date: Tue Sep 15 08:43:09 2026 +0100
 4 files changed, 18972 insertions(+)
 create mode 100644 SwiftScheduleParser.log
 create mode 100644 github-swiftschedule-deploy.log
 create mode 100644 index.html
 create mode 100644 logfile
To github-swiftsched:UCD-HEAP/Swift_Schedule.git
 + 870c16a...86dda5c gh-pages -> gh-pages (forced update)
=== Run finished: Fri Oct  2 11:30:21 IST 2026 ===
=== Run started: Fri Oct  2 11:40:15 IST 2026 ===
[gh-pages 16ffe0b] Auto-deploy: 2026-10-02T10:40:15Z
 Date: Tue Sep 15 08:43:09 2026 +0100
 4 files changed, 18983 insertions(+)
 create mode 100644 SwiftScheduleParser.log
 create mode 100644 github-swiftschedule-deploy.log
 create mode 100644 index.html
 create mode 100644 logfile
To github-swiftsched:UCD-HEAP/Swift_Schedule.git
 + 86dda5c...16ffe0b gh-pages -> gh-pages (forced update)
=== Run finished: Fri Oct  2 11:40:17 IST 2026 ===
=== Run started: Fri Oct  2 11:50:17 IST 2026 ===
[gh-pages 586b6bc] Auto-deploy: 2026-10-02T10:50:17Z
 Date: Tue Sep 15 08:43:09 2026 +0100
 4 files changed, 18994 insertions(+)
 create mode 100644 SwiftScheduleParser.log
 create mode 100644 github-swiftschedule-deploy.log
 create mode 100644 index.html
 create mode 100644 logfile
To github-swiftsched:UCD-HEAP/Swift_Schedule.git
 + 16ffe0b...586b6bc gh-pages -> gh-pages (forced update)
=== Run finished: Fri Oct  2 11:50:19 IST 2026 ===
=== Run started: Fri Oct  2 12:00:15 IST 2026 ===
[gh-pages 14c2eed] Auto-deploy: 2026-10-02T11:00:15Z
 Date: Tue Sep 15 08:43:09 2026 +0100
 4 files changed, 19005 insertions(+)
 create mode 100644 SwiftScheduleParser.log
 create mode 100644 github-swiftschedule-deploy.log
 create mode 100644 index.html
 create mode 100644 logfile
To github-swiftsched:UCD-HEAP/Swift_Schedule.git
 + 586b6bc...14c2eed gh-pages -> gh-pages (forced update)
=== Run finished: Fri Oct  2 12:00:17 IST 2026 ===
=== Run started: Fri Oct  2 12:10:17 IST 2026 ===
[gh-pages 7041413] Auto-deploy: 2026-10-02T11:10:17Z
 Date: Tue Sep 15 08:43:09 2026 +0100
 4 files changed, 19016 insertions(+)
 create mode 100644 SwiftScheduleParser.log
 create mode 100644 github-swiftschedule-deploy.log
 create mode 100644 index.html
 create mode 100644 logfile
To github-swiftsched:UCD-HEAP/Swift_Schedule.git
 + 14c2eed...7041413 gh-pages -> gh-pages (forced update)
=== Run finished: Fri Oct  2 12:10:18 IST 2026 ===
=== Run started: Fri Oct  2 12:20:18 IST 2026 ===
[gh-pages 3d4b65d] Auto-deploy: 2026-10-02T11:20:18Z
 Date: Tue Sep 15 08:43:09 2026 +0100
 4 files changed, 19027 insertions(+)
 create mode 100644 SwiftScheduleParser.log
 create mode 100644 github-swiftschedule-deploy.log
 create mode 100644 index.html
 create mode 100644 logfile
To github-swiftsched:UCD-HEAP/Swift_Schedule.git
 + 7041413...3d4b65d gh-pages -> gh-pages (forced update)
=== Run finished: Fri Oct  2 12:20:19 IST 2026 ===
=== Run started: Fri Oct  2 12:30:15 IST 2026 ===
[gh-pages e1b51e2] Auto-deploy: 2026-10-02T11:30:15Z
 Date: Tue Sep 15 08:43:09 2026 +0100
 4 files changed, 19038 insertions(+)
 create mode 100644 SwiftScheduleParser.log
 create mode 100644 github-swiftschedule-deploy.log
 create mode 100644 index.html
 create mode 100644 logfile
To github-swiftsched:UCD-HEAP/Swift_Schedule.git
 + 3d4b65d...e1b51e2 gh-pages -> gh-pages (forced update)
=== Run finished: Fri Oct  2 12:30:16 IST 2026 ===
=== Run started: Fri Oct  2 12:40:17 IST 2026 ===
[gh-pages fffaab4] Auto-deploy: 2026-10-02T11:40:17Z
 Date: Tue Sep 15 08:43:09 2026 +0100
 4 files changed, 19049 insertions(+)
 create mode 100644 SwiftScheduleParser.log
 create mode 100644 github-swiftschedule-deploy.log
 create mode 100644 index.html
 create mode 100644 logfile
To github-swiftsched:UCD-HEAP/Swift_Schedule.git
 + e1b51e2...fffaab4 gh-pages -> gh-pages (forced update)
=== Run finished: Fri Oct  2 12:40:19 IST 2026 ===
=== Run started: Fri Oct  2 12:50:18 IST 2026 ===
[gh-pages 3db3f97] Auto-deploy: 2026-10-02T11:50:18Z
 Date: Tue Sep 15 08:43:09 2026 +0100
 4 files changed, 19060 insertions(+)
 create mode 100644 SwiftScheduleParser.log
 create mode 100644 github-swiftschedule-deploy.log
 create mode 100644 index.html
 create mode 100644 logfile
To github-swiftsched:UCD-HEAP/Swift_Schedule.git
 + fffaab4...3db3f97 gh-pages -> gh-pages (forced update)
=== Run finished: Fri Oct  2 12:50:19 IST 2026 ===
=== Run started: Fri Oct  2 13:00:18 IST 2026 ===
[gh-pages 17df412] Auto-deploy: 2026-10-02T12:00:18Z
 Date: Tue Sep 15 08:43:09 2026 +0100
 4 files changed, 19071 insertions(+)
 create mode 100644 SwiftScheduleParser.log
 create mode 100644 github-swiftschedule-deploy.log
 create mode 100644 index.html
 create mode 100644 logfile
To github-swiftsched:UCD-HEAP/Swift_Schedule.git
 + 3db3f97...17df412 gh-pages -> gh-pages (forced update)
=== Run finished: Fri Oct  2 13:00:20 IST 2026 ===
=== Run started: Fri Oct  2 13:10:15 IST 2026 ===
[gh-pages 1e7712c] Auto-deploy: 2026-10-02T12:10:15Z
 Date: Tue Sep 15 08:43:09 2026 +0100
 4 files changed, 19082 insertions(+)
 create mode 100644 SwiftScheduleParser.log
 create mode 100644 github-swiftschedule-deploy.log
 create mode 100644 index.html
 create mode 100644 logfile
To github-swiftsched:UCD-HEAP/Swift_Schedule.git
 + 17df412...1e7712c gh-pages -> gh-pages (forced update)
=== Run finished: Fri Oct  2 13:10:17 IST 2026 ===
=== Run started: Fri Oct  2 13:20:16 IST 2026 ===
[gh-pages f74e53f] Auto-deploy: 2026-10-02T12:20:16Z
 Date: Tue Sep 15 08:43:09 2026 +0100
 4 files changed, 19093 insertions(+)
 create mode 100644 SwiftScheduleParser.log
 create mode 100644 github-swiftschedule-deploy.log
 create mode 100644 index.html
 create mode 100644 logfile
To github-swiftsched:UCD-HEAP/Swift_Schedule.git
 + 1e7712c...f74e53f gh-pages -> gh-pages (forced update)
=== Run finished: Fri Oct  2 13:20:18 IST 2026 ===
=== Run started: Fri Oct  2 13:30:18 IST 2026 ===
[gh-pages 2fef471] Auto-deploy: 2026-10-02T12:30:18Z
 Date: Tue Sep 15 08:43:09 2026 +0100
 4 files changed, 19104 insertions(+)
 create mode 100644 SwiftScheduleParser.log
 create mode 100644 github-swiftschedule-deploy.log
 create mode 100644 index.html
 create mode 100644 logfile
To github-swiftsched:UCD-HEAP/Swift_Schedule.git
 + f74e53f...2fef471 gh-pages -> gh-pages (forced update)
=== Run finished: Fri Oct  2 13:30:19 IST 2026 ===
=== Run started: Fri Oct  2 13:40:15 IST 2026 ===
[gh-pages 6b39657] Auto-deploy: 2026-10-02T12:40:15Z
 Date: Tue Sep 15 08:43:09 2026 +0100
 4 files changed, 19115 insertions(+)
 create mode 100644 SwiftScheduleParser.log
 create mode 100644 github-swiftschedule-deploy.log
 create mode 100644 index.html
 create mode 100644 logfile
To github-swiftsched:UCD-HEAP/Swift_Schedule.git
 + 2fef471...6b39657 gh-pages -> gh-pages (forced update)
=== Run finished: Fri Oct  2 13:40:16 IST 2026 ===
=== Run started: Fri Oct  2 13:50:19 IST 2026 ===
[gh-pages 6917abc] Auto-deploy: 2026-10-02T12:50:19Z
 Date: Tue Sep 15 08:43:09 2026 +0100
 4 files changed, 19126 insertions(+)
 create mode 100644 SwiftScheduleParser.log
 create mode 100644 github-swiftschedule-deploy.log
 create mode 100644 index.html
 create mode 100644 logfile
To github-swiftsched:UCD-HEAP/Swift_Schedule.git
 + 6b39657...6917abc gh-pages -> gh-pages (forced update)
=== Run finished: Fri Oct  2 13:50:20 IST 2026 ===
=== Run started: Fri Oct  2 14:00:15 IST 2026 ===
[gh-pages a825852] Auto-deploy: 2026-10-02T13:00:15Z
 Date: Tue Sep 15 08:43:09 2026 +0100
 4 files changed, 19137 insertions(+)
 create mode 100644 SwiftScheduleParser.log
 create mode 100644 github-swiftschedule-deploy.log
 create mode 100644 index.html
 create mode 100644 logfile
To github-swiftsched:UCD-HEAP/Swift_Schedule.git
 + 6917abc...a825852 gh-pages -> gh-pages (forced update)
=== Run finished: Fri Oct  2 14:00:17 IST 2026 ===
=== Run started: Fri Oct  2 14:10:17 IST 2026 ===
[gh-pages d286108] Auto-deploy: 2026-10-02T13:10:17Z
 Date: Tue Sep 15 08:43:09 2026 +0100
 4 files changed, 19148 insertions(+)
 create mode 100644 SwiftScheduleParser.log
 create mode 100644 github-swiftschedule-deploy.log
 create mode 100644 index.html
 create mode 100644 logfile
To github-swiftsched:UCD-HEAP/Swift_Schedule.git
 + a825852...d286108 gh-pages -> gh-pages (forced update)
=== Run finished: Fri Oct  2 14:10:18 IST 2026 ===
=== Run started: Fri Oct  2 14:20:15 IST 2026 ===
[gh-pages 113ad16] Auto-deploy: 2026-10-02T13:20:15Z
 Date: Tue Sep 15 08:43:09 2026 +0100
 4 files changed, 19159 insertions(+)
 create mode 100644 SwiftScheduleParser.log
 create mode 100644 github-swiftschedule-deploy.log
 create mode 100644 index.html
 create mode 100644 logfile
To github-swiftsched:UCD-HEAP/Swift_Schedule.git
 + d286108...113ad16 gh-pages -> gh-pages (forced update)
=== Run finished: Fri Oct  2 14:20:17 IST 2026 ===
=== Run started: Fri Oct  2 14:30:18 IST 2026 ===
[gh-pages 36680dd] Auto-deploy: 2026-10-02T13:30:18Z
 Date: Tue Sep 15 08:43:09 2026 +0100
 4 files changed, 19170 insertions(+)
 create mode 100644 SwiftScheduleParser.log
 create mode 100644 github-swiftschedule-deploy.log
 create mode 100644 index.html
 create mode 100644 logfile
To github-swiftsched:UCD-HEAP/Swift_Schedule.git
 + 113ad16...36680dd gh-pages -> gh-pages (forced update)
=== Run finished: Fri Oct  2 14:30:20 IST 2026 ===
=== Run started: Fri Oct  2 14:40:16 IST 2026 ===
[gh-pages cc77964] Auto-deploy: 2026-10-02T13:40:16Z
 Date: Tue Sep 15 08:43:09 2026 +0100
 4 files changed, 19181 insertions(+)
 create mode 100644 SwiftScheduleParser.log
 create mode 100644 github-swiftschedule-deploy.log
 create mode 100644 index.html
 create mode 100644 logfile
To github-swiftsched:UCD-HEAP/Swift_Schedule.git
 + 36680dd...cc77964 gh-pages -> gh-pages (forced update)
=== Run finished: Fri Oct  2 14:40:18 IST 2026 ===
=== Run started: Fri Oct  2 14:50:16 IST 2026 ===
[gh-pages c83f1b4] Auto-deploy: 2026-10-02T13:50:16Z
 Date: Tue Sep 15 08:43:09 2026 +0100
 4 files changed, 19192 insertions(+)
 create mode 100644 SwiftScheduleParser.log
 create mode 100644 github-swiftschedule-deploy.log
 create mode 100644 index.html
 create mode 100644 logfile
To github-swiftsched:UCD-HEAP/Swift_Schedule.git
 + cc77964...c83f1b4 gh-pages -> gh-pages (forced update)
=== Run finished: Fri Oct  2 14:50:17 IST 2026 ===
=== Run started: Fri Oct  2 15:00:17 IST 2026 ===
[gh-pages b460145] Auto-deploy: 2026-10-02T14:00:17Z
 Date: Tue Sep 15 08:43:09 2026 +0100
 4 files changed, 19203 insertions(+)
 create mode 100644 SwiftScheduleParser.log
 create mode 100644 github-swiftschedule-deploy.log
 create mode 100644 index.html
 create mode 100644 logfile
To github-swiftsched:UCD-HEAP/Swift_Schedule.git
 + c83f1b4...b460145 gh-pages -> gh-pages (forced update)
=== Run finished: Fri Oct  2 15:00:19 IST 2026 ===
=== Run started: Fri Oct  2 15:10:18 IST 2026 ===
[gh-pages 2fd5b10] Auto-deploy: 2026-10-02T14:10:18Z
 Date: Tue Sep 15 08:43:09 2026 +0100
 4 files changed, 19214 insertions(+)
 create mode 100644 SwiftScheduleParser.log
 create mode 100644 github-swiftschedule-deploy.log
 create mode 100644 index.html
 create mode 100644 logfile
To github-swiftsched:UCD-HEAP/Swift_Schedule.git
 + b460145...2fd5b10 gh-pages -> gh-pages (forced update)
=== Run finished: Fri Oct  2 15:10:20 IST 2026 ===
=== Run started: Fri Oct  2 15:20:15 IST 2026 ===
[gh-pages 207b68e] Auto-deploy: 2026-10-02T14:20:15Z
 Date: Tue Sep 15 08:43:09 2026 +0100
 4 files changed, 19225 insertions(+)
 create mode 100644 SwiftScheduleParser.log
 create mode 100644 github-swiftschedule-deploy.log
 create mode 100644 index.html
 create mode 100644 logfile
To github-swiftsched:UCD-HEAP/Swift_Schedule.git
 + 2fd5b10...207b68e gh-pages -> gh-pages (forced update)
=== Run finished: Fri Oct  2 15:20:17 IST 2026 ===
=== Run started: Fri Oct  2 15:30:17 IST 2026 ===
[gh-pages 8891f11] Auto-deploy: 2026-10-02T14:30:17Z
 Date: Tue Sep 15 08:43:09 2026 +0100
 4 files changed, 19236 insertions(+)
 create mode 100644 SwiftScheduleParser.log
 create mode 100644 github-swiftschedule-deploy.log
 create mode 100644 index.html
 create mode 100644 logfile
To github-swiftsched:UCD-HEAP/Swift_Schedule.git
 + 207b68e...8891f11 gh-pages -> gh-pages (forced update)
=== Run finished: Fri Oct  2 15:30:19 IST 2026 ===
=== Run started: Fri Oct  2 15:40:18 IST 2026 ===
[gh-pages 008bae8] Auto-deploy: 2026-10-02T14:40:18Z
 Date: Tue Sep 15 08:43:09 2026 +0100
 4 files changed, 19247 insertions(+)
 create mode 100644 SwiftScheduleParser.log
 create mode 100644 github-swiftschedule-deploy.log
 create mode 100644 index.html
 create mode 100644 logfile
To github-swiftsched:UCD-HEAP/Swift_Schedule.git
 + 8891f11...008bae8 gh-pages -> gh-pages (forced update)
=== Run finished: Fri Oct  2 15:40:20 IST 2026 ===
=== Run started: Fri Oct  2 15:50:15 IST 2026 ===
[gh-pages a795e93] Auto-deploy: 2026-10-02T14:50:15Z
 Date: Tue Sep 15 08:43:09 2026 +0100
 4 files changed, 19258 insertions(+)
 create mode 100644 SwiftScheduleParser.log
 create mode 100644 github-swiftschedule-deploy.log
 create mode 100644 index.html
 create mode 100644 logfile
To github-swiftsched:UCD-HEAP/Swift_Schedule.git
 + 008bae8...a795e93 gh-pages -> gh-pages (forced update)
=== Run finished: Fri Oct  2 15:50:17 IST 2026 ===
=== Run started: Fri Oct  2 16:00:18 IST 2026 ===
[gh-pages 7ba6d5b] Auto-deploy: 2026-10-02T15:00:18Z
 Date: Tue Sep 15 08:43:09 2026 +0100
 4 files changed, 19269 insertions(+)
 create mode 100644 SwiftScheduleParser.log
 create mode 100644 github-swiftschedule-deploy.log
 create mode 100644 index.html
 create mode 100644 logfile
To github-swiftsched:UCD-HEAP/Swift_Schedule.git
 + a795e93...7ba6d5b gh-pages -> gh-pages (forced update)
=== Run finished: Fri Oct  2 16:00:20 IST 2026 ===
=== Run started: Fri Oct  2 16:10:15 IST 2026 ===
[gh-pages 11e3a74] Auto-deploy: 2026-10-02T15:10:15Z
 Date: Tue Sep 15 08:43:09 2026 +0100
 4 files changed, 19280 insertions(+)
 create mode 100644 SwiftScheduleParser.log
 create mode 100644 github-swiftschedule-deploy.log
 create mode 100644 index.html
 create mode 100644 logfile
To github-swiftsched:UCD-HEAP/Swift_Schedule.git
 + 7ba6d5b...11e3a74 gh-pages -> gh-pages (forced update)
=== Run finished: Fri Oct  2 16:10:17 IST 2026 ===
=== Run started: Fri Oct  2 16:20:18 IST 2026 ===
[gh-pages b7e6d5a] Auto-deploy: 2026-10-02T15:20:18Z
 Date: Tue Sep 15 08:43:09 2026 +0100
 4 files changed, 19291 insertions(+)
 create mode 100644 SwiftScheduleParser.log
 create mode 100644 github-swiftschedule-deploy.log
 create mode 100644 index.html
 create mode 100644 logfile
To github-swiftsched:UCD-HEAP/Swift_Schedule.git
 + 11e3a74...b7e6d5a gh-pages -> gh-pages (forced update)
=== Run finished: Fri Oct  2 16:20:19 IST 2026 ===
=== Run started: Fri Oct  2 16:30:15 IST 2026 ===
[gh-pages 07667c0] Auto-deploy: 2026-10-02T15:30:15Z
 Date: Tue Sep 15 08:43:09 2026 +0100
 4 files changed, 19302 insertions(+)
 create mode 100644 SwiftScheduleParser.log
 create mode 100644 github-swiftschedule-deploy.log
 create mode 100644 index.html
 create mode 100644 logfile
To github-swiftsched:UCD-HEAP/Swift_Schedule.git
 + b7e6d5a...07667c0 gh-pages -> gh-pages (forced update)
=== Run finished: Fri Oct  2 16:30:17 IST 2026 ===
=== Run started: Fri Oct  2 16:40:18 IST 2026 ===
[gh-pages 31c0fe0] Auto-deploy: 2026-10-02T15:40:18Z
 Date: Tue Sep 15 08:43:09 2026 +0100
 4 files changed, 19313 insertions(+)
 create mode 100644 SwiftScheduleParser.log
 create mode 100644 github-swiftschedule-deploy.log
 create mode 100644 index.html
 create mode 100644 logfile
To github-swiftsched:UCD-HEAP/Swift_Schedule.git
 + 07667c0...31c0fe0 gh-pages -> gh-pages (forced update)
=== Run finished: Fri Oct  2 16:40:20 IST 2026 ===
=== Run started: Fri Oct  2 16:50:19 IST 2026 ===
[gh-pages 4d64c91] Auto-deploy: 2026-10-02T15:50:19Z
 Date: Tue Sep 15 08:43:09 2026 +0100
 4 files changed, 19324 insertions(+)
 create mode 100644 SwiftScheduleParser.log
 create mode 100644 github-swiftschedule-deploy.log
 create mode 100644 index.html
 create mode 100644 logfile
To github-swiftsched:UCD-HEAP/Swift_Schedule.git
 + 31c0fe0...4d64c91 gh-pages -> gh-pages (forced update)
=== Run finished: Fri Oct  2 16:50:20 IST 2026 ===
=== Run started: Fri Oct  2 17:00:15 IST 2026 ===
[gh-pages a89a0dd] Auto-deploy: 2026-10-02T16:00:15Z
 Date: Tue Sep 15 08:43:09 2026 +0100
 4 files changed, 19335 insertions(+)
 create mode 100644 SwiftScheduleParser.log
 create mode 100644 github-swiftschedule-deploy.log
 create mode 100644 index.html
 create mode 100644 logfile
To github-swiftsched:UCD-HEAP/Swift_Schedule.git
 + 4d64c91...a89a0dd gh-pages -> gh-pages (forced update)
=== Run finished: Fri Oct  2 17:00:16 IST 2026 ===
=== Run started: Fri Oct  2 17:10:17 IST 2026 ===
[gh-pages ceacc4c] Auto-deploy: 2026-10-02T16:10:17Z
 Date: Tue Sep 15 08:43:09 2026 +0100
 4 files changed, 19346 insertions(+)
 create mode 100644 SwiftScheduleParser.log
 create mode 100644 github-swiftschedule-deploy.log
 create mode 100644 index.html
 create mode 100644 logfile
To github-swiftsched:UCD-HEAP/Swift_Schedule.git
 + a89a0dd...ceacc4c gh-pages -> gh-pages (forced update)
=== Run finished: Fri Oct  2 17:10:19 IST 2026 ===
=== Run started: Fri Oct  2 17:20:18 IST 2026 ===
[gh-pages c15e397] Auto-deploy: 2026-10-02T16:20:18Z
 Date: Tue Sep 15 08:43:09 2026 +0100
 4 files changed, 19357 insertions(+)
 create mode 100644 SwiftScheduleParser.log
 create mode 100644 github-swiftschedule-deploy.log
 create mode 100644 index.html
 create mode 100644 logfile
To github-swiftsched:UCD-HEAP/Swift_Schedule.git
 + ceacc4c...c15e397 gh-pages -> gh-pages (forced update)
=== Run finished: Fri Oct  2 17:20:19 IST 2026 ===
=== Run started: Fri Oct  2 17:30:15 IST 2026 ===
[gh-pages d811d9e] Auto-deploy: 2026-10-02T16:30:15Z
 Date: Tue Sep 15 08:43:09 2026 +0100
 4 files changed, 19368 insertions(+)
 create mode 100644 SwiftScheduleParser.log
 create mode 100644 github-swiftschedule-deploy.log
 create mode 100644 index.html
 create mode 100644 logfile
To github-swiftsched:UCD-HEAP/Swift_Schedule.git
 + c15e397...d811d9e gh-pages -> gh-pages (forced update)
=== Run finished: Fri Oct  2 17:30:17 IST 2026 ===
=== Run started: Fri Oct  2 17:40:18 IST 2026 ===
[gh-pages c20360b] Auto-deploy: 2026-10-02T16:40:18Z
 Date: Tue Sep 15 08:43:09 2026 +0100
 4 files changed, 19379 insertions(+)
 create mode 100644 SwiftScheduleParser.log
 create mode 100644 github-swiftschedule-deploy.log
 create mode 100644 index.html
 create mode 100644 logfile
To github-swiftsched:UCD-HEAP/Swift_Schedule.git
 + d811d9e...c20360b gh-pages -> gh-pages (forced update)
=== Run finished: Fri Oct  2 17:40:19 IST 2026 ===
=== Run started: Fri Oct  2 17:50:14 IST 2026 ===
[gh-pages a0d966e] Auto-deploy: 2026-10-02T16:50:14Z
 Date: Tue Sep 15 08:43:09 2026 +0100
 4 files changed, 19390 insertions(+)
 create mode 100644 SwiftScheduleParser.log
 create mode 100644 github-swiftschedule-deploy.log
 create mode 100644 index.html
 create mode 100644 logfile
To github-swiftsched:UCD-HEAP/Swift_Schedule.git
 + c20360b...a0d966e gh-pages -> gh-pages (forced update)
=== Run finished: Fri Oct  2 17:50:16 IST 2026 ===
=== Run started: Fri Oct  2 18:00:18 IST 2026 ===
[gh-pages a9955b7] Auto-deploy: 2026-10-02T17:00:18Z
 Date: Tue Sep 15 08:43:09 2026 +0100
 4 files changed, 19401 insertions(+)
 create mode 100644 SwiftScheduleParser.log
 create mode 100644 github-swiftschedule-deploy.log
 create mode 100644 index.html
 create mode 100644 logfile
To github-swiftsched:UCD-HEAP/Swift_Schedule.git
 + a0d966e...a9955b7 gh-pages -> gh-pages (forced update)
=== Run finished: Fri Oct  2 18:00:20 IST 2026 ===
=== Run started: Fri Oct  2 18:10:15 IST 2026 ===
[gh-pages 3291bde] Auto-deploy: 2026-10-02T17:10:15Z
 Date: Tue Sep 15 08:43:09 2026 +0100
 4 files changed, 19412 insertions(+)
 create mode 100644 SwiftScheduleParser.log
 create mode 100644 github-swiftschedule-deploy.log
 create mode 100644 index.html
 create mode 100644 logfile
To github-swiftsched:UCD-HEAP/Swift_Schedule.git
 + a9955b7...3291bde gh-pages -> gh-pages (forced update)
=== Run finished: Fri Oct  2 18:10:16 IST 2026 ===
=== Run started: Fri Oct  2 18:20:17 IST 2026 ===
[gh-pages 2094735] Auto-deploy: 2026-10-02T17:20:17Z
 Date: Tue Sep 15 08:43:09 2026 +0100
 4 files changed, 19423 insertions(+)
 create mode 100644 SwiftScheduleParser.log
 create mode 100644 github-swiftschedule-deploy.log
 create mode 100644 index.html
 create mode 100644 logfile
To github-swiftsched:UCD-HEAP/Swift_Schedule.git
 + 3291bde...2094735 gh-pages -> gh-pages (forced update)
=== Run finished: Fri Oct  2 18:20:19 IST 2026 ===
=== Run started: Fri Oct  2 18:30:17 IST 2026 ===
[gh-pages dd57079] Auto-deploy: 2026-10-02T17:30:17Z
 Date: Tue Sep 15 08:43:09 2026 +0100
 4 files changed, 19434 insertions(+)
 create mode 100644 SwiftScheduleParser.log
 create mode 100644 github-swiftschedule-deploy.log
 create mode 100644 index.html
 create mode 100644 logfile
To github-swiftsched:UCD-HEAP/Swift_Schedule.git
 + 2094735...dd57079 gh-pages -> gh-pages (forced update)
=== Run finished: Fri Oct  2 18:30:19 IST 2026 ===
=== Run started: Fri Oct  2 18:40:18 IST 2026 ===
[gh-pages e132f2a] Auto-deploy: 2026-10-02T17:40:18Z
 Date: Tue Sep 15 08:43:09 2026 +0100
 4 files changed, 19445 insertions(+)
 create mode 100644 SwiftScheduleParser.log
 create mode 100644 github-swiftschedule-deploy.log
 create mode 100644 index.html
 create mode 100644 logfile
To github-swiftsched:UCD-HEAP/Swift_Schedule.git
 + dd57079...e132f2a gh-pages -> gh-pages (forced update)
=== Run finished: Fri Oct  2 18:40:20 IST 2026 ===
=== Run started: Fri Oct  2 18:50:15 IST 2026 ===
[gh-pages 88ff77c] Auto-deploy: 2026-10-02T17:50:15Z
 Date: Tue Sep 15 08:43:09 2026 +0100
 4 files changed, 19456 insertions(+)
 create mode 100644 SwiftScheduleParser.log
 create mode 100644 github-swiftschedule-deploy.log
 create mode 100644 index.html
 create mode 100644 logfile
To github-swiftsched:UCD-HEAP/Swift_Schedule.git
 + e132f2a...88ff77c gh-pages -> gh-pages (forced update)
=== Run finished: Fri Oct  2 18:50:17 IST 2026 ===
=== Run started: Fri Oct  2 19:00:17 IST 2026 ===
[gh-pages b25d21a] Auto-deploy: 2026-10-02T18:00:17Z
 Date: Tue Sep 15 08:43:09 2026 +0100
 4 files changed, 19467 insertions(+)
 create mode 100644 SwiftScheduleParser.log
 create mode 100644 github-swiftschedule-deploy.log
 create mode 100644 index.html
 create mode 100644 logfile
To github-swiftsched:UCD-HEAP/Swift_Schedule.git
 + 88ff77c...b25d21a gh-pages -> gh-pages (forced update)
=== Run finished: Fri Oct  2 19:00:19 IST 2026 ===
=== Run started: Fri Oct  2 19:10:17 IST 2026 ===
[gh-pages 82469ad] Auto-deploy: 2026-10-02T18:10:17Z
 Date: Tue Sep 15 08:43:09 2026 +0100
 4 files changed, 19478 insertions(+)
 create mode 100644 SwiftScheduleParser.log
 create mode 100644 github-swiftschedule-deploy.log
 create mode 100644 index.html
 create mode 100644 logfile
To github-swiftsched:UCD-HEAP/Swift_Schedule.git
 + b25d21a...82469ad gh-pages -> gh-pages (forced update)
=== Run finished: Fri Oct  2 19:10:18 IST 2026 ===
=== Run started: Fri Oct  2 19:20:18 IST 2026 ===
[gh-pages e5aed96] Auto-deploy: 2026-10-02T18:20:18Z
 Date: Tue Sep 15 08:43:09 2026 +0100
 4 files changed, 19489 insertions(+)
 create mode 100644 SwiftScheduleParser.log
 create mode 100644 github-swiftschedule-deploy.log
 create mode 100644 index.html
 create mode 100644 logfile
To github-swiftsched:UCD-HEAP/Swift_Schedule.git
 + 82469ad...e5aed96 gh-pages -> gh-pages (forced update)
=== Run finished: Fri Oct  2 19:20:20 IST 2026 ===
=== Run started: Fri Oct  2 19:30:15 IST 2026 ===
[gh-pages 7eb72c7] Auto-deploy: 2026-10-02T18:30:15Z
 Date: Tue Sep 15 08:43:09 2026 +0100
 4 files changed, 19500 insertions(+)
 create mode 100644 SwiftScheduleParser.log
 create mode 100644 github-swiftschedule-deploy.log
 create mode 100644 index.html
 create mode 100644 logfile
To github-swiftsched:UCD-HEAP/Swift_Schedule.git
 + e5aed96...7eb72c7 gh-pages -> gh-pages (forced update)
=== Run finished: Fri Oct  2 19:30:17 IST 2026 ===
=== Run started: Fri Oct  2 19:40:18 IST 2026 ===
[gh-pages cc18d12] Auto-deploy: 2026-10-02T18:40:18Z
 Date: Tue Sep 15 08:43:09 2026 +0100
 4 files changed, 19511 insertions(+)
 create mode 100644 SwiftScheduleParser.log
 create mode 100644 github-swiftschedule-deploy.log
 create mode 100644 index.html
 create mode 100644 logfile
To github-swiftsched:UCD-HEAP/Swift_Schedule.git
 + 7eb72c7...cc18d12 gh-pages -> gh-pages (forced update)
=== Run finished: Fri Oct  2 19:40:19 IST 2026 ===
=== Run started: Fri Oct  2 19:50:18 IST 2026 ===
[gh-pages bbad68a] Auto-deploy: 2026-10-02T18:50:18Z
 Date: Tue Sep 15 08:43:09 2026 +0100
 4 files changed, 19522 insertions(+)
 create mode 100644 SwiftScheduleParser.log
 create mode 100644 github-swiftschedule-deploy.log
 create mode 100644 index.html
 create mode 100644 logfile
To github-swiftsched:UCD-HEAP/Swift_Schedule.git
 + cc18d12...bbad68a gh-pages -> gh-pages (forced update)
=== Run finished: Fri Oct  2 19:50:20 IST 2026 ===
=== Run started: Fri Oct  2 20:00:15 IST 2026 ===
[gh-pages 0c408e7] Auto-deploy: 2026-10-02T19:00:15Z
 Date: Tue Sep 15 08:43:09 2026 +0100
 4 files changed, 19533 insertions(+)
 create mode 100644 SwiftScheduleParser.log
 create mode 100644 github-swiftschedule-deploy.log
 create mode 100644 index.html
 create mode 100644 logfile
To github-swiftsched:UCD-HEAP/Swift_Schedule.git
 + bbad68a...0c408e7 gh-pages -> gh-pages (forced update)
=== Run finished: Fri Oct  2 20:00:17 IST 2026 ===
=== Run started: Fri Oct  2 20:10:17 IST 2026 ===
[gh-pages 4f6c104] Auto-deploy: 2026-10-02T19:10:17Z
 Date: Tue Sep 15 08:43:09 2026 +0100
 4 files changed, 19544 insertions(+)
 create mode 100644 SwiftScheduleParser.log
 create mode 100644 github-swiftschedule-deploy.log
 create mode 100644 index.html
 create mode 100644 logfile
To github-swiftsched:UCD-HEAP/Swift_Schedule.git
 + 0c408e7...4f6c104 gh-pages -> gh-pages (forced update)
=== Run finished: Fri Oct  2 20:10:19 IST 2026 ===
=== Run started: Fri Oct  2 20:20:15 IST 2026 ===
[gh-pages 306618c] Auto-deploy: 2026-10-02T19:20:15Z
 Date: Tue Sep 15 08:43:09 2026 +0100
 4 files changed, 19555 insertions(+)
 create mode 100644 SwiftScheduleParser.log
 create mode 100644 github-swiftschedule-deploy.log
 create mode 100644 index.html
 create mode 100644 logfile
To github-swiftsched:UCD-HEAP/Swift_Schedule.git
 + 4f6c104...306618c gh-pages -> gh-pages (forced update)
=== Run finished: Fri Oct  2 20:20:17 IST 2026 ===
=== Run started: Fri Oct  2 20:30:18 IST 2026 ===
[gh-pages 20b304d] Auto-deploy: 2026-10-02T19:30:18Z
 Date: Tue Sep 15 08:43:09 2026 +0100
 4 files changed, 19566 insertions(+)
 create mode 100644 SwiftScheduleParser.log
 create mode 100644 github-swiftschedule-deploy.log
 create mode 100644 index.html
 create mode 100644 logfile
To github-swiftsched:UCD-HEAP/Swift_Schedule.git
 + 306618c...20b304d gh-pages -> gh-pages (forced update)
=== Run finished: Fri Oct  2 20:30:20 IST 2026 ===
=== Run started: Fri Oct  2 20:40:15 IST 2026 ===
[gh-pages b9b6977] Auto-deploy: 2026-10-02T19:40:15Z
 Date: Tue Sep 15 08:43:09 2026 +0100
 4 files changed, 19577 insertions(+)
 create mode 100644 SwiftScheduleParser.log
 create mode 100644 github-swiftschedule-deploy.log
 create mode 100644 index.html
 create mode 100644 logfile
To github-swiftsched:UCD-HEAP/Swift_Schedule.git
 + 20b304d...b9b6977 gh-pages -> gh-pages (forced update)
=== Run finished: Fri Oct  2 20:40:17 IST 2026 ===
=== Run started: Fri Oct  2 20:50:18 IST 2026 ===
[gh-pages c0e9bbf] Auto-deploy: 2026-10-02T19:50:18Z
 Date: Tue Sep 15 08:43:09 2026 +0100
 4 files changed, 19588 insertions(+)
 create mode 100644 SwiftScheduleParser.log
 create mode 100644 github-swiftschedule-deploy.log
 create mode 100644 index.html
 create mode 100644 logfile
To github-swiftsched:UCD-HEAP/Swift_Schedule.git
 + b9b6977...c0e9bbf gh-pages -> gh-pages (forced update)
=== Run finished: Fri Oct  2 20:50:20 IST 2026 ===
=== Run started: Fri Oct  2 21:00:15 IST 2026 ===
[gh-pages 68135fd] Auto-deploy: 2026-10-02T20:00:15Z
 Date: Tue Sep 15 08:43:09 2026 +0100
 4 files changed, 19599 insertions(+)
 create mode 100644 SwiftScheduleParser.log
 create mode 100644 github-swiftschedule-deploy.log
 create mode 100644 index.html
 create mode 100644 logfile
To github-swiftsched:UCD-HEAP/Swift_Schedule.git
 + c0e9bbf...68135fd gh-pages -> gh-pages (forced update)
=== Run finished: Fri Oct  2 21:00:17 IST 2026 ===
=== Run started: Fri Oct  2 21:10:17 IST 2026 ===
[gh-pages 7771665] Auto-deploy: 2026-10-02T20:10:17Z
 Date: Tue Sep 15 08:43:09 2026 +0100
 4 files changed, 19610 insertions(+)
 create mode 100644 SwiftScheduleParser.log
 create mode 100644 github-swiftschedule-deploy.log
 create mode 100644 index.html
 create mode 100644 logfile
To github-swiftsched:UCD-HEAP/Swift_Schedule.git
 + 68135fd...7771665 gh-pages -> gh-pages (forced update)
=== Run finished: Fri Oct  2 21:10:19 IST 2026 ===
=== Run started: Fri Oct  2 21:20:17 IST 2026 ===
[gh-pages 3a4c2e1] Auto-deploy: 2026-10-02T20:20:17Z
 Date: Tue Sep 15 08:43:09 2026 +0100
 4 files changed, 19621 insertions(+)
 create mode 100644 SwiftScheduleParser.log
 create mode 100644 github-swiftschedule-deploy.log
 create mode 100644 index.html
 create mode 100644 logfile
To github-swiftsched:UCD-HEAP/Swift_Schedule.git
 + 7771665...3a4c2e1 gh-pages -> gh-pages (forced update)
=== Run finished: Fri Oct  2 21:20:19 IST 2026 ===
=== Run started: Fri Oct  2 21:30:18 IST 2026 ===
[gh-pages e6e917c] Auto-deploy: 2026-10-02T20:30:18Z
 Date: Tue Sep 15 08:43:09 2026 +0100
 4 files changed, 19632 insertions(+)
 create mode 100644 SwiftScheduleParser.log
 create mode 100644 github-swiftschedule-deploy.log
 create mode 100644 index.html
 create mode 100644 logfile
To github-swiftsched:UCD-HEAP/Swift_Schedule.git
 + 3a4c2e1...e6e917c gh-pages -> gh-pages (forced update)
=== Run finished: Fri Oct  2 21:30:20 IST 2026 ===
=== Run started: Fri Oct  2 21:40:15 IST 2026 ===
[gh-pages 3a03c75] Auto-deploy: 2026-10-02T20:40:15Z
 Date: Tue Sep 15 08:43:09 2026 +0100
 4 files changed, 19643 insertions(+)
 create mode 100644 SwiftScheduleParser.log
 create mode 100644 github-swiftschedule-deploy.log
 create mode 100644 index.html
 create mode 100644 logfile
To github-swiftsched:UCD-HEAP/Swift_Schedule.git
 + e6e917c...3a03c75 gh-pages -> gh-pages (forced update)
=== Run finished: Fri Oct  2 21:40:17 IST 2026 ===
=== Run started: Fri Oct  2 21:50:19 IST 2026 ===
[gh-pages 0ab67c1] Auto-deploy: 2026-10-02T20:50:19Z
 Date: Tue Sep 15 08:43:09 2026 +0100
 4 files changed, 19654 insertions(+)
 create mode 100644 SwiftScheduleParser.log
 create mode 100644 github-swiftschedule-deploy.log
 create mode 100644 index.html
 create mode 100644 logfile
To github-swiftsched:UCD-HEAP/Swift_Schedule.git
 + 3a03c75...0ab67c1 gh-pages -> gh-pages (forced update)
=== Run finished: Fri Oct  2 21:50:21 IST 2026 ===
=== Run started: Fri Oct  2 22:00:15 IST 2026 ===
[gh-pages f419aa9] Auto-deploy: 2026-10-02T21:00:15Z
 Date: Tue Sep 15 08:43:09 2026 +0100
 4 files changed, 19665 insertions(+)
 create mode 100644 SwiftScheduleParser.log
 create mode 100644 github-swiftschedule-deploy.log
 create mode 100644 index.html
 create mode 100644 logfile
To github-swiftsched:UCD-HEAP/Swift_Schedule.git
 + 0ab67c1...f419aa9 gh-pages -> gh-pages (forced update)
=== Run finished: Fri Oct  2 22:00:17 IST 2026 ===
=== Run started: Fri Oct  2 22:10:20 IST 2026 ===
[gh-pages 40c4dab] Auto-deploy: 2026-10-02T21:10:20Z
 Date: Tue Sep 15 08:43:09 2026 +0100
 4 files changed, 19676 insertions(+)
 create mode 100644 SwiftScheduleParser.log
 create mode 100644 github-swiftschedule-deploy.log
 create mode 100644 index.html
 create mode 100644 logfile
To github-swiftsched:UCD-HEAP/Swift_Schedule.git
 + f419aa9...40c4dab gh-pages -> gh-pages (forced update)
=== Run finished: Fri Oct  2 22:10:22 IST 2026 ===
=== Run started: Fri Oct  2 22:20:15 IST 2026 ===
[gh-pages 2931eef] Auto-deploy: 2026-10-02T21:20:15Z
 Date: Tue Sep 15 08:43:09 2026 +0100
 4 files changed, 19687 insertions(+)
 create mode 100644 SwiftScheduleParser.log
 create mode 100644 github-swiftschedule-deploy.log
 create mode 100644 index.html
 create mode 100644 logfile
To github-swiftsched:UCD-HEAP/Swift_Schedule.git
 + 40c4dab...2931eef gh-pages -> gh-pages (forced update)
=== Run finished: Fri Oct  2 22:20:17 IST 2026 ===
=== Run started: Fri Oct  2 22:30:18 IST 2026 ===
[gh-pages 5a7a45c] Auto-deploy: 2026-10-02T21:30:19Z
 Date: Tue Sep 15 08:43:09 2026 +0100
 4 files changed, 19698 insertions(+)
 create mode 100644 SwiftScheduleParser.log
 create mode 100644 github-swiftschedule-deploy.log
 create mode 100644 index.html
 create mode 100644 logfile
To github-swiftsched:UCD-HEAP/Swift_Schedule.git
 + 2931eef...5a7a45c gh-pages -> gh-pages (forced update)
=== Run finished: Fri Oct  2 22:30:20 IST 2026 ===
=== Run started: Fri Oct  2 22:40:20 IST 2026 ===
[gh-pages 02a1054] Auto-deploy: 2026-10-02T21:40:20Z
 Date: Tue Sep 15 08:43:09 2026 +0100
 4 files changed, 19709 insertions(+)
 create mode 100644 SwiftScheduleParser.log
 create mode 100644 github-swiftschedule-deploy.log
 create mode 100644 index.html
 create mode 100644 logfile
To github-swiftsched:UCD-HEAP/Swift_Schedule.git
 + 5a7a45c...02a1054 gh-pages -> gh-pages (forced update)
=== Run finished: Fri Oct  2 22:40:21 IST 2026 ===
=== Run started: Fri Oct  2 22:50:15 IST 2026 ===
[gh-pages 3ff1330] Auto-deploy: 2026-10-02T21:50:15Z
 Date: Tue Sep 15 08:43:09 2026 +0100
 4 files changed, 19720 insertions(+)
 create mode 100644 SwiftScheduleParser.log
 create mode 100644 github-swiftschedule-deploy.log
 create mode 100644 index.html
 create mode 100644 logfile
To github-swiftsched:UCD-HEAP/Swift_Schedule.git
 + 02a1054...3ff1330 gh-pages -> gh-pages (forced update)
=== Run finished: Fri Oct  2 22:50:17 IST 2026 ===
=== Run started: Fri Oct  2 23:00:23 IST 2026 ===
[gh-pages 1cac96a] Auto-deploy: 2026-10-02T22:00:23Z
 Date: Tue Sep 15 08:43:09 2026 +0100
 4 files changed, 19731 insertions(+)
 create mode 100644 SwiftScheduleParser.log
 create mode 100644 github-swiftschedule-deploy.log
 create mode 100644 index.html
 create mode 100644 logfile
To github-swiftsched:UCD-HEAP/Swift_Schedule.git
 + 3ff1330...1cac96a gh-pages -> gh-pages (forced update)
=== Run finished: Fri Oct  2 23:00:25 IST 2026 ===
=== Run started: Fri Oct  2 23:10:15 IST 2026 ===
[gh-pages b7e1dac] Auto-deploy: 2026-10-02T22:10:15Z
 Date: Tue Sep 15 08:43:09 2026 +0100
 4 files changed, 19742 insertions(+)
 create mode 100644 SwiftScheduleParser.log
 create mode 100644 github-swiftschedule-deploy.log
 create mode 100644 index.html
 create mode 100644 logfile
To github-swiftsched:UCD-HEAP/Swift_Schedule.git
 + 1cac96a...b7e1dac gh-pages -> gh-pages (forced update)
=== Run finished: Fri Oct  2 23:10:17 IST 2026 ===
=== Run started: Fri Oct  2 23:20:18 IST 2026 ===
[gh-pages 5db1d56] Auto-deploy: 2026-10-02T22:20:18Z
 Date: Tue Sep 15 08:43:09 2026 +0100
 4 files changed, 19753 insertions(+)
 create mode 100644 SwiftScheduleParser.log
 create mode 100644 github-swiftschedule-deploy.log
 create mode 100644 index.html
 create mode 100644 logfile
To github-swiftsched:UCD-HEAP/Swift_Schedule.git
 + b7e1dac...5db1d56 gh-pages -> gh-pages (forced update)
=== Run finished: Fri Oct  2 23:20:20 IST 2026 ===
=== Run started: Fri Oct  2 23:30:19 IST 2026 ===
[gh-pages 9a98310] Auto-deploy: 2026-10-02T22:30:19Z
 Date: Tue Sep 15 08:43:09 2026 +0100
 4 files changed, 19764 insertions(+)
 create mode 100644 SwiftScheduleParser.log
 create mode 100644 github-swiftschedule-deploy.log
 create mode 100644 index.html
 create mode 100644 logfile
To github-swiftsched:UCD-HEAP/Swift_Schedule.git
 + 5db1d56...9a98310 gh-pages -> gh-pages (forced update)
=== Run finished: Fri Oct  2 23:30:21 IST 2026 ===
=== Run started: Fri Oct  2 23:40:15 IST 2026 ===
[gh-pages fb7d7a3] Auto-deploy: 2026-10-02T22:40:15Z
 Date: Tue Sep 15 08:43:09 2026 +0100
 4 files changed, 19775 insertions(+)
 create mode 100644 SwiftScheduleParser.log
 create mode 100644 github-swiftschedule-deploy.log
 create mode 100644 index.html
 create mode 100644 logfile
To github-swiftsched:UCD-HEAP/Swift_Schedule.git
 + 9a98310...fb7d7a3 gh-pages -> gh-pages (forced update)
=== Run finished: Fri Oct  2 23:40:17 IST 2026 ===
=== Run started: Fri Oct  2 23:50:21 IST 2026 ===
[gh-pages b6eba94] Auto-deploy: 2026-10-02T22:50:21Z
 Date: Tue Sep 15 08:43:09 2026 +0100
 4 files changed, 19786 insertions(+)
 create mode 100644 SwiftScheduleParser.log
 create mode 100644 github-swiftschedule-deploy.log
 create mode 100644 index.html
 create mode 100644 logfile
To github-swiftsched:UCD-HEAP/Swift_Schedule.git
 + fb7d7a3...b6eba94 gh-pages -> gh-pages (forced update)
=== Run finished: Fri Oct  2 23:50:23 IST 2026 ===
=== Run started: Sat Oct  3 00:00:14 IST 2026 ===
[gh-pages 9b59cfc] Auto-deploy: 2026-10-02T23:00:15Z
 Date: Tue Sep 15 08:43:09 2026 +0100
 4 files changed, 19797 insertions(+)
 create mode 100644 SwiftScheduleParser.log
 create mode 100644 github-swiftschedule-deploy.log
 create mode 100644 index.html
 create mode 100644 logfile
To github-swiftsched:UCD-HEAP/Swift_Schedule.git
 + b6eba94...9b59cfc gh-pages -> gh-pages (forced update)
=== Run finished: Sat Oct  3 00:00:16 IST 2026 ===
=== Run started: Sat Oct  3 00:10:21 IST 2026 ===
[gh-pages 2fcf079] Auto-deploy: 2026-10-02T23:10:21Z
 Date: Tue Sep 15 08:43:09 2026 +0100
 4 files changed, 19808 insertions(+)
 create mode 100644 SwiftScheduleParser.log
 create mode 100644 github-swiftschedule-deploy.log
 create mode 100644 index.html
 create mode 100644 logfile
To github-swiftsched:UCD-HEAP/Swift_Schedule.git
 + 9b59cfc...2fcf079 gh-pages -> gh-pages (forced update)
=== Run finished: Sat Oct  3 00:10:23 IST 2026 ===
=== Run started: Sat Oct  3 00:20:22 IST 2026 ===
[gh-pages e21b474] Auto-deploy: 2026-10-02T23:20:22Z
 Date: Tue Sep 15 08:43:09 2026 +0100
 4 files changed, 19819 insertions(+)
 create mode 100644 SwiftScheduleParser.log
 create mode 100644 github-swiftschedule-deploy.log
 create mode 100644 index.html
 create mode 100644 logfile
To github-swiftsched:UCD-HEAP/Swift_Schedule.git
 + 2fcf079...e21b474 gh-pages -> gh-pages (forced update)
=== Run finished: Sat Oct  3 00:20:23 IST 2026 ===
=== Run started: Sat Oct  3 00:30:15 IST 2026 ===
[gh-pages f35b589] Auto-deploy: 2026-10-02T23:30:15Z
 Date: Tue Sep 15 08:43:09 2026 +0100
 4 files changed, 19830 insertions(+)
 create mode 100644 SwiftScheduleParser.log
 create mode 100644 github-swiftschedule-deploy.log
 create mode 100644 index.html
 create mode 100644 logfile
To github-swiftsched:UCD-HEAP/Swift_Schedule.git
 + e21b474...f35b589 gh-pages -> gh-pages (forced update)
=== Run finished: Sat Oct  3 00:30:17 IST 2026 ===
=== Run started: Sat Oct  3 00:40:20 IST 2026 ===
[gh-pages 4c5563d] Auto-deploy: 2026-10-02T23:40:20Z
 Date: Tue Sep 15 08:43:09 2026 +0100
 4 files changed, 19841 insertions(+)
 create mode 100644 SwiftScheduleParser.log
 create mode 100644 github-swiftschedule-deploy.log
 create mode 100644 index.html
 create mode 100644 logfile
To github-swiftsched:UCD-HEAP/Swift_Schedule.git
 + f35b589...4c5563d gh-pages -> gh-pages (forced update)
=== Run finished: Sat Oct  3 00:40:21 IST 2026 ===
=== Run started: Sat Oct  3 00:50:15 IST 2026 ===
[gh-pages ed65807] Auto-deploy: 2026-10-02T23:50:15Z
 Date: Tue Sep 15 08:43:09 2026 +0100
 4 files changed, 19852 insertions(+)
 create mode 100644 SwiftScheduleParser.log
 create mode 100644 github-swiftschedule-deploy.log
 create mode 100644 index.html
 create mode 100644 logfile
To github-swiftsched:UCD-HEAP/Swift_Schedule.git
 + 4c5563d...ed65807 gh-pages -> gh-pages (forced update)
=== Run finished: Sat Oct  3 00:50:16 IST 2026 ===
=== Run started: Sat Oct  3 01:00:18 IST 2026 ===
[gh-pages 00bc384] Auto-deploy: 2026-10-03T00:00:18Z
 Date: Tue Sep 15 08:43:09 2026 +0100
 4 files changed, 19871 insertions(+)
 create mode 100644 SwiftScheduleParser.log
 create mode 100644 github-swiftschedule-deploy.log
 create mode 100644 index.html
 create mode 100644 logfile
To github-swiftsched:UCD-HEAP/Swift_Schedule.git
 + ed65807...00bc384 gh-pages -> gh-pages (forced update)
=== Run finished: Sat Oct  3 01:00:20 IST 2026 ===
=== Run started: Sat Oct  3 01:10:16 IST 2026 ===
[gh-pages 3ddf683] Auto-deploy: 2026-10-03T00:10:16Z
 Date: Tue Sep 15 08:43:09 2026 +0100
 4 files changed, 19882 insertions(+)
 create mode 100644 SwiftScheduleParser.log
 create mode 100644 github-swiftschedule-deploy.log
 create mode 100644 index.html
 create mode 100644 logfile
To github-swiftsched:UCD-HEAP/Swift_Schedule.git
 + 00bc384...3ddf683 gh-pages -> gh-pages (forced update)
=== Run finished: Sat Oct  3 01:10:17 IST 2026 ===
=== Run started: Sat Oct  3 01:20:18 IST 2026 ===
[gh-pages 333379e] Auto-deploy: 2026-10-03T00:20:18Z
 Date: Tue Sep 15 08:43:09 2026 +0100
 4 files changed, 19893 insertions(+)
 create mode 100644 SwiftScheduleParser.log
 create mode 100644 github-swiftschedule-deploy.log
 create mode 100644 index.html
 create mode 100644 logfile
To github-swiftsched:UCD-HEAP/Swift_Schedule.git
 + 3ddf683...333379e gh-pages -> gh-pages (forced update)
=== Run finished: Sat Oct  3 01:20:20 IST 2026 ===
=== Run started: Sat Oct  3 01:30:15 IST 2026 ===
[gh-pages 6064e5d] Auto-deploy: 2026-10-03T00:30:15Z
 Date: Tue Sep 15 08:43:09 2026 +0100
 4 files changed, 19904 insertions(+)
 create mode 100644 SwiftScheduleParser.log
 create mode 100644 github-swiftschedule-deploy.log
 create mode 100644 index.html
 create mode 100644 logfile
To github-swiftsched:UCD-HEAP/Swift_Schedule.git
 + 333379e...6064e5d gh-pages -> gh-pages (forced update)
=== Run finished: Sat Oct  3 01:30:17 IST 2026 ===
=== Run started: Sat Oct  3 01:40:18 IST 2026 ===
[gh-pages bcbcc8d] Auto-deploy: 2026-10-03T00:40:18Z
 Date: Tue Sep 15 08:43:09 2026 +0100
 4 files changed, 19915 insertions(+)
 create mode 100644 SwiftScheduleParser.log
 create mode 100644 github-swiftschedule-deploy.log
 create mode 100644 index.html
 create mode 100644 logfile
To github-swiftsched:UCD-HEAP/Swift_Schedule.git
 + 6064e5d...bcbcc8d gh-pages -> gh-pages (forced update)
=== Run finished: Sat Oct  3 01:40:20 IST 2026 ===
=== Run started: Sat Oct  3 01:50:15 IST 2026 ===
[gh-pages 3f05f53] Auto-deploy: 2026-10-03T00:50:15Z
 Date: Tue Sep 15 08:43:09 2026 +0100
 4 files changed, 19926 insertions(+)
 create mode 100644 SwiftScheduleParser.log
 create mode 100644 github-swiftschedule-deploy.log
 create mode 100644 index.html
 create mode 100644 logfile
To github-swiftsched:UCD-HEAP/Swift_Schedule.git
 + bcbcc8d...3f05f53 gh-pages -> gh-pages (forced update)
=== Run finished: Sat Oct  3 01:50:16 IST 2026 ===
=== Run started: Sat Oct  3 02:00:17 IST 2026 ===
[gh-pages 111d47a] Auto-deploy: 2026-10-03T01:00:17Z
 Date: Tue Sep 15 08:43:09 2026 +0100
 4 files changed, 19937 insertions(+)
 create mode 100644 SwiftScheduleParser.log
 create mode 100644 github-swiftschedule-deploy.log
 create mode 100644 index.html
 create mode 100644 logfile
To github-swiftsched:UCD-HEAP/Swift_Schedule.git
 + 3f05f53...111d47a gh-pages -> gh-pages (forced update)
=== Run finished: Sat Oct  3 02:00:19 IST 2026 ===
=== Run started: Sat Oct  3 02:10:17 IST 2026 ===
[gh-pages 787ed4d] Auto-deploy: 2026-10-03T01:10:18Z
 Date: Tue Sep 15 08:43:09 2026 +0100
 4 files changed, 19948 insertions(+)
 create mode 100644 SwiftScheduleParser.log
 create mode 100644 github-swiftschedule-deploy.log
 create mode 100644 index.html
 create mode 100644 logfile
To github-swiftsched:UCD-HEAP/Swift_Schedule.git
 + 111d47a...787ed4d gh-pages -> gh-pages (forced update)
=== Run finished: Sat Oct  3 02:10:19 IST 2026 ===
=== Run started: Sat Oct  3 02:20:18 IST 2026 ===
[gh-pages 7fd1931] Auto-deploy: 2026-10-03T01:20:18Z
 Date: Tue Sep 15 08:43:09 2026 +0100
 4 files changed, 19959 insertions(+)
 create mode 100644 SwiftScheduleParser.log
 create mode 100644 github-swiftschedule-deploy.log
 create mode 100644 index.html
 create mode 100644 logfile
To github-swiftsched:UCD-HEAP/Swift_Schedule.git
 + 787ed4d...7fd1931 gh-pages -> gh-pages (forced update)
=== Run finished: Sat Oct  3 02:20:20 IST 2026 ===
=== Run started: Sat Oct  3 02:30:15 IST 2026 ===
[gh-pages ea6ae30] Auto-deploy: 2026-10-03T01:30:15Z
 Date: Tue Sep 15 08:43:09 2026 +0100
 4 files changed, 19970 insertions(+)
 create mode 100644 SwiftScheduleParser.log
 create mode 100644 github-swiftschedule-deploy.log
 create mode 100644 index.html
 create mode 100644 logfile
To github-swiftsched:UCD-HEAP/Swift_Schedule.git
 + 7fd1931...ea6ae30 gh-pages -> gh-pages (forced update)
=== Run finished: Sat Oct  3 02:30:17 IST 2026 ===
=== Run started: Sat Oct  3 02:40:18 IST 2026 ===
[gh-pages de8ffc6] Auto-deploy: 2026-10-03T01:40:18Z
 Date: Tue Sep 15 08:43:09 2026 +0100
 4 files changed, 19981 insertions(+)
 create mode 100644 SwiftScheduleParser.log
 create mode 100644 github-swiftschedule-deploy.log
 create mode 100644 index.html
 create mode 100644 logfile
To github-swiftsched:UCD-HEAP/Swift_Schedule.git
 + ea6ae30...de8ffc6 gh-pages -> gh-pages (forced update)
=== Run finished: Sat Oct  3 02:40:20 IST 2026 ===
=== Run started: Sat Oct  3 02:50:16 IST 2026 ===
[gh-pages 2a7a62d] Auto-deploy: 2026-10-03T01:50:16Z
 Date: Tue Sep 15 08:43:09 2026 +0100
 4 files changed, 19992 insertions(+)
 create mode 100644 SwiftScheduleParser.log
 create mode 100644 github-swiftschedule-deploy.log
 create mode 100644 index.html
 create mode 100644 logfile
To github-swiftsched:UCD-HEAP/Swift_Schedule.git
 + de8ffc6...2a7a62d gh-pages -> gh-pages (forced update)
=== Run finished: Sat Oct  3 02:50:18 IST 2026 ===
=== Run started: Sat Oct  3 03:00:17 IST 2026 ===
[gh-pages 667df1c] Auto-deploy: 2026-10-03T02:00:17Z
 Date: Tue Sep 15 08:43:09 2026 +0100
 4 files changed, 20003 insertions(+)
 create mode 100644 SwiftScheduleParser.log
 create mode 100644 github-swiftschedule-deploy.log
 create mode 100644 index.html
 create mode 100644 logfile
To github-swiftsched:UCD-HEAP/Swift_Schedule.git
 + 2a7a62d...667df1c gh-pages -> gh-pages (forced update)
=== Run finished: Sat Oct  3 03:00:18 IST 2026 ===
=== Run started: Sat Oct  3 03:10:18 IST 2026 ===
[gh-pages 7bba50d] Auto-deploy: 2026-10-03T02:10:18Z
 Date: Tue Sep 15 08:43:09 2026 +0100
 4 files changed, 20014 insertions(+)
 create mode 100644 SwiftScheduleParser.log
 create mode 100644 github-swiftschedule-deploy.log
 create mode 100644 index.html
 create mode 100644 logfile
To github-swiftsched:UCD-HEAP/Swift_Schedule.git
 + 667df1c...7bba50d gh-pages -> gh-pages (forced update)
=== Run finished: Sat Oct  3 03:10:20 IST 2026 ===
=== Run started: Sat Oct  3 03:20:25 IST 2026 ===
[gh-pages 1f1fb0a] Auto-deploy: 2026-10-03T02:20:25Z
 Date: Tue Sep 15 08:43:09 2026 +0100
 4 files changed, 20025 insertions(+)
 create mode 100644 SwiftScheduleParser.log
 create mode 100644 github-swiftschedule-deploy.log
 create mode 100644 index.html
 create mode 100644 logfile
To github-swiftsched:UCD-HEAP/Swift_Schedule.git
 + 7bba50d...1f1fb0a gh-pages -> gh-pages (forced update)
=== Run finished: Sat Oct  3 03:20:27 IST 2026 ===
=== Run started: Sat Oct  3 03:30:15 IST 2026 ===
[gh-pages 56a34d3] Auto-deploy: 2026-10-03T02:30:15Z
 Date: Tue Sep 15 08:43:09 2026 +0100
 4 files changed, 20036 insertions(+)
 create mode 100644 SwiftScheduleParser.log
 create mode 100644 github-swiftschedule-deploy.log
 create mode 100644 index.html
 create mode 100644 logfile
To github-swiftsched:UCD-HEAP/Swift_Schedule.git
 + 1f1fb0a...56a34d3 gh-pages -> gh-pages (forced update)
=== Run finished: Sat Oct  3 03:30:16 IST 2026 ===
=== Run started: Sat Oct  3 03:40:18 IST 2026 ===
[gh-pages a50db55] Auto-deploy: 2026-10-03T02:40:18Z
 Date: Tue Sep 15 08:43:09 2026 +0100
 4 files changed, 20047 insertions(+)
 create mode 100644 SwiftScheduleParser.log
 create mode 100644 github-swiftschedule-deploy.log
 create mode 100644 index.html
 create mode 100644 logfile
To github-swiftsched:UCD-HEAP/Swift_Schedule.git
 + 56a34d3...a50db55 gh-pages -> gh-pages (forced update)
=== Run finished: Sat Oct  3 03:40:20 IST 2026 ===
=== Run started: Sat Oct  3 03:50:15 IST 2026 ===
[gh-pages ef01302] Auto-deploy: 2026-10-03T02:50:15Z
 Date: Tue Sep 15 08:43:09 2026 +0100
 4 files changed, 20058 insertions(+)
 create mode 100644 SwiftScheduleParser.log
 create mode 100644 github-swiftschedule-deploy.log
 create mode 100644 index.html
 create mode 100644 logfile
To github-swiftsched:UCD-HEAP/Swift_Schedule.git
 + a50db55...ef01302 gh-pages -> gh-pages (forced update)
=== Run finished: Sat Oct  3 03:50:17 IST 2026 ===
=== Run started: Sat Oct  3 04:00:17 IST 2026 ===
[gh-pages 428284c] Auto-deploy: 2026-10-03T03:00:17Z
 Date: Tue Sep 15 08:43:09 2026 +0100
 4 files changed, 20069 insertions(+)
 create mode 100644 SwiftScheduleParser.log
 create mode 100644 github-swiftschedule-deploy.log
 create mode 100644 index.html
 create mode 100644 logfile
To github-swiftsched:UCD-HEAP/Swift_Schedule.git
 + ef01302...428284c gh-pages -> gh-pages (forced update)
=== Run finished: Sat Oct  3 04:00:19 IST 2026 ===
=== Run started: Sat Oct  3 04:10:18 IST 2026 ===
[gh-pages 3c2b18a] Auto-deploy: 2026-10-03T03:10:18Z
 Date: Tue Sep 15 08:43:09 2026 +0100
 4 files changed, 20080 insertions(+)
 create mode 100644 SwiftScheduleParser.log
 create mode 100644 github-swiftschedule-deploy.log
 create mode 100644 index.html
 create mode 100644 logfile
To github-swiftsched:UCD-HEAP/Swift_Schedule.git
 + 428284c...3c2b18a gh-pages -> gh-pages (forced update)
=== Run finished: Sat Oct  3 04:10:20 IST 2026 ===
=== Run started: Sat Oct  3 04:20:19 IST 2026 ===
[gh-pages c7438bf] Auto-deploy: 2026-10-03T03:20:19Z
 Date: Tue Sep 15 08:43:09 2026 +0100
 4 files changed, 20091 insertions(+)
 create mode 100644 SwiftScheduleParser.log
 create mode 100644 github-swiftschedule-deploy.log
 create mode 100644 index.html
 create mode 100644 logfile
To github-swiftsched:UCD-HEAP/Swift_Schedule.git
 + 3c2b18a...c7438bf gh-pages -> gh-pages (forced update)
=== Run finished: Sat Oct  3 04:20:20 IST 2026 ===
=== Run started: Sat Oct  3 04:30:16 IST 2026 ===
[gh-pages 7da6ffd] Auto-deploy: 2026-10-03T03:30:16Z
 Date: Tue Sep 15 08:43:09 2026 +0100
 4 files changed, 20102 insertions(+)
 create mode 100644 SwiftScheduleParser.log
 create mode 100644 github-swiftschedule-deploy.log
 create mode 100644 index.html
 create mode 100644 logfile
To github-swiftsched:UCD-HEAP/Swift_Schedule.git
 + c7438bf...7da6ffd gh-pages -> gh-pages (forced update)
=== Run finished: Sat Oct  3 04:30:18 IST 2026 ===
=== Run started: Sat Oct  3 04:40:17 IST 2026 ===
[gh-pages d1c9425] Auto-deploy: 2026-10-03T03:40:17Z
 Date: Tue Sep 15 08:43:09 2026 +0100
 4 files changed, 20113 insertions(+)
 create mode 100644 SwiftScheduleParser.log
 create mode 100644 github-swiftschedule-deploy.log
 create mode 100644 index.html
 create mode 100644 logfile
To github-swiftsched:UCD-HEAP/Swift_Schedule.git
 + 7da6ffd...d1c9425 gh-pages -> gh-pages (forced update)
=== Run finished: Sat Oct  3 04:40:19 IST 2026 ===
=== Run started: Sat Oct  3 04:50:18 IST 2026 ===
[gh-pages 8192d20] Auto-deploy: 2026-10-03T03:50:18Z
 Date: Tue Sep 15 08:43:09 2026 +0100
 4 files changed, 20124 insertions(+)
 create mode 100644 SwiftScheduleParser.log
 create mode 100644 github-swiftschedule-deploy.log
 create mode 100644 index.html
 create mode 100644 logfile
To github-swiftsched:UCD-HEAP/Swift_Schedule.git
 + d1c9425...8192d20 gh-pages -> gh-pages (forced update)
=== Run finished: Sat Oct  3 04:50:20 IST 2026 ===
=== Run started: Sat Oct  3 05:00:14 IST 2026 ===
[gh-pages 1b33e50] Auto-deploy: 2026-10-03T04:00:15Z
 Date: Tue Sep 15 08:43:09 2026 +0100
 4 files changed, 20135 insertions(+)
 create mode 100644 SwiftScheduleParser.log
 create mode 100644 github-swiftschedule-deploy.log
 create mode 100644 index.html
 create mode 100644 logfile
To github-swiftsched:UCD-HEAP/Swift_Schedule.git
 + 8192d20...1b33e50 gh-pages -> gh-pages (forced update)
=== Run finished: Sat Oct  3 05:00:16 IST 2026 ===
=== Run started: Sat Oct  3 05:10:17 IST 2026 ===
[gh-pages 09c7519] Auto-deploy: 2026-10-03T04:10:17Z
 Date: Tue Sep 15 08:43:09 2026 +0100
 4 files changed, 20146 insertions(+)
 create mode 100644 SwiftScheduleParser.log
 create mode 100644 github-swiftschedule-deploy.log
 create mode 100644 index.html
 create mode 100644 logfile
To github-swiftsched:UCD-HEAP/Swift_Schedule.git
 + 1b33e50...09c7519 gh-pages -> gh-pages (forced update)
=== Run finished: Sat Oct  3 05:10:19 IST 2026 ===
=== Run started: Sat Oct  3 05:20:15 IST 2026 ===
[gh-pages 8165e5f] Auto-deploy: 2026-10-03T04:20:15Z
 Date: Tue Sep 15 08:43:09 2026 +0100
 4 files changed, 20157 insertions(+)
 create mode 100644 SwiftScheduleParser.log
 create mode 100644 github-swiftschedule-deploy.log
 create mode 100644 index.html
 create mode 100644 logfile
To github-swiftsched:UCD-HEAP/Swift_Schedule.git
 + 09c7519...8165e5f gh-pages -> gh-pages (forced update)
=== Run finished: Sat Oct  3 05:20:17 IST 2026 ===
=== Run started: Sat Oct  3 05:30:18 IST 2026 ===
[gh-pages 9e9106d] Auto-deploy: 2026-10-03T04:30:18Z
 Date: Tue Sep 15 08:43:09 2026 +0100
 4 files changed, 20168 insertions(+)
 create mode 100644 SwiftScheduleParser.log
 create mode 100644 github-swiftschedule-deploy.log
 create mode 100644 index.html
 create mode 100644 logfile
To github-swiftsched:UCD-HEAP/Swift_Schedule.git
 + 8165e5f...9e9106d gh-pages -> gh-pages (forced update)
=== Run finished: Sat Oct  3 05:30:20 IST 2026 ===
=== Run started: Sat Oct  3 05:40:15 IST 2026 ===
[gh-pages b1e924d] Auto-deploy: 2026-10-03T04:40:15Z
 Date: Tue Sep 15 08:43:09 2026 +0100
 4 files changed, 20179 insertions(+)
 create mode 100644 SwiftScheduleParser.log
 create mode 100644 github-swiftschedule-deploy.log
 create mode 100644 index.html
 create mode 100644 logfile
To github-swiftsched:UCD-HEAP/Swift_Schedule.git
 + 9e9106d...b1e924d gh-pages -> gh-pages (forced update)
=== Run finished: Sat Oct  3 05:40:16 IST 2026 ===
=== Run started: Sat Oct  3 05:50:17 IST 2026 ===
[gh-pages f6f3be3] Auto-deploy: 2026-10-03T04:50:17Z
 Date: Tue Sep 15 08:43:09 2026 +0100
 4 files changed, 20190 insertions(+)
 create mode 100644 SwiftScheduleParser.log
 create mode 100644 github-swiftschedule-deploy.log
 create mode 100644 index.html
 create mode 100644 logfile
To github-swiftsched:UCD-HEAP/Swift_Schedule.git
 + b1e924d...f6f3be3 gh-pages -> gh-pages (forced update)
=== Run finished: Sat Oct  3 05:50:19 IST 2026 ===
=== Run started: Sat Oct  3 06:00:16 IST 2026 ===
[gh-pages 80e492f] Auto-deploy: 2026-10-03T05:00:16Z
 Date: Tue Sep 15 08:43:09 2026 +0100
 4 files changed, 20201 insertions(+)
 create mode 100644 SwiftScheduleParser.log
 create mode 100644 github-swiftschedule-deploy.log
 create mode 100644 index.html
 create mode 100644 logfile
To github-swiftsched:UCD-HEAP/Swift_Schedule.git
 + f6f3be3...80e492f gh-pages -> gh-pages (forced update)
=== Run finished: Sat Oct  3 06:00:18 IST 2026 ===
=== Run started: Sat Oct  3 06:10:16 IST 2026 ===
[gh-pages 0b11b13] Auto-deploy: 2026-10-03T05:10:16Z
 Date: Tue Sep 15 08:43:09 2026 +0100
 4 files changed, 20212 insertions(+)
 create mode 100644 SwiftScheduleParser.log
 create mode 100644 github-swiftschedule-deploy.log
 create mode 100644 index.html
 create mode 100644 logfile
To github-swiftsched:UCD-HEAP/Swift_Schedule.git
 + 80e492f...0b11b13 gh-pages -> gh-pages (forced update)
=== Run finished: Sat Oct  3 06:10:18 IST 2026 ===
=== Run started: Sat Oct  3 06:20:17 IST 2026 ===
[gh-pages 29f0654] Auto-deploy: 2026-10-03T05:20:17Z
 Date: Tue Sep 15 08:43:09 2026 +0100
 4 files changed, 20223 insertions(+)
 create mode 100644 SwiftScheduleParser.log
 create mode 100644 github-swiftschedule-deploy.log
 create mode 100644 index.html
 create mode 100644 logfile
To github-swiftsched:UCD-HEAP/Swift_Schedule.git
 + 0b11b13...29f0654 gh-pages -> gh-pages (forced update)
=== Run finished: Sat Oct  3 06:20:19 IST 2026 ===
=== Run started: Sat Oct  3 06:30:17 IST 2026 ===
[gh-pages 2123162] Auto-deploy: 2026-10-03T05:30:17Z
 Date: Tue Sep 15 08:43:09 2026 +0100
 4 files changed, 20234 insertions(+)
 create mode 100644 SwiftScheduleParser.log
 create mode 100644 github-swiftschedule-deploy.log
 create mode 100644 index.html
 create mode 100644 logfile
To github-swiftsched:UCD-HEAP/Swift_Schedule.git
 + 29f0654...2123162 gh-pages -> gh-pages (forced update)
=== Run finished: Sat Oct  3 06:30:18 IST 2026 ===
=== Run started: Sat Oct  3 06:40:17 IST 2026 ===
[gh-pages 976ce6e] Auto-deploy: 2026-10-03T05:40:17Z
 Date: Tue Sep 15 08:43:09 2026 +0100
 4 files changed, 20245 insertions(+)
 create mode 100644 SwiftScheduleParser.log
 create mode 100644 github-swiftschedule-deploy.log
 create mode 100644 index.html
 create mode 100644 logfile
To github-swiftsched:UCD-HEAP/Swift_Schedule.git
 + 2123162...976ce6e gh-pages -> gh-pages (forced update)
=== Run finished: Sat Oct  3 06:40:19 IST 2026 ===
=== Run started: Sat Oct  3 06:50:15 IST 2026 ===
[gh-pages 5bda7b9] Auto-deploy: 2026-10-03T05:50:15Z
 Date: Tue Sep 15 08:43:09 2026 +0100
 4 files changed, 20256 insertions(+)
 create mode 100644 SwiftScheduleParser.log
 create mode 100644 github-swiftschedule-deploy.log
 create mode 100644 index.html
 create mode 100644 logfile
To github-swiftsched:UCD-HEAP/Swift_Schedule.git
 + 976ce6e...5bda7b9 gh-pages -> gh-pages (forced update)
=== Run finished: Sat Oct  3 06:50:17 IST 2026 ===
=== Run started: Sat Oct  3 07:00:17 IST 2026 ===
[gh-pages 2bff00b] Auto-deploy: 2026-10-03T06:00:17Z
 Date: Tue Sep 15 08:43:09 2026 +0100
 4 files changed, 20267 insertions(+)
 create mode 100644 SwiftScheduleParser.log
 create mode 100644 github-swiftschedule-deploy.log
 create mode 100644 index.html
 create mode 100644 logfile
To github-swiftsched:UCD-HEAP/Swift_Schedule.git
 + 5bda7b9...2bff00b gh-pages -> gh-pages (forced update)
=== Run finished: Sat Oct  3 07:00:19 IST 2026 ===
=== Run started: Sat Oct  3 07:10:15 IST 2026 ===
[gh-pages eaeb2e2] Auto-deploy: 2026-10-03T06:10:15Z
 Date: Tue Sep 15 08:43:09 2026 +0100
 4 files changed, 20278 insertions(+)
 create mode 100644 SwiftScheduleParser.log
 create mode 100644 github-swiftschedule-deploy.log
 create mode 100644 index.html
 create mode 100644 logfile
To github-swiftsched:UCD-HEAP/Swift_Schedule.git
 + 2bff00b...eaeb2e2 gh-pages -> gh-pages (forced update)
=== Run finished: Sat Oct  3 07:10:16 IST 2026 ===
=== Run started: Sat Oct  3 07:20:16 IST 2026 ===
[gh-pages 892d4a3] Auto-deploy: 2026-10-03T06:20:16Z
 Date: Tue Sep 15 08:43:09 2026 +0100
 4 files changed, 20289 insertions(+)
 create mode 100644 SwiftScheduleParser.log
 create mode 100644 github-swiftschedule-deploy.log
 create mode 100644 index.html
 create mode 100644 logfile
To github-swiftsched:UCD-HEAP/Swift_Schedule.git
 + eaeb2e2...892d4a3 gh-pages -> gh-pages (forced update)
=== Run finished: Sat Oct  3 07:20:18 IST 2026 ===
=== Run started: Sat Oct  3 07:30:17 IST 2026 ===
[gh-pages c81c181] Auto-deploy: 2026-10-03T06:30:17Z
 Date: Tue Sep 15 08:43:09 2026 +0100
 4 files changed, 20300 insertions(+)
 create mode 100644 SwiftScheduleParser.log
 create mode 100644 github-swiftschedule-deploy.log
 create mode 100644 index.html
 create mode 100644 logfile
To github-swiftsched:UCD-HEAP/Swift_Schedule.git
 + 892d4a3...c81c181 gh-pages -> gh-pages (forced update)
=== Run finished: Sat Oct  3 07:30:19 IST 2026 ===
=== Run started: Sat Oct  3 07:40:15 IST 2026 ===
[gh-pages 27cbe4b] Auto-deploy: 2026-10-03T06:40:15Z
 Date: Tue Sep 15 08:43:09 2026 +0100
 4 files changed, 20311 insertions(+)
 create mode 100644 SwiftScheduleParser.log
 create mode 100644 github-swiftschedule-deploy.log
 create mode 100644 index.html
 create mode 100644 logfile
To github-swiftsched:UCD-HEAP/Swift_Schedule.git
 + c81c181...27cbe4b gh-pages -> gh-pages (forced update)
=== Run finished: Sat Oct  3 07:40:17 IST 2026 ===
=== Run started: Sat Oct  3 07:50:18 IST 2026 ===
[gh-pages a213dcb] Auto-deploy: 2026-10-03T06:50:18Z
 Date: Tue Sep 15 08:43:09 2026 +0100
 4 files changed, 20322 insertions(+)
 create mode 100644 SwiftScheduleParser.log
 create mode 100644 github-swiftschedule-deploy.log
 create mode 100644 index.html
 create mode 100644 logfile
To github-swiftsched:UCD-HEAP/Swift_Schedule.git
 + 27cbe4b...a213dcb gh-pages -> gh-pages (forced update)
=== Run finished: Sat Oct  3 07:50:19 IST 2026 ===
=== Run started: Sat Oct  3 08:00:15 IST 2026 ===
[gh-pages e9c1bc8] Auto-deploy: 2026-10-03T07:00:15Z
 Date: Tue Sep 15 08:43:09 2026 +0100
 4 files changed, 20333 insertions(+)
 create mode 100644 SwiftScheduleParser.log
 create mode 100644 github-swiftschedule-deploy.log
 create mode 100644 index.html
 create mode 100644 logfile
To github-swiftsched:UCD-HEAP/Swift_Schedule.git
 + a213dcb...e9c1bc8 gh-pages -> gh-pages (forced update)
=== Run finished: Sat Oct  3 08:00:16 IST 2026 ===
=== Run started: Sat Oct  3 08:10:17 IST 2026 ===
[gh-pages b17f2bf] Auto-deploy: 2026-10-03T07:10:17Z
 Date: Tue Sep 15 08:43:09 2026 +0100
 4 files changed, 20344 insertions(+)
 create mode 100644 SwiftScheduleParser.log
 create mode 100644 github-swiftschedule-deploy.log
 create mode 100644 index.html
 create mode 100644 logfile
To github-swiftsched:UCD-HEAP/Swift_Schedule.git
 + e9c1bc8...b17f2bf gh-pages -> gh-pages (forced update)
=== Run finished: Sat Oct  3 08:10:19 IST 2026 ===
=== Run started: Sat Oct  3 08:20:18 IST 2026 ===
[gh-pages 6feb0c5] Auto-deploy: 2026-10-03T07:20:18Z
 Date: Tue Sep 15 08:43:09 2026 +0100
 4 files changed, 20355 insertions(+)
 create mode 100644 SwiftScheduleParser.log
 create mode 100644 github-swiftschedule-deploy.log
 create mode 100644 index.html
 create mode 100644 logfile
To github-swiftsched:UCD-HEAP/Swift_Schedule.git
 + b17f2bf...6feb0c5 gh-pages -> gh-pages (forced update)
=== Run finished: Sat Oct  3 08:20:20 IST 2026 ===
=== Run started: Sat Oct  3 08:30:17 IST 2026 ===
[gh-pages c2da368] Auto-deploy: 2026-10-03T07:30:17Z
 Date: Tue Sep 15 08:43:09 2026 +0100
 4 files changed, 20366 insertions(+)
 create mode 100644 SwiftScheduleParser.log
 create mode 100644 github-swiftschedule-deploy.log
 create mode 100644 index.html
 create mode 100644 logfile
To github-swiftsched:UCD-HEAP/Swift_Schedule.git
 + 6feb0c5...c2da368 gh-pages -> gh-pages (forced update)
=== Run finished: Sat Oct  3 08:30:19 IST 2026 ===
=== Run started: Sat Oct  3 08:40:16 IST 2026 ===
[gh-pages 82e50c4] Auto-deploy: 2026-10-03T07:40:16Z
 Date: Tue Sep 15 08:43:09 2026 +0100
 4 files changed, 20377 insertions(+)
 create mode 100644 SwiftScheduleParser.log
 create mode 100644 github-swiftschedule-deploy.log
 create mode 100644 index.html
 create mode 100644 logfile
To github-swiftsched:UCD-HEAP/Swift_Schedule.git
 + c2da368...82e50c4 gh-pages -> gh-pages (forced update)
=== Run finished: Sat Oct  3 08:40:18 IST 2026 ===
=== Run started: Sat Oct  3 08:50:17 IST 2026 ===
[gh-pages 89a29df] Auto-deploy: 2026-10-03T07:50:17Z
 Date: Tue Sep 15 08:43:09 2026 +0100
 4 files changed, 20388 insertions(+)
 create mode 100644 SwiftScheduleParser.log
 create mode 100644 github-swiftschedule-deploy.log
 create mode 100644 index.html
 create mode 100644 logfile
To github-swiftsched:UCD-HEAP/Swift_Schedule.git
 + 82e50c4...89a29df gh-pages -> gh-pages (forced update)
=== Run finished: Sat Oct  3 08:50:19 IST 2026 ===
=== Run started: Sat Oct  3 09:00:15 IST 2026 ===
[gh-pages 419ada9] Auto-deploy: 2026-10-03T08:00:15Z
 Date: Tue Sep 15 08:43:09 2026 +0100
 4 files changed, 20399 insertions(+)
 create mode 100644 SwiftScheduleParser.log
 create mode 100644 github-swiftschedule-deploy.log
 create mode 100644 index.html
 create mode 100644 logfile
To github-swiftsched:UCD-HEAP/Swift_Schedule.git
 + 89a29df...419ada9 gh-pages -> gh-pages (forced update)
=== Run finished: Sat Oct  3 09:00:16 IST 2026 ===
=== Run started: Sat Oct  3 09:10:19 IST 2026 ===
[gh-pages e1e83ba] Auto-deploy: 2026-10-03T08:10:19Z
 Date: Tue Sep 15 08:43:09 2026 +0100
 4 files changed, 20410 insertions(+)
 create mode 100644 SwiftScheduleParser.log
 create mode 100644 github-swiftschedule-deploy.log
 create mode 100644 index.html
 create mode 100644 logfile
To github-swiftsched:UCD-HEAP/Swift_Schedule.git
 + 419ada9...e1e83ba gh-pages -> gh-pages (forced update)
=== Run finished: Sat Oct  3 09:10:20 IST 2026 ===
=== Run started: Sat Oct  3 09:20:15 IST 2026 ===
[gh-pages 8d77d79] Auto-deploy: 2026-10-03T08:20:15Z
 Date: Tue Sep 15 08:43:09 2026 +0100
 4 files changed, 20421 insertions(+)
 create mode 100644 SwiftScheduleParser.log
 create mode 100644 github-swiftschedule-deploy.log
 create mode 100644 index.html
 create mode 100644 logfile
To github-swiftsched:UCD-HEAP/Swift_Schedule.git
 + e1e83ba...8d77d79 gh-pages -> gh-pages (forced update)
=== Run finished: Sat Oct  3 09:20:17 IST 2026 ===
=== Run started: Sat Oct  3 09:30:17 IST 2026 ===
[gh-pages 2407f2c] Auto-deploy: 2026-10-03T08:30:17Z
 Date: Tue Sep 15 08:43:09 2026 +0100
 4 files changed, 20432 insertions(+)
 create mode 100644 SwiftScheduleParser.log
 create mode 100644 github-swiftschedule-deploy.log
 create mode 100644 index.html
 create mode 100644 logfile
To github-swiftsched:UCD-HEAP/Swift_Schedule.git
 + 8d77d79...2407f2c gh-pages -> gh-pages (forced update)
=== Run finished: Sat Oct  3 09:30:19 IST 2026 ===
=== Run started: Sat Oct  3 09:40:16 IST 2026 ===
[gh-pages 580cd5a] Auto-deploy: 2026-10-03T08:40:16Z
 Date: Tue Sep 15 08:43:09 2026 +0100
 4 files changed, 20443 insertions(+)
 create mode 100644 SwiftScheduleParser.log
 create mode 100644 github-swiftschedule-deploy.log
 create mode 100644 index.html
 create mode 100644 logfile
To github-swiftsched:UCD-HEAP/Swift_Schedule.git
 + 2407f2c...580cd5a gh-pages -> gh-pages (forced update)
=== Run finished: Sat Oct  3 09:40:17 IST 2026 ===
=== Run started: Sat Oct  3 09:50:16 IST 2026 ===
[gh-pages e601cc1] Auto-deploy: 2026-10-03T08:50:16Z
 Date: Tue Sep 15 08:43:09 2026 +0100
 4 files changed, 20454 insertions(+)
 create mode 100644 SwiftScheduleParser.log
 create mode 100644 github-swiftschedule-deploy.log
 create mode 100644 index.html
 create mode 100644 logfile
To github-swiftsched:UCD-HEAP/Swift_Schedule.git
 + 580cd5a...e601cc1 gh-pages -> gh-pages (forced update)
=== Run finished: Sat Oct  3 09:50:18 IST 2026 ===
=== Run started: Sat Oct  3 10:00:17 IST 2026 ===
[gh-pages 0e5ea6e] Auto-deploy: 2026-10-03T09:00:17Z
 Date: Tue Sep 15 08:43:09 2026 +0100
 4 files changed, 20465 insertions(+)
 create mode 100644 SwiftScheduleParser.log
 create mode 100644 github-swiftschedule-deploy.log
 create mode 100644 index.html
 create mode 100644 logfile
To github-swiftsched:UCD-HEAP/Swift_Schedule.git
 + e601cc1...0e5ea6e gh-pages -> gh-pages (forced update)
=== Run finished: Sat Oct  3 10:00:19 IST 2026 ===
=== Run started: Sat Oct  3 10:10:15 IST 2026 ===
[gh-pages d59dc68] Auto-deploy: 2026-10-03T09:10:15Z
 Date: Tue Sep 15 08:43:09 2026 +0100
 4 files changed, 20476 insertions(+)
 create mode 100644 SwiftScheduleParser.log
 create mode 100644 github-swiftschedule-deploy.log
 create mode 100644 index.html
 create mode 100644 logfile
To github-swiftsched:UCD-HEAP/Swift_Schedule.git
 + 0e5ea6e...d59dc68 gh-pages -> gh-pages (forced update)
=== Run finished: Sat Oct  3 10:10:17 IST 2026 ===
=== Run started: Sat Oct  3 10:20:16 IST 2026 ===
[gh-pages 5e2541c] Auto-deploy: 2026-10-03T09:20:16Z
 Date: Tue Sep 15 08:43:09 2026 +0100
 4 files changed, 20487 insertions(+)
 create mode 100644 SwiftScheduleParser.log
 create mode 100644 github-swiftschedule-deploy.log
 create mode 100644 index.html
 create mode 100644 logfile
To github-swiftsched:UCD-HEAP/Swift_Schedule.git
 + d59dc68...5e2541c gh-pages -> gh-pages (forced update)
=== Run finished: Sat Oct  3 10:20:18 IST 2026 ===
=== Run started: Sat Oct  3 10:30:18 IST 2026 ===
[gh-pages 86d27ef] Auto-deploy: 2026-10-03T09:30:18Z
 Date: Tue Sep 15 08:43:09 2026 +0100
 4 files changed, 20498 insertions(+)
 create mode 100644 SwiftScheduleParser.log
 create mode 100644 github-swiftschedule-deploy.log
 create mode 100644 index.html
 create mode 100644 logfile
To github-swiftsched:UCD-HEAP/Swift_Schedule.git
 + 5e2541c...86d27ef gh-pages -> gh-pages (forced update)
=== Run finished: Sat Oct  3 10:30:19 IST 2026 ===
=== Run started: Sat Oct  3 10:40:15 IST 2026 ===
[gh-pages 80e79e6] Auto-deploy: 2026-10-03T09:40:15Z
 Date: Tue Sep 15 08:43:09 2026 +0100
 4 files changed, 20509 insertions(+)
 create mode 100644 SwiftScheduleParser.log
 create mode 100644 github-swiftschedule-deploy.log
 create mode 100644 index.html
 create mode 100644 logfile
To github-swiftsched:UCD-HEAP/Swift_Schedule.git
 + 86d27ef...80e79e6 gh-pages -> gh-pages (forced update)
=== Run finished: Sat Oct  3 10:40:17 IST 2026 ===
=== Run started: Sat Oct  3 10:50:17 IST 2026 ===
[gh-pages 617ebea] Auto-deploy: 2026-10-03T09:50:18Z
 Date: Tue Sep 15 08:43:09 2026 +0100
 4 files changed, 20520 insertions(+)
 create mode 100644 SwiftScheduleParser.log
 create mode 100644 github-swiftschedule-deploy.log
 create mode 100644 index.html
 create mode 100644 logfile
To github-swiftsched:UCD-HEAP/Swift_Schedule.git
 + 80e79e6...617ebea gh-pages -> gh-pages (forced update)
=== Run finished: Sat Oct  3 10:50:19 IST 2026 ===
=== Run started: Sat Oct  3 11:00:18 IST 2026 ===
[gh-pages 13af8bd] Auto-deploy: 2026-10-03T10:00:18Z
 Date: Tue Sep 15 08:43:09 2026 +0100
 4 files changed, 20531 insertions(+)
 create mode 100644 SwiftScheduleParser.log
 create mode 100644 github-swiftschedule-deploy.log
 create mode 100644 index.html
 create mode 100644 logfile
To github-swiftsched:UCD-HEAP/Swift_Schedule.git
 + 617ebea...13af8bd gh-pages -> gh-pages (forced update)
=== Run finished: Sat Oct  3 11:00:20 IST 2026 ===
=== Run started: Sat Oct  3 11:10:15 IST 2026 ===
[gh-pages a206df2] Auto-deploy: 2026-10-03T10:10:15Z
 Date: Tue Sep 15 08:43:09 2026 +0100
 4 files changed, 20542 insertions(+)
 create mode 100644 SwiftScheduleParser.log
 create mode 100644 github-swiftschedule-deploy.log
 create mode 100644 index.html
 create mode 100644 logfile
To github-swiftsched:UCD-HEAP/Swift_Schedule.git
 + 13af8bd...a206df2 gh-pages -> gh-pages (forced update)
=== Run finished: Sat Oct  3 11:10:17 IST 2026 ===
=== Run started: Sat Oct  3 11:20:17 IST 2026 ===
[gh-pages 9785379] Auto-deploy: 2026-10-03T10:20:17Z
 Date: Tue Sep 15 08:43:09 2026 +0100
 4 files changed, 20553 insertions(+)
 create mode 100644 SwiftScheduleParser.log
 create mode 100644 github-swiftschedule-deploy.log
 create mode 100644 index.html
 create mode 100644 logfile
To github-swiftsched:UCD-HEAP/Swift_Schedule.git
 + a206df2...9785379 gh-pages -> gh-pages (forced update)
=== Run finished: Sat Oct  3 11:20:19 IST 2026 ===
=== Run started: Sat Oct  3 11:30:16 IST 2026 ===
[gh-pages c7f939d] Auto-deploy: 2026-10-03T10:30:16Z
 Date: Tue Sep 15 08:43:09 2026 +0100
 4 files changed, 20564 insertions(+)
 create mode 100644 SwiftScheduleParser.log
 create mode 100644 github-swiftschedule-deploy.log
 create mode 100644 index.html
 create mode 100644 logfile
To github-swiftsched:UCD-HEAP/Swift_Schedule.git
 + 9785379...c7f939d gh-pages -> gh-pages (forced update)
=== Run finished: Sat Oct  3 11:30:18 IST 2026 ===
=== Run started: Sat Oct  3 11:40:16 IST 2026 ===
[gh-pages a28d572] Auto-deploy: 2026-10-03T10:40:16Z
 Date: Tue Sep 15 08:43:09 2026 +0100
 4 files changed, 20575 insertions(+)
 create mode 100644 SwiftScheduleParser.log
 create mode 100644 github-swiftschedule-deploy.log
 create mode 100644 index.html
 create mode 100644 logfile
To github-swiftsched:UCD-HEAP/Swift_Schedule.git
 + c7f939d...a28d572 gh-pages -> gh-pages (forced update)
=== Run finished: Sat Oct  3 11:40:17 IST 2026 ===
=== Run started: Sat Oct  3 11:50:17 IST 2026 ===
[gh-pages d2c9f40] Auto-deploy: 2026-10-03T10:50:17Z
 Date: Tue Sep 15 08:43:09 2026 +0100
 4 files changed, 20586 insertions(+)
 create mode 100644 SwiftScheduleParser.log
 create mode 100644 github-swiftschedule-deploy.log
 create mode 100644 index.html
 create mode 100644 logfile
To github-swiftsched:UCD-HEAP/Swift_Schedule.git
 + a28d572...d2c9f40 gh-pages -> gh-pages (forced update)
=== Run finished: Sat Oct  3 11:50:19 IST 2026 ===
=== Run started: Sat Oct  3 12:00:18 IST 2026 ===
[gh-pages 051a2a0] Auto-deploy: 2026-10-03T11:00:18Z
 Date: Tue Sep 15 08:43:09 2026 +0100
 4 files changed, 20597 insertions(+)
 create mode 100644 SwiftScheduleParser.log
 create mode 100644 github-swiftschedule-deploy.log
 create mode 100644 index.html
 create mode 100644 logfile
To github-swiftsched:UCD-HEAP/Swift_Schedule.git
 + d2c9f40...051a2a0 gh-pages -> gh-pages (forced update)
=== Run finished: Sat Oct  3 12:00:20 IST 2026 ===
=== Run started: Sat Oct  3 12:10:15 IST 2026 ===
[gh-pages 607aa0d] Auto-deploy: 2026-10-03T11:10:15Z
 Date: Tue Sep 15 08:43:09 2026 +0100
 4 files changed, 20608 insertions(+)
 create mode 100644 SwiftScheduleParser.log
 create mode 100644 github-swiftschedule-deploy.log
 create mode 100644 index.html
 create mode 100644 logfile
To github-swiftsched:UCD-HEAP/Swift_Schedule.git
 + 051a2a0...607aa0d gh-pages -> gh-pages (forced update)
=== Run finished: Sat Oct  3 12:10:17 IST 2026 ===
=== Run started: Sat Oct  3 12:20:17 IST 2026 ===
[gh-pages 72fc809] Auto-deploy: 2026-10-03T11:20:17Z
 Date: Tue Sep 15 08:43:09 2026 +0100
 4 files changed, 20619 insertions(+)
 create mode 100644 SwiftScheduleParser.log
 create mode 100644 github-swiftschedule-deploy.log
 create mode 100644 index.html
 create mode 100644 logfile
To github-swiftsched:UCD-HEAP/Swift_Schedule.git
 + 607aa0d...72fc809 gh-pages -> gh-pages (forced update)
=== Run finished: Sat Oct  3 12:20:18 IST 2026 ===
=== Run started: Sat Oct  3 12:30:18 IST 2026 ===
[gh-pages b8a961b] Auto-deploy: 2026-10-03T11:30:18Z
 Date: Tue Sep 15 08:43:09 2026 +0100
 4 files changed, 20630 insertions(+)
 create mode 100644 SwiftScheduleParser.log
 create mode 100644 github-swiftschedule-deploy.log
 create mode 100644 index.html
 create mode 100644 logfile
To github-swiftsched:UCD-HEAP/Swift_Schedule.git
 + 72fc809...b8a961b gh-pages -> gh-pages (forced update)
=== Run finished: Sat Oct  3 12:30:19 IST 2026 ===
=== Run started: Sat Oct  3 12:40:18 IST 2026 ===
[gh-pages 97c7a72] Auto-deploy: 2026-10-03T11:40:18Z
 Date: Tue Sep 15 08:43:09 2026 +0100
 4 files changed, 20641 insertions(+)
 create mode 100644 SwiftScheduleParser.log
 create mode 100644 github-swiftschedule-deploy.log
 create mode 100644 index.html
 create mode 100644 logfile
To github-swiftsched:UCD-HEAP/Swift_Schedule.git
 + b8a961b...97c7a72 gh-pages -> gh-pages (forced update)
=== Run finished: Sat Oct  3 12:40:20 IST 2026 ===
=== Run started: Sat Oct  3 12:50:15 IST 2026 ===
[gh-pages c53c5bd] Auto-deploy: 2026-10-03T11:50:15Z
 Date: Tue Sep 15 08:43:09 2026 +0100
 4 files changed, 20652 insertions(+)
 create mode 100644 SwiftScheduleParser.log
 create mode 100644 github-swiftschedule-deploy.log
 create mode 100644 index.html
 create mode 100644 logfile
To github-swiftsched:UCD-HEAP/Swift_Schedule.git
 + 97c7a72...c53c5bd gh-pages -> gh-pages (forced update)
=== Run finished: Sat Oct  3 12:50:16 IST 2026 ===
=== Run started: Sat Oct  3 13:00:17 IST 2026 ===
[gh-pages cf93179] Auto-deploy: 2026-10-03T12:00:17Z
 Date: Tue Sep 15 08:43:09 2026 +0100
 4 files changed, 20663 insertions(+)
 create mode 100644 SwiftScheduleParser.log
 create mode 100644 github-swiftschedule-deploy.log
 create mode 100644 index.html
 create mode 100644 logfile
To github-swiftsched:UCD-HEAP/Swift_Schedule.git
 + c53c5bd...cf93179 gh-pages -> gh-pages (forced update)
=== Run finished: Sat Oct  3 13:00:19 IST 2026 ===
=== Run started: Sat Oct  3 13:10:18 IST 2026 ===
[gh-pages 472e1cf] Auto-deploy: 2026-10-03T12:10:18Z
 Date: Tue Sep 15 08:43:09 2026 +0100
 4 files changed, 20674 insertions(+)
 create mode 100644 SwiftScheduleParser.log
 create mode 100644 github-swiftschedule-deploy.log
 create mode 100644 index.html
 create mode 100644 logfile
To github-swiftsched:UCD-HEAP/Swift_Schedule.git
 + cf93179...472e1cf gh-pages -> gh-pages (forced update)
=== Run finished: Sat Oct  3 13:10:20 IST 2026 ===
=== Run started: Sat Oct  3 13:20:15 IST 2026 ===
[gh-pages 8dbc4ba] Auto-deploy: 2026-10-03T12:20:15Z
 Date: Tue Sep 15 08:43:09 2026 +0100
 4 files changed, 20685 insertions(+)
 create mode 100644 SwiftScheduleParser.log
 create mode 100644 github-swiftschedule-deploy.log
 create mode 100644 index.html
 create mode 100644 logfile
To github-swiftsched:UCD-HEAP/Swift_Schedule.git
 + 472e1cf...8dbc4ba gh-pages -> gh-pages (forced update)
=== Run finished: Sat Oct  3 13:20:17 IST 2026 ===
=== Run started: Sat Oct  3 13:30:17 IST 2026 ===
[gh-pages 22143dd] Auto-deploy: 2026-10-03T12:30:17Z
 Date: Tue Sep 15 08:43:09 2026 +0100
 4 files changed, 20696 insertions(+)
 create mode 100644 SwiftScheduleParser.log
 create mode 100644 github-swiftschedule-deploy.log
 create mode 100644 index.html
 create mode 100644 logfile
To github-swiftsched:UCD-HEAP/Swift_Schedule.git
 + 8dbc4ba...22143dd gh-pages -> gh-pages (forced update)
=== Run finished: Sat Oct  3 13:30:19 IST 2026 ===
=== Run started: Sat Oct  3 13:40:18 IST 2026 ===
[gh-pages e17359b] Auto-deploy: 2026-10-03T12:40:18Z
 Date: Tue Sep 15 08:43:09 2026 +0100
 4 files changed, 20707 insertions(+)
 create mode 100644 SwiftScheduleParser.log
 create mode 100644 github-swiftschedule-deploy.log
 create mode 100644 index.html
 create mode 100644 logfile
To github-swiftsched:UCD-HEAP/Swift_Schedule.git
 + 22143dd...e17359b gh-pages -> gh-pages (forced update)
=== Run finished: Sat Oct  3 13:40:19 IST 2026 ===
=== Run started: Sat Oct  3 13:50:18 IST 2026 ===
[gh-pages 022bca1] Auto-deploy: 2026-10-03T12:50:18Z
 Date: Tue Sep 15 08:43:09 2026 +0100
 4 files changed, 20718 insertions(+)
 create mode 100644 SwiftScheduleParser.log
 create mode 100644 github-swiftschedule-deploy.log
 create mode 100644 index.html
 create mode 100644 logfile
To github-swiftsched:UCD-HEAP/Swift_Schedule.git
 + e17359b...022bca1 gh-pages -> gh-pages (forced update)
=== Run finished: Sat Oct  3 13:50:20 IST 2026 ===
=== Run started: Sat Oct  3 14:00:15 IST 2026 ===
[gh-pages 904ce8f] Auto-deploy: 2026-10-03T13:00:15Z
 Date: Tue Sep 15 08:43:09 2026 +0100
 4 files changed, 20729 insertions(+)
 create mode 100644 SwiftScheduleParser.log
 create mode 100644 github-swiftschedule-deploy.log
 create mode 100644 index.html
 create mode 100644 logfile
To github-swiftsched:UCD-HEAP/Swift_Schedule.git
 + 022bca1...904ce8f gh-pages -> gh-pages (forced update)
=== Run finished: Sat Oct  3 14:00:17 IST 2026 ===
=== Run started: Sat Oct  3 14:10:17 IST 2026 ===
[gh-pages c7ea445] Auto-deploy: 2026-10-03T13:10:17Z
 Date: Tue Sep 15 08:43:09 2026 +0100
 4 files changed, 20740 insertions(+)
 create mode 100644 SwiftScheduleParser.log
 create mode 100644 github-swiftschedule-deploy.log
 create mode 100644 index.html
 create mode 100644 logfile
To github-swiftsched:UCD-HEAP/Swift_Schedule.git
 + 904ce8f...c7ea445 gh-pages -> gh-pages (forced update)
=== Run finished: Sat Oct  3 14:10:19 IST 2026 ===
=== Run started: Sat Oct  3 14:20:19 IST 2026 ===
[gh-pages 83e71bc] Auto-deploy: 2026-10-03T13:20:19Z
 Date: Tue Sep 15 08:43:09 2026 +0100
 4 files changed, 20751 insertions(+)
 create mode 100644 SwiftScheduleParser.log
 create mode 100644 github-swiftschedule-deploy.log
 create mode 100644 index.html
 create mode 100644 logfile
To github-swiftsched:UCD-HEAP/Swift_Schedule.git
 + c7ea445...83e71bc gh-pages -> gh-pages (forced update)
=== Run finished: Sat Oct  3 14:20:21 IST 2026 ===
=== Run started: Sat Oct  3 14:30:15 IST 2026 ===
[gh-pages b9b3bfd] Auto-deploy: 2026-10-03T13:30:15Z
 Date: Tue Sep 15 08:43:09 2026 +0100
 4 files changed, 20762 insertions(+)
 create mode 100644 SwiftScheduleParser.log
 create mode 100644 github-swiftschedule-deploy.log
 create mode 100644 index.html
 create mode 100644 logfile
To github-swiftsched:UCD-HEAP/Swift_Schedule.git
 + 83e71bc...b9b3bfd gh-pages -> gh-pages (forced update)
=== Run finished: Sat Oct  3 14:30:16 IST 2026 ===
=== Run started: Sat Oct  3 14:40:18 IST 2026 ===
[gh-pages d108c19] Auto-deploy: 2026-10-03T13:40:18Z
 Date: Tue Sep 15 08:43:09 2026 +0100
 4 files changed, 20773 insertions(+)
 create mode 100644 SwiftScheduleParser.log
 create mode 100644 github-swiftschedule-deploy.log
 create mode 100644 index.html
 create mode 100644 logfile
To github-swiftsched:UCD-HEAP/Swift_Schedule.git
 + b9b3bfd...d108c19 gh-pages -> gh-pages (forced update)
=== Run finished: Sat Oct  3 14:40:20 IST 2026 ===
=== Run started: Sat Oct  3 14:50:16 IST 2026 ===
[gh-pages 56d1340] Auto-deploy: 2026-10-03T13:50:16Z
 Date: Tue Sep 15 08:43:09 2026 +0100
 4 files changed, 20784 insertions(+)
 create mode 100644 SwiftScheduleParser.log
 create mode 100644 github-swiftschedule-deploy.log
 create mode 100644 index.html
 create mode 100644 logfile
To github-swiftsched:UCD-HEAP/Swift_Schedule.git
 + d108c19...56d1340 gh-pages -> gh-pages (forced update)
=== Run finished: Sat Oct  3 14:50:17 IST 2026 ===
=== Run started: Sat Oct  3 15:00:18 IST 2026 ===
[gh-pages b9c7ec7] Auto-deploy: 2026-10-03T14:00:18Z
 Date: Tue Sep 15 08:43:09 2026 +0100
 4 files changed, 20795 insertions(+)
 create mode 100644 SwiftScheduleParser.log
 create mode 100644 github-swiftschedule-deploy.log
 create mode 100644 index.html
 create mode 100644 logfile
To github-swiftsched:UCD-HEAP/Swift_Schedule.git
 + 56d1340...b9c7ec7 gh-pages -> gh-pages (forced update)
=== Run finished: Sat Oct  3 15:00:20 IST 2026 ===
=== Run started: Sat Oct  3 15:10:15 IST 2026 ===
[gh-pages 1784f56] Auto-deploy: 2026-10-03T14:10:15Z
 Date: Tue Sep 15 08:43:09 2026 +0100
 4 files changed, 20806 insertions(+)
 create mode 100644 SwiftScheduleParser.log
 create mode 100644 github-swiftschedule-deploy.log
 create mode 100644 index.html
 create mode 100644 logfile
To github-swiftsched:UCD-HEAP/Swift_Schedule.git
 + b9c7ec7...1784f56 gh-pages -> gh-pages (forced update)
=== Run finished: Sat Oct  3 15:10:16 IST 2026 ===
=== Run started: Sat Oct  3 15:20:17 IST 2026 ===
[gh-pages 5a713a7] Auto-deploy: 2026-10-03T14:20:17Z
 Date: Tue Sep 15 08:43:09 2026 +0100
 4 files changed, 20817 insertions(+)
 create mode 100644 SwiftScheduleParser.log
 create mode 100644 github-swiftschedule-deploy.log
 create mode 100644 index.html
 create mode 100644 logfile
To github-swiftsched:UCD-HEAP/Swift_Schedule.git
 + 1784f56...5a713a7 gh-pages -> gh-pages (forced update)
=== Run finished: Sat Oct  3 15:20:19 IST 2026 ===
=== Run started: Sat Oct  3 15:30:18 IST 2026 ===
[gh-pages 0360885] Auto-deploy: 2026-10-03T14:30:18Z
 Date: Tue Sep 15 08:43:09 2026 +0100
 4 files changed, 20828 insertions(+)
 create mode 100644 SwiftScheduleParser.log
 create mode 100644 github-swiftschedule-deploy.log
 create mode 100644 index.html
 create mode 100644 logfile
To github-swiftsched:UCD-HEAP/Swift_Schedule.git
 + 5a713a7...0360885 gh-pages -> gh-pages (forced update)
=== Run finished: Sat Oct  3 15:30:19 IST 2026 ===
=== Run started: Sat Oct  3 15:40:15 IST 2026 ===
[gh-pages 3d10e95] Auto-deploy: 2026-10-03T14:40:15Z
 Date: Tue Sep 15 08:43:09 2026 +0100
 4 files changed, 20839 insertions(+)
 create mode 100644 SwiftScheduleParser.log
 create mode 100644 github-swiftschedule-deploy.log
 create mode 100644 index.html
 create mode 100644 logfile
To github-swiftsched:UCD-HEAP/Swift_Schedule.git
 + 0360885...3d10e95 gh-pages -> gh-pages (forced update)
=== Run finished: Sat Oct  3 15:40:17 IST 2026 ===
=== Run started: Sat Oct  3 15:50:17 IST 2026 ===
[gh-pages e42a799] Auto-deploy: 2026-10-03T14:50:17Z
 Date: Tue Sep 15 08:43:09 2026 +0100
 4 files changed, 20850 insertions(+)
 create mode 100644 SwiftScheduleParser.log
 create mode 100644 github-swiftschedule-deploy.log
 create mode 100644 index.html
 create mode 100644 logfile
To github-swiftsched:UCD-HEAP/Swift_Schedule.git
 + 3d10e95...e42a799 gh-pages -> gh-pages (forced update)
=== Run finished: Sat Oct  3 15:50:19 IST 2026 ===
=== Run started: Sat Oct  3 16:00:15 IST 2026 ===
[gh-pages c48cdbf] Auto-deploy: 2026-10-03T15:00:15Z
 Date: Tue Sep 15 08:43:09 2026 +0100
 4 files changed, 20861 insertions(+)
 create mode 100644 SwiftScheduleParser.log
 create mode 100644 github-swiftschedule-deploy.log
 create mode 100644 index.html
 create mode 100644 logfile
To github-swiftsched:UCD-HEAP/Swift_Schedule.git
 + e42a799...c48cdbf gh-pages -> gh-pages (forced update)
=== Run finished: Sat Oct  3 16:00:17 IST 2026 ===
=== Run started: Sat Oct  3 16:10:17 IST 2026 ===
[gh-pages 77797e6] Auto-deploy: 2026-10-03T15:10:17Z
 Date: Tue Sep 15 08:43:09 2026 +0100
 4 files changed, 20872 insertions(+)
 create mode 100644 SwiftScheduleParser.log
 create mode 100644 github-swiftschedule-deploy.log
 create mode 100644 index.html
 create mode 100644 logfile
To github-swiftsched:UCD-HEAP/Swift_Schedule.git
 + c48cdbf...77797e6 gh-pages -> gh-pages (forced update)
=== Run finished: Sat Oct  3 16:10:19 IST 2026 ===
=== Run started: Sat Oct  3 16:20:17 IST 2026 ===
[gh-pages 7e40225] Auto-deploy: 2026-10-03T15:20:17Z
 Date: Tue Sep 15 08:43:09 2026 +0100
 4 files changed, 20883 insertions(+)
 create mode 100644 SwiftScheduleParser.log
 create mode 100644 github-swiftschedule-deploy.log
 create mode 100644 index.html
 create mode 100644 logfile
To github-swiftsched:UCD-HEAP/Swift_Schedule.git
 + 77797e6...7e40225 gh-pages -> gh-pages (forced update)
=== Run finished: Sat Oct  3 16:20:19 IST 2026 ===
=== Run started: Sat Oct  3 16:30:15 IST 2026 ===
[gh-pages 853428f] Auto-deploy: 2026-10-03T15:30:15Z
 Date: Tue Sep 15 08:43:09 2026 +0100
 4 files changed, 20894 insertions(+)
 create mode 100644 SwiftScheduleParser.log
 create mode 100644 github-swiftschedule-deploy.log
 create mode 100644 index.html
 create mode 100644 logfile
To github-swiftsched:UCD-HEAP/Swift_Schedule.git
 + 7e40225...853428f gh-pages -> gh-pages (forced update)
=== Run finished: Sat Oct  3 16:30:17 IST 2026 ===
=== Run started: Sat Oct  3 16:40:17 IST 2026 ===
[gh-pages dd74c1f] Auto-deploy: 2026-10-03T15:40:17Z
 Date: Tue Sep 15 08:43:09 2026 +0100
 4 files changed, 20905 insertions(+)
 create mode 100644 SwiftScheduleParser.log
 create mode 100644 github-swiftschedule-deploy.log
 create mode 100644 index.html
 create mode 100644 logfile
To github-swiftsched:UCD-HEAP/Swift_Schedule.git
 + 853428f...dd74c1f gh-pages -> gh-pages (forced update)
=== Run finished: Sat Oct  3 16:40:19 IST 2026 ===
=== Run started: Sat Oct  3 16:50:18 IST 2026 ===
[gh-pages cbded6b] Auto-deploy: 2026-10-03T15:50:18Z
 Date: Tue Sep 15 08:43:09 2026 +0100
 4 files changed, 20916 insertions(+)
 create mode 100644 SwiftScheduleParser.log
 create mode 100644 github-swiftschedule-deploy.log
 create mode 100644 index.html
 create mode 100644 logfile
To github-swiftsched:UCD-HEAP/Swift_Schedule.git
 + dd74c1f...cbded6b gh-pages -> gh-pages (forced update)
=== Run finished: Sat Oct  3 16:50:19 IST 2026 ===
=== Run started: Sat Oct  3 17:00:15 IST 2026 ===
[gh-pages 1fb450c] Auto-deploy: 2026-10-03T16:00:15Z
 Date: Tue Sep 15 08:43:09 2026 +0100
 4 files changed, 20927 insertions(+)
 create mode 100644 SwiftScheduleParser.log
 create mode 100644 github-swiftschedule-deploy.log
 create mode 100644 index.html
 create mode 100644 logfile
To github-swiftsched:UCD-HEAP/Swift_Schedule.git
 + cbded6b...1fb450c gh-pages -> gh-pages (forced update)
=== Run finished: Sat Oct  3 17:00:17 IST 2026 ===
=== Run started: Sat Oct  3 17:10:17 IST 2026 ===
[gh-pages 6e11563] Auto-deploy: 2026-10-03T16:10:17Z
 Date: Tue Sep 15 08:43:09 2026 +0100
 4 files changed, 20938 insertions(+)
 create mode 100644 SwiftScheduleParser.log
 create mode 100644 github-swiftschedule-deploy.log
 create mode 100644 index.html
 create mode 100644 logfile
To github-swiftsched:UCD-HEAP/Swift_Schedule.git
 + 1fb450c...6e11563 gh-pages -> gh-pages (forced update)
=== Run finished: Sat Oct  3 17:10:18 IST 2026 ===
=== Run started: Sat Oct  3 17:20:18 IST 2026 ===
[gh-pages feaac13] Auto-deploy: 2026-10-03T16:20:18Z
 Date: Tue Sep 15 08:43:09 2026 +0100
 4 files changed, 20949 insertions(+)
 create mode 100644 SwiftScheduleParser.log
 create mode 100644 github-swiftschedule-deploy.log
 create mode 100644 index.html
 create mode 100644 logfile
To github-swiftsched:UCD-HEAP/Swift_Schedule.git
 + 6e11563...feaac13 gh-pages -> gh-pages (forced update)
=== Run finished: Sat Oct  3 17:20:20 IST 2026 ===
=== Run started: Sat Oct  3 17:30:15 IST 2026 ===
[gh-pages 27dd76b] Auto-deploy: 2026-10-03T16:30:15Z
 Date: Tue Sep 15 08:43:09 2026 +0100
 4 files changed, 20960 insertions(+)
 create mode 100644 SwiftScheduleParser.log
 create mode 100644 github-swiftschedule-deploy.log
 create mode 100644 index.html
 create mode 100644 logfile
To github-swiftsched:UCD-HEAP/Swift_Schedule.git
 + feaac13...27dd76b gh-pages -> gh-pages (forced update)
=== Run finished: Sat Oct  3 17:30:17 IST 2026 ===
=== Run started: Sat Oct  3 17:40:18 IST 2026 ===
[gh-pages 918f5f9] Auto-deploy: 2026-10-03T16:40:18Z
 Date: Tue Sep 15 08:43:09 2026 +0100
 4 files changed, 20971 insertions(+)
 create mode 100644 SwiftScheduleParser.log
 create mode 100644 github-swiftschedule-deploy.log
 create mode 100644 index.html
 create mode 100644 logfile
To github-swiftsched:UCD-HEAP/Swift_Schedule.git
 + 27dd76b...918f5f9 gh-pages -> gh-pages (forced update)
=== Run finished: Sat Oct  3 17:40:19 IST 2026 ===
=== Run started: Sat Oct  3 17:50:18 IST 2026 ===
[gh-pages 59fbb37] Auto-deploy: 2026-10-03T16:50:18Z
 Date: Tue Sep 15 08:43:09 2026 +0100
 4 files changed, 20982 insertions(+)
 create mode 100644 SwiftScheduleParser.log
 create mode 100644 github-swiftschedule-deploy.log
 create mode 100644 index.html
 create mode 100644 logfile
To github-swiftsched:UCD-HEAP/Swift_Schedule.git
 + 918f5f9...59fbb37 gh-pages -> gh-pages (forced update)
=== Run finished: Sat Oct  3 17:50:20 IST 2026 ===
=== Run started: Sat Oct  3 18:00:15 IST 2026 ===
[gh-pages 8357148] Auto-deploy: 2026-10-03T17:00:15Z
 Date: Tue Sep 15 08:43:09 2026 +0100
 4 files changed, 20993 insertions(+)
 create mode 100644 SwiftScheduleParser.log
 create mode 100644 github-swiftschedule-deploy.log
 create mode 100644 index.html
 create mode 100644 logfile
To github-swiftsched:UCD-HEAP/Swift_Schedule.git
 + 59fbb37...8357148 gh-pages -> gh-pages (forced update)
=== Run finished: Sat Oct  3 18:00:17 IST 2026 ===
=== Run started: Sat Oct  3 18:10:17 IST 2026 ===
[gh-pages 5756bd0] Auto-deploy: 2026-10-03T17:10:17Z
 Date: Tue Sep 15 08:43:09 2026 +0100
 4 files changed, 21004 insertions(+)
 create mode 100644 SwiftScheduleParser.log
 create mode 100644 github-swiftschedule-deploy.log
 create mode 100644 index.html
 create mode 100644 logfile
To github-swiftsched:UCD-HEAP/Swift_Schedule.git
 + 8357148...5756bd0 gh-pages -> gh-pages (forced update)
=== Run finished: Sat Oct  3 18:10:19 IST 2026 ===
=== Run started: Sat Oct  3 18:20:15 IST 2026 ===
[gh-pages c5ac52a] Auto-deploy: 2026-10-03T17:20:15Z
 Date: Tue Sep 15 08:43:09 2026 +0100
 4 files changed, 21015 insertions(+)
 create mode 100644 SwiftScheduleParser.log
 create mode 100644 github-swiftschedule-deploy.log
 create mode 100644 index.html
 create mode 100644 logfile
To github-swiftsched:UCD-HEAP/Swift_Schedule.git
 + 5756bd0...c5ac52a gh-pages -> gh-pages (forced update)
=== Run finished: Sat Oct  3 18:20:17 IST 2026 ===
=== Run started: Sat Oct  3 18:30:17 IST 2026 ===
[gh-pages bc8a832] Auto-deploy: 2026-10-03T17:30:17Z
 Date: Tue Sep 15 08:43:09 2026 +0100
 4 files changed, 21026 insertions(+)
 create mode 100644 SwiftScheduleParser.log
 create mode 100644 github-swiftschedule-deploy.log
 create mode 100644 index.html
 create mode 100644 logfile
To github-swiftsched:UCD-HEAP/Swift_Schedule.git
 + c5ac52a...bc8a832 gh-pages -> gh-pages (forced update)
=== Run finished: Sat Oct  3 18:30:19 IST 2026 ===
=== Run started: Sat Oct  3 18:40:17 IST 2026 ===
